{
  "epochs": [
    1,
    2,
    3,
    4,
    5,
    6,
    7,
    8,
    9,
    10,
    11,
    12,
    13,
    14,
    15,
    16,
    17,
    18,
    19,
    20,
    21,
    22,
    23,
    24,
    25,
    26,
    27,
    28,
    29,
    30,
    31,
    32,
    33,
    34,
    35,
    36,
    37,
    38,
    39,
    40,
    41,
    42,
    43,
    44,
    45,
    46,
    47,
    48
  ],
  "loss": [
    0.5595059941212336,
    0.5241290231545767,
    0.5082827359437943,
    0.5177846451600392,
    0.5208824574947357,
    0.5063712249199549,
    0.4702947586774826,
    0.44470965365568793,
    0.494112213452657,
    0.47321711977322894,
    0.509342963496844,
    0.48453989624977106,
    0.44993667552868527,
    0.48745452860991156,
    0.4750453482071558,
    0.45768241584300995,
    0.45104480783144635,
    0.4635998457670212,
    0.4741550435622533,
    0.4790717264016469,
    0.4775290389855702,
    0.4680802921454112,
    0.46038931608200073,
    0.5106228937705358,
    0.46995748579502106,
    0.4872424751520157,
    0.4794887552658717,
    0.47532694041728973,
    0.4596938490867615,
    0.48591513435045874,
    0.45714484155178065,
    0.4485122462113698,
    0.49097576737403875,
    0.4846797933181127,
    0.46530896921952564,
    0.4592359016338984,
    0.4681585679451624,
    0.46727082133293146,
    0.46521144111951196,
    0.46281441052754724,
    0.4737641264994939,
    0.45911794900894165,
    0.47620341678460437,
    0.4848361512025197,
    0.4800484379132589,
    0.48426889876524604,
    0.4707900881767273,
    0.47194190323352814
  ],
  "data_loss": [
    1.1934109727541606,
    1.160300980011622,
    1.1797256966431935,
    1.215898374716441,
    1.245853861172994,
    1.237706571817398,
    1.1465003291765847,
    1.0829319457213085,
    1.2258516450723012,
    1.1767083903153737,
    1.2685117920239766,
    1.2064628601074219,
    1.1223143736521402,
    1.2160018980503082,
    1.18590181072553,
    1.1423883140087125,
    1.1238830188910167,
    1.156939705212911,
    1.1842427949110665,
    1.1947675148646038,
    1.1920097569624584,
    1.1684259573618572,
    1.1500789523124695,
    1.275041659673055,
    1.1739599307378135,
    1.2173110246658325,
    1.1978091100851695,
    1.1875098447004955,
    1.1485082308451335,
    1.2138984501361847,
    1.1419644951820374,
    1.120265911022822,
    1.2262542049090068,
    1.2097169160842896,
    1.1623214185237885,
    1.1468485792477925,
    1.1691756149133046,
    1.1661001344521842,
    1.1616843044757843,
    1.155527114868164,
    1.182856798171997,
    1.1461552878220878,
    1.1878684163093567,
    1.209108571211497,
    1.1962377826372783,
    1.2061531047026315,
    1.1711300512154899,
    1.174176186323166
  ],
  "physics_loss": [
    0.13690267379085225,
    0.10001435565451781,
    0.06065408078332742,
    0.052375457560022674,
    0.03756815909097592,
    0.018814309732988477,
    0.019491011199230947,
    0.01922809200671812,
    0.006285909058836599,
    0.004222891429283967,
    0.0032303983073992035,
    0.003257903037592769,
    0.0016848702410546441,
    0.0017562326587115726,
    0.0011410298126672085,
    0.0012118042989944418,
    0.0024859913246473297,
    0.0013732649482941877,
    0.0007631991757079959,
    0.0019411948451306673,
    0.0012085506508204464,
    0.0011831530913089712,
    0.0005962275220857312,
    0.0010103830378890657,
    0.0006225273731009413,
    0.0005301021398433173,
    0.0006084840909655517,
    0.0005383066648694996,
    0.00048424458994607755,
    0.0005929199930202836,
    0.0005983857408864424,
    0.0006764622958144173,
    0.0007901316882149937,
    0.0013216941685338193,
    0.0006339954076490054,
    0.000827434099240539,
    0.000813826649391558,
    0.0013846027844313842,
    0.0008961755811469629,
    0.0010059047296332817,
    0.0010356733885904155,
    0.0010930536179027208,
    0.0017600823484826833,
    0.0019878698609924563,
    0.0025888811214827,
    0.0030127526842989028,
    0.003896770198480226,
    0.0037856909330002964
  ],
  "val_loss": [
    0.29092177748680115,
    0.28509731590747833,
    0.2768838554620743,
    0.267839714884758,
    0.248375304043293,
    0.25705570727586746,
    0.2466093897819519,
    0.2510198652744293,
    0.24812482297420502,
    0.24420221894979477,
    0.2444509193301201,
    0.24374574422836304,
    0.2439078539609909,
    0.24363939464092255,
    0.24350573122501373,
    0.24424321204423904,
    0.24331679940223694,
    0.2430332824587822,
    0.24356375634670258,
    0.243699811398983,
    0.24327725917100906,
    0.24328596144914627,
    0.24330667406320572,
    0.24317359924316406,
    0.24330098181962967,
    0.24311254918575287,
    0.24397650361061096,
    0.24306362867355347,
    0.24317242950201035,
    0.24339215457439423,
    0.24466916918754578,
    0.2438122183084488,
    0.2435407042503357,
    0.24334394186735153,
    0.24352939426898956,
    0.24396613985300064,
    0.24342165887355804,
    0.2434733584523201,
    0.24329961836338043,
    0.24337589740753174,
    0.24379370361566544,
    0.24418336898088455,
    0.24388660490512848,
    0.24349643290042877,
    0.24339181184768677,
    0.24356599897146225,
    0.24418559670448303,
    0.24332953244447708
  ],
  "val_data_loss": [
    0.6072150468826294,
    0.6072150617837906,
    0.607215017080307,
    0.6072150617837906,
    0.6072563827037811,
    0.6072150021791458,
    0.6072269082069397,
    0.6072693467140198,
    0.6072215735912323,
    0.6072631925344467,
    0.6072626411914825,
    0.6072668731212616,
    0.6072752177715302,
    0.6072761714458466,
    0.6072715371847153,
    0.6072655916213989,
    0.607268825173378,
    0.6072697639465332,
    0.6072621047496796,
    0.6072594523429871,
    0.6072611808776855,
    0.6072694659233093,
    0.6072676181793213,
    0.6072736829519272,
    0.6072770059108734,
    0.6072710752487183,
    0.607258066534996,
    0.6072671711444855,
    0.6072726100683212,
    0.6072777807712555,
    0.6072828769683838,
    0.6072830706834793,
    0.6072789132595062,
    0.6072781383991241,
    0.6072794497013092,
    0.6072760820388794,
    0.6072773039340973,
    0.6072791814804077,
    0.6072776168584824,
    0.6072792112827301,
    0.6072808057069778,
    0.6072776168584824,
    0.6072780340909958,
    0.6072714924812317,
    0.6072666943073273,
    0.6072654128074646,
    0.607272744178772,
    0.6072689592838287
  ],
  "val_physics_loss": [
    0.08005959168076515,
    0.07035212218761444,
    0.05666308291256428,
    0.04158948361873627,
    0.009121230337768793,
    0.02361616399139166,
    0.0061976846773177385,
    0.013520216569304466,
    0.008726972620934248,
    0.002161557844374329,
    0.002576440339908004,
    0.0013983139651827514,
    0.0016629364108666778,
    0.0012148793903179467,
    0.0009951630054274574,
    0.002228301018476486,
    0.0006821020506322384,
    0.00020894834597129375,
    0.0010981806553900242,
    0.0013267251197248697,
    0.0006212982043507509,
    0.0006303068366833031,
    0.000666036139591597,
    0.00044019097549607977,
    0.0006502709729829803,
    0.00034018998849205673,
    0.0017887877475004643,
    0.00026124980649910867,
    0.0004389617242850363,
    0.0008017276268219575,
    0.0029266802011989057,
    0.0014983160654082894,
    0.0010485450911801308,
    0.0007211249467218295,
    0.0010293606901541352,
    0.001759505132213235,
    0.0008512127387803048,
    0.0009361444390378892,
    0.0006476154667325318,
    0.000773682477301918,
    0.0014689628733322024,
    0.002120536519214511,
    0.001625634147785604,
    0.0009797204402275383,
    0.0008085371227934957,
    0.0010997121862601489,
    0.0021274767932482064,
    0.0007032513312879018
  ],