{
  "epochs": [
    1,
    2,
    3,
    4,
    5,
    6,
    7,
    8,
    9,
    10,
    11,
    12,
    13,
    14,
    15,
    16,
    17,
    18,
    19,
    20,
    21,
    22,
    23,
    24,
    25,
    26,
    27,
    28,
    29,
    30,
    31,
    32,
    33,
    34,
    35,
    36,
    37,
    38,
    39,
    40,
    41
  ],
  "loss": [
    0.5913780232270559,
    0.5762038429578146,
    0.5289794504642487,
    0.5605118076006571,
    0.5183549622694651,
    0.5435498505830765,
    0.5290939410527548,
    0.5341659585634868,
    0.5762390096982319,
    0.5447486986716588,
    0.5863412916660309,
    0.5688125838836035,
    0.5244418829679489,
    0.5413959125677745,
    0.5884810388088226,
    0.5315508544445038,
    0.5520086288452148,
    0.5351352095603943,
    0.533781220515569,
    0.553703377644221,
    0.541298379500707,
    0.5226121693849564,
    0.5518784523010254,
    0.5442524254322051,
    0.5176138430833817,
    0.5279214878877004,
    0.5227587521076202,
    0.5951326837142308,
    0.57199261089166,
    0.5595178057750066,
    0.5593773821989696,
    0.5772535304228464,
    0.5624177108208339,
    0.5651698162158331,
    0.5562119781970978,
    0.5746456980705261,
    0.5330177396535873,
    0.5556523402531942,
    0.5613067944844564,
    0.5823986331621805,
    0.5726793805758159
  ],
  "data_loss": [
    1.1380171080430348,
    1.1489118138949077,
    1.0537026325861611,
    1.117764194806417,
    1.0361153831084569,
    1.0862849255402884,
    1.0577041109402976,
    1.0679567058881123,
    1.1517040729522705,
    1.0879894097646077,
    1.1721479694048564,
    1.1346973776817322,
    1.0486004948616028,
    1.0780610144138336,
    1.1758366227149963,
    1.0618584056695302,
    1.1029484470685325,
    1.0688415467739105,
    1.0650374790032706,
    1.0949244499206543,
    1.0714027086893718,
    1.0229881902535756,
    1.0950834850470226,
    1.0865928729375203,
    1.0246623555819192,
    1.0490377644697826,
    1.0427727103233337,
    1.186916450659434,
    1.1361966232458751,
    1.116789976755778,
    1.1174597243467965,
    1.1541037758191426,
    1.1241589585940044,
    1.129974047342936,
    1.1116257905960083,
    1.1486496229966483,
    1.0657775799433389,
    1.1109442313512166,
    1.1223469972610474,
    1.1645581722259521,
    1.1451183160146077
  ],
  "physics_loss": [
    0.044738919318964086,
    0.0034958606896301108,
    0.004256253208344182,
    0.003259391232859343,
    0.0005945398770563769,
    0.0008147948610712775,
    0.00048376842460129405,
    0.00037521836444890744,
    0.0007739284580263,
    0.001507961159707823,
    0.0005345944337022958,
    0.0029277727498993045,
    0.0002832689594166974,
    0.004730810618639226,
    0.0011254854883494165,
    0.0012432926887413487,
    0.00106880470411852,
    0.0014288797586535416,
    0.0025249634539553276,
    0.012482305018541716,
    0.011194046198700867,
    0.02223614896259581,
    0.008673417706935046,
    0.0019119966794581464,
    0.010565334727289155,
    0.006805217853980139,
    0.002744798463633439,
    0.0033489154581426797,
    0.007788578125958641,
    0.0022456070582848042,
    0.001295073394430801,
    0.00040326594413879013,
    0.0006764749414287508,
    0.00036558857633887476,
    0.0007981563442929958,
    0.0006417720045040672,
    0.0002578846712519104,
    0.00036046599658826983,
    0.00026655914310443524,
    0.00023909541535734508,
    0.00024043814482865855
  ],
  "val_loss": [
    0.4287738502025604,
    0.4287760406732559,
    0.42882558703422546,
    0.4278061091899872,
    0.42708670347929,
    0.42688123136758804,
    0.4270912930369377,
    0.4276689141988754,
    0.42734072357416153,
    0.4273846819996834,
    0.42686987668275833,
    0.4271729439496994,
    0.4275113046169281,
    0.4269109293818474,
    0.42837782204151154,
    0.4273201823234558,
    0.42721179872751236,
    0.42783159017562866,
    0.42810557782649994,
    0.43046923726797104,
    0.4283985272049904,
    0.429432213306427,
    0.42736558616161346,
    0.42789778113365173,
    0.4275772050023079,
    0.43076707422733307,
    0.4344054162502289,
    0.43023739755153656,
    0.4284004345536232,
    0.42716316878795624,
    0.42699918150901794,
    0.4269315227866173,
    0.4271082133054733,
    0.4271586015820503,
    0.4269038066267967,
    0.4269098937511444,
    0.426942877471447,
    0.42692574858665466,
    0.4269062653183937,
    0.4268902391195297,
    0.4269978925585747
  ],
  "val_data_loss": [
    0.8536262363195419,
    0.8536262363195419,
    0.8536262363195419,
    0.853626161813736,
    0.8536262363195419,
    0.8536262363195419,
    0.8536262363195419,
    0.8536262363195419,
    0.853626161813736,
    0.8538993299007416,
    0.8536263406276703,
    0.8536262512207031,
    0.8536269217729568,
    0.8536264896392822,
    0.8553415834903717,
    0.8536262065172195,
    0.8536433428525925,
    0.8536262810230255,
    0.8536264449357986,
    0.8536366075277328,
    0.8536475449800491,
    0.8536262363195419,
    0.853626623749733,
    0.853643149137497,
    0.8536262661218643,
    0.8536262959241867,
    0.8536394536495209,
    0.8536260426044464,
    0.8536262214183807,
    0.8536262363195419,
    0.8536262363195419,
    0.8536262363195419,
    0.853626161813736,
    0.8536262214183807,
    0.8536262363195419,
    0.8536262363195419,
    0.8536261767148972,
    0.8536262363195419,
    0.8536262363195419,
    0.8536262363195419,
    0.8536262363195419
  ],
  "val_physics_loss": [
    0.003921483992598951,
    0.003925820579752326,
    0.00402490294072777,
    0.0019860430038534105,
    0.0005471459444379434,
    0.0001362355033052154,
    0.0005563762751989998,
    0.0017115645241574384,
    0.0010552501880738419,
    0.0008700195357960183,
    0.00011339196862536483,
    0.0007196026999736205,
    0.0013957092378404923,
    0.0001953837308974471,
    0.0014140898711048067,
    0.0010141550446860492,
    0.0007802244072081521,
    0.0020369288977235556,
    0.0025847171200439334,
    0.007301887962967157,
    0.0031495276489295065,
    0.005238178157014772,
    0.0011045704304706305,
    0.002152402506908402,
    0.0015281769447028637,
    0.007907839957624674,
    0.015171346836723387,
    0.006848761811852455,
    0.0031746423337608576,
    0.0007001272751949728,
    0.0003721040266100317,
    0.000236832769587636,
    0.0005902874981984496,
    0.0006909881994943134,
    0.0001813596099964343,
    0.00019354951655259356,
    0.0002595512996776961,
    0.00022523488587467,
    0.00018627983808983117,
    0.00015421459829667583,
    0.0003695202904054895
  ],
  "alpha": [
    0.004979340359568596,
    0.0049669621512293816,
    0.004955817013978958,
    0.0049464087933301926,
    0.004939829930663109,
    0.0049356864765286446,
    0.004933081567287445,
    0.004931223578751087,
    0.004929575603455305,
    0.004927406553179026,
    0.004925656132400036,
    0.004924221429973841,
    0.004922911524772644,
    0.0049207028932869434,
    0.004917447455227375,
    0.004912284202873707,
    0.004908266477286816,
    0.0049028280191123486,
    0.004883930087089539,
    0.004866864066570997,
    0.004833288490772247,
    0.004798985552042723,
    0.00477387523278594,
    0.004749455954879522,
    0.004715939052402973,
    0.00468855258077383,
    0.0046706837601959705,
    0.004659401252865791,
    0.004652156960219145,
    0.0046478090807795525,
    0.004644352942705154,
    0.004641667474061251,
    0.004639083053916693,
    0.004637021571397781,
    0.00463520921766758,
    0.004633390344679356,
    0.00463184854015708,
    0.004629472736269236,
    0.004627179354429245,
    0.004625494126230478,
    0.004624171182513237
  ],