{
  "epochs": [
    1,
    2,
    3,
    4,
    5
  ],
  "loss": [
    0.6340776185194652,
    0.6091633588075638,
    0.6163033694028855,
    0.6090942869583765,
    0.6144026468197504
  ],
  "data_loss": [
    1.2335914770762126,
    1.191380649805069,
    1.2175932625929515,
    1.2077306111653645,
    1.222049613793691
  ],
  "physics_loss": [
    0.03456379915587605,
    0.02694608666934073,
    0.015013498836196959,
    0.010457953127721945,
    0.006755679739095892
  ],
  "val_loss": [
    0.3198385089635849,
    0.32051384449005127,
    0.33264314383268356,
    0.31734541803598404,
    0.3042670488357544
  ],
  "val_data_loss": [
    0.6072150468826294,
    0.6072150617837906,
    0.607215017080307,
    0.607215017080307,
    0.607215017080307
  ],
  "val_physics_loss": [
    0.032461972048622556,
    0.0338126216083765,
    0.0580712566152215,
    0.027475828770548105,
    0.0013190797762945294
  ],
  "alpha": [
    0.004973121453076601,
    0.004952705465257168,
    0.004932282026857138,
    0.004911797121167183,
    0.004894685000181198
  ],
  "sigma": [
    29.857154846191406,
    29.743703842163086,
    29.635330200195312,
    29.543148040771484,
    29.46836280822754
  ],
  "mu_eq": [
    2664.995361328125,
    2664.992431640625,
    2664.9892578125,
    2664.986328125,
    2664.983642578125
  ],
  "gamma": [],
  "beta": [],
  "r0": []
}