{
  "epochs": [
    1,
    2,
    3,
    4,
    5
  ],
  "loss": [
    188.1319885253906,
    248.32760620117188,
    140.06841278076172,
    104.50868733723959,
    77.17874654134114
  ],
  "data_loss": [
    1.0881061305602393,
    1.1496727963288627,
    1.1785146296024325,
    1.0656824807325997,
    1.250217080116272
  ],
  "physics_loss": [
    312.82790120442706,
    413.1128794352214,
    232.6616719563802,
    173.47068532307944,
    127.79775873819987
  ],
  "val_loss": [
    139.85583877563477,
    129.5468978881836,
    100.75605010986328,
    72.82888412475586,
    46.81107711791992
  ],
  "val_data_loss": [
    0.607215091586113,
    0.607215017080307,
    0.6072150617837906,
    0.6072150617837906,
    0.6072150617837906
  ],
  "val_physics_loss": [
    232.688232421875,
    215.50667572021484,
    167.52193450927734,
    120.97665786743164,
    77.61365127563477
  ],
  "alpha": [
    0.004985182546079159,
    0.004971056245267391,
    0.00495854951441288,
    0.004947597626596689,
    0.004938153550028801
  ],
  "sigma": [
    0.0,
    0.0,
    0.0,
    0.0,
    0.0
  ],
  "mu_eq": [
    2764.9970703125,
    2764.994140625,
    2764.991455078125,
    2764.989990234375,
    2764.988525390625
  ],
  "gamma": [
    1.9970381259918213,
    1.9942066669464111,
    1.991687297821045,
    1.9894802570343018,
    1.9875762462615967
  ],
  "beta": [
    0.000998603762127459,
    0.0009973464766517282,
    0.0009965236531570554,
    0.0009960286552086473,
    0.0009958804585039616
  ],
  "r0": [
    2399.99853515625,
    2399.9970703125,
    2399.99609375,
    2399.995849609375,
    2399.995849609375
  ]
}