{
  "epochs": [
    1,
    2,
    3,
    4,
    5,
    6,
    7,
    8,
    9,
    10,
    11,
    12,
    13,
    14,
    15,
    16,
    17,
    18,
    19,
    20,
    21,
    22,
    23,
    24,
    25,
    26,
    27,
    28,
    29,
    30,
    31,
    32,
    33,
    34,
    35,
    36,
    37,
    38,
    39,
    40,
    41,
    42,
    43,
    44,
    45,
    46,
    47,
    48,
    49,
    50,
    51,
    52,
    53,
    54,
    55,
    56,
    57,
    58,
    59,
    60,
    61,
    62,
    63,
    64,
    65,
    66,
    67,
    68,
    69,
    70,
    71,
    72,
    73
  ],
  "loss": [
    6897799365.333332,
    2498746244.0,
    5209430570.666667,
    508015637.3333334,
    1668082752.0,
    343195412.6666666,
    139430833.33333334,
    173172316.0,
    151120459.3333333,
    146843252.33333334,
    170914294.66666666,
    92316634.66666666,
    41262801.833333336,
    65772686.666666664,
    23283303.416666668,
    35981890.5,
    14846084.583333334,
    15969664.145833334,
    5679485.979166666,
    7863202.96875,
    10256234.0,
    13304755.567708334,
    15743996.677083334,
    11996438.166666666,
    3115382.84375,
    25696759.395833332,
    14526122.875,
    6493643.687500001,
    2008347.520833333,
    6249962.552083333,
    1589234.4713541665,
    3529582.380208333,
    1467369.078125,
    2428255.9375,
    1497099.0572916667,
    1263288.9427083333,
    1629152.0026041665,
    817776.1015625,
    1951245.59375,
    1980944.1041666667,
    1698491.5989583333,
    1937439.3124999998,
    1389480.5260416667,
    1883899.2447916667,
    1414446.1666666667,
    1168404.0833333335,
    939322.8125,
    1261963.2916666667,
    730453.5885416666,
    751881.25390625,
    1509455.3802083333,
    993457.4830729166,
    999874.2317708333,
    1522527.7499999998,
    1710904.3828125,
    837413.4479166666,
    1517479.7473958333,
    957853.203125,
    662383.5338541666,
    744048.4218749999,
    1386338.5937499998,
    509150.9609375,
    379869.5885416667,
    769323.4335937501,
    667710.9635416666,
    2134814.375,
    474819.7057291667,
    2159758.776041667,
    993057.109375,
    667755.4361979166,
    1571673.6666666665,
    1080560.5625,
    1452294.2161458333
  ],
  "data_loss": [
    1.00273726383845,
    0.9519717593987783,
    1.058787484963735,
    1.0499095022678375,
    1.068267067273458,
    1.0575477878252666,
    1.0440301100413003,
    1.0447227756182353,
    1.0393310685952504,
    1.014712969462077,
    1.0534619688987732,
    1.0025025010108948,
    1.060220181941986,
    1.0495940943559012,
    1.065327028433482,
    1.0522126356760662,
    1.056651790936788,
    1.0445456008116403,
    1.0530339082082112,
    1.0413040320078533,
    0.9736582140127819,
    1.0540557305018108,
    1.0674665570259094,
    1.051935573418935,
    0.9686090052127838,
    1.0364425877730052,
    1.0550985833009083,
    1.0512605905532837,
    1.00060373544693,
    0.805256058772405,
    1.0507682363192241,
    1.04183895389239,
    1.048463116089503,
    1.0152737597624462,
    1.0598140160242717,
    1.0469844341278076,
    1.0423435966173806,
    1.0669715404510498,
    1.0564504861831665,
    1.0373364090919495,
    1.0221017797787983,
    1.0360949834187825,
    1.0168379147847495,
    1.0478590627511342,
    1.0438981552918751,
    0.9766595860322317,
    1.0154760579268136,
    1.033898025751114,
    1.047335426012675,
    0.976840873559316,
    1.0589687824249268,
    1.0488364696502686,
    1.008575508991877,
    1.0374266008536022,
    1.0138804217179616,
    1.038813422123591,
    1.0529605746269226,
    1.0641448696454365,
    0.9774818718433379,
    1.0479807655016582,
    1.0506407519181569,
    1.0527617732683816,
    1.0471128424008689,
    1.0214602847894034,
    1.018259584903717,
    1.0483685036500296,
    0.7825449109077453,
    1.000638316075007,
    1.0675636132558186,
    1.0465965072313945,
    0.9754403332869211,
    1.004705160856247,
    1.0587670803070068
  ],
  "physics_loss": [
    9853999162.666666,
    3569637601.3333335,
    7442043845.333334,
    725736637.3333334,
    2382975413.3333335,
    490279166.00000006,
    199186907.33333334,
    247389028.0,
    215886373.33333337,
    209776076.66666666,
    244163278.00000003,
    131880910.66666666,
    58946860.833333336,
    93960983.16666667,
    33261862.666666668,
    51402703.0,
    21208692.583333332,
    22813805.583333336,
    8113551.0625,
    11233146.708333334,
    14651762.833333334,
    19006793.583333332,
    22491423.999999996,
    17137768.520833336,
    4450546.479166667,
    36709656.125,
    20751604.0,
    9276633.604166668,
    2869067.5520833326,
    8928517.786458334,
    2270334.5208333335,
    5042259.953125,
    2096241.0416666667,
    3468936.6041666665,
    2138712.5208333335,
    1804698.078125,
    2327359.5625,
    1168251.1328125,
    2787493.3020833335,
    2829919.770833333,
    2426416.177083333,
    2767770.0416666665,
    1984971.8437499998,
    2691284.1875,
    2020637.0,
    1669148.2708333333,
    1341889.2604166665,
    1802804.3437500002,
    1043504.6822916667,
    1074115.6640625,
    2156364.442708333,
    1419224.48828125,
    1428391.3671875,
    2175039.234375,
    2444148.6770833335,
    1196304.4895833333,
    2167827.838541667,
    1368361.2552083333,
    946261.8046875001,
    1062925.8541666667,
    1980483.2916666665,
    727358.0625,
    542670.4114583334,
    1099033.05078125,
    953872.4036458335,
    3049734.536458334,
    678313.5286458333,
    3085369.41015625,
    1418652.5937500002,
    953935.8776041667,
    2245247.651041667,
    1543657.5182291665,
    2074705.578125
  ],
  "val_loss": [
    4254371952.0,
    1355659616.0,
    1512306688.0,
    1266967616.0,
    433850544.0,
    81313262.0,
    601860322.0,
    116490943.0,
    174618800.0,
    39764002.5,
    90951220.0,
    26234889.5,
    69396221.25,
    19979019.0,
    17877921.5,
    10639914.875,
    18736122.25,
    984549.875,
    2793453.9375,
    18511297.5,
    19912167.75,
    8044878.0,
    11131421.75,
    4696538.5,
    3277332.53125,
    16769283.0,
    2854771.375,
    15600244.75,
    3309151.5234375,
    3414059.1875,
    265028.578125,
    2846182.8125,
    888052.59375,
    442314.171875,
    509728.125,
    1161568.0,
    2615068.59375,
    1932615.8125,
    1475684.375,
    1242018.4375,
    3920659.6875,
    329592.203125,
    382890.765625,
    1062591.25,
    1026753.666015625,
    646897.25,
    531994.0234375,
    1691221.1875,
    214647.625,
    481959.0234375,
    234556.3046875,
    426103.03125,
    105955.4375,
    380036.78125,
    489681.4140625,
    1506608.53125,
    339837.921875,
    878342.6328125,
    334394.015625,
    174356.49609375,
    1400524.6875,
    142321.78125,
    402784.2109375,
    225599.14453125,
    923629.125,
    1936796.484375,
    325781.09375,
    333288.5703125,
    171321.4609375,
    170997.5078125,
    223627.9296875,
    469816.359375,
    351223.359375
  ],