{
  "epochs": [
    1,
    2,
    3,
    4,
    5,
    6,
    7,
    8,
    9,
    10,
    11,
    12,
    13,
    14,
    15,
    16,
    17,
    18,
    19,
    20,
    21,
    22,
    23,
    24,
    25,
    26,
    27,
    28,
    29,
    30,
    31,
    32,
    33,
    34,
    35,
    36,
    37,
    38,
    39,
    40,
    41,
    42,
    43,
    44,
    45,
    46,
    47,
    48,
    49,
    50
  ],
  "loss": [
    6.1206233501434335,
    2.5041479965051012,
    1.0786520888408024,
    0.6296231051286062,
    0.8838541209697723,
    0.7447766860326132,
    0.6141308695077896,
    0.5579449534416199,
    0.4553481787443161,
    0.4008028556903203,
    0.3845432599385579,
    0.445102463165919,
    0.3973156362771988,
    0.4208315809567769,
    0.39309190710385644,
    0.3841296881437301,
    0.4078521380821864,
    0.3713332861661911,
    0.3648559103409449,
    0.3518912171324094,
    0.38259190817674,
    0.33987085769573844,
    0.3884858985741933,
    0.3650433917840322,
    0.35825235644976294,
    0.3815178126096726,
    0.34894446035226184,
    0.3388509054978689,
    0.3944861739873886,
    0.35716817031304043,
    0.3828872640927633,
    0.3817308346430461,
    0.36781563858191174,
    0.3634592642386755,
    0.3588896195093791,
    0.3654332955678304,
    0.37463732560475665,
    0.3944756835699082,
    0.34915896753470105,
    0.3389877329270045,
    0.38488356769084925,
    0.3513795733451843,
    0.41397844254970556,
    0.36528771619002026,
    0.3720449010531108,
    0.38891522586345667,
    0.4031714548667271,
    0.3914598822593689,
    0.3321011886000633,
    0.40271307031313575
  ],
  "data_loss": [
    1.2045066157976787,
    1.120545377333959,
    1.2053078909715016,
    1.1605155567328134,
    1.0602834820747375,
    1.114077975352605,
    1.1776274641354878,
    1.222508579492569,
    1.2883463501930237,
    1.2300218741099038,
    1.1747102638085685,
    1.2615109483400981,
    1.2262436350186665,
    1.1918286581834157,
    1.1505149503548942,
    1.203100581963857,
    1.130045861005783,
    1.1711379885673523,
    1.1145810186862946,
    1.1249584158261616,
    1.1847833792368572,
    1.1065209209918976,
    1.2403906683127086,
    1.202971339225769,
    1.158525993426641,
    1.236763209104538,
    1.1401414771874745,
    1.0921449065208435,
    1.2674131592114768,
    1.1713442901770272,
    1.194533069928487,
    1.2591936588287354,
    1.1933221220970152,
    1.1927604377269745,
    1.148982544740041,
    1.1561600863933563,
    1.168554703394572,
    1.1835131247838337,
    1.1078382730484009,
    1.1057874461015067,
    1.2374085386594136,
    1.0535959303379059,
    1.2675576011339824,
    1.2019711534182231,
    1.216429352760315,
    1.2335393627484639,
    1.2352109452088673,
    1.1634050508340201,
    1.0369478364785512,
    1.2227069636185963
  ],
  "physics_loss": [
    8.22753079732259,
    3.097120592991511,
    1.024371052781741,
    0.40209776659806573,
    0.8082415074265251,
    0.5865046891073387,
    0.37263231351971626,
    0.2731319578985373,
    0.0983489373077949,
    0.04542325126628081,
    0.045900239221130804,
    0.09521309317400058,
    0.04206076745564739,
    0.0904042295490702,
    0.06848200783133507,
    0.03314213609943787,
    0.09834052296355365,
    0.028559814362476267,
    0.04354512846718232,
    0.020576679070169725,
    0.03879554391217729,
    0.011306527303531766,
    0.02338384285879632,
    0.0059313892464463915,
    0.0152779248310253,
    0.014984042558353394,
    0.009860006898331147,
    0.01601059971532474,
    0.020374586805701256,
    0.008235525980126113,
    0.035039026057347655,
    0.005675322007543096,
    0.014027126405077677,
    0.008044446934945881,
    0.020278334384784102,
    0.026550364680588245,
    0.034387000603601336,
    0.05631676960426073,
    0.024010670332548518,
    0.010359265104246635,
    0.019515703121821087,
    0.050429684886087976,
    0.048158786337201796,
    0.0067090821685269475,
    0.01016583627400299,
    0.026933448408575106,
    0.0465830935475727,
    0.060626220190897584,
    0.030024036454657715,
    0.05128709568331639
  ],
  "val_loss": [
    3.7835670709609985,
    0.3139454275369644,
    0.733733057975769,
    0.8873241320252419,
    0.2891334816813469,
    0.2943806052207947,
    0.284013107419014,
    0.24431295692920685,
    0.189939696341753,
    0.20540239661931992,
    0.19035101309418678,
    0.2310139536857605,
    0.29932789504528046,
    0.2724250853061676,
    0.21686454117298126,
    0.2596452236175537,
    0.18451840057969093,
    0.2167501151561737,
    0.18824782222509384,
    0.20929235219955444,
    0.18439019098877907,
    0.18861013650894165,
    0.19199210405349731,
    0.18464724719524384,
    0.1837851218879223,
    0.18849820643663406,
    0.1865309551358223,
    0.1835007108747959,
    0.18720480427145958,
    0.18329694494605064,
    0.1842634566128254,
    0.21228451281785965,
    0.20028574019670486,
    0.20205944776535034,
    0.18356627598404884,
    0.19475381821393967,
    0.1890922710299492,
    0.22044118493795395,
    0.1891223005950451,
    0.1949455589056015,
    0.19653048366308212,
    0.19971175864338875,
    0.19513201713562012,
    0.21436654031276703,
    0.20368801057338715,
    0.18796519562602043,
    0.2659519910812378,
    0.22460781037807465,
    0.20234312862157822,
    0.19794270768761635
  ],
  "val_data_loss": [
    0.607215091586113,
    0.6072152107954025,
    0.6072150617837906,
    0.607215091586113,
    0.607215017080307,
    0.6072150617837906,
    0.6072150617837906,
    0.607215091586113,
    0.6072150617837906,
    0.607215166091919,
    0.6072152405977249,
    0.607215091586113,
    0.6072152107954025,
    0.607215091586113,
    0.6072152107954025,
    0.6072152107954025,
    0.607215017080307,
    0.6072150617837906,
    0.607215091586113,
    0.6072152107954025,
    0.607215017080307,
    0.607215091586113,
    0.6072150617837906,
    0.6072150468826294,
    0.607215091586113,
    0.6072150617837906,
    0.607215091586113,
    0.6072152107954025,
    0.607215166091919,
    0.6072150617837906,
    0.607215017080307,
    0.607215091586113,
    0.6072150617837906,
    0.607215017080307,
    0.6072150617837906,
    0.6072152107954025,
    0.6072150617837906,
    0.6072151213884354,
    0.6072150617837906,
    0.6072151213884354,
    0.6072150617837906,
    0.607215091586113,
    0.607215091586113,
    0.6072151213884354,
    0.6072150617837906,
    0.607215166091919,
    0.607215091586113,
    0.6072150617837906,
    0.6072151213884354,
    0.607215017080307
  ],
  "val_physics_loss": [
    5.144860744476318,
    0.18825837597250938,
    0.7879550457000732,
    1.007370825856924,
    0.15281282365322113,
    0.16030868515372276,
    0.14549799263477325,
    0.08878345973789692,
    0.011107391794212162,
    0.03319692425429821,
    0.01169491047039628,
    0.0697848933050409,
    0.16737618308980018,
    0.12894365657120943,
    0.049571404699236155,
    0.11068666726350784,
    0.0033627108205109835,
    0.0494079974014312,
    0.008690412854775786,
    0.03875398728996515,
    0.0031795373652130365,
    0.009208007948473096,
    0.014039414469152689,
    0.0035467527341097593,
    0.002315130550414324,
    0.009048117499332875,
    0.006237753550522029,
    0.0019087718101218343,
    0.007200359832495451,
    0.001617753179743886,
    0.0029985029250383377,
    0.04302852787077427,
    0.025887460447847843,
    0.028421340277418494,
    0.002002506866119802,
    0.017984658479690552,
    0.009896788280457258,
    0.054680903442204,
    0.009939685463905334,
    0.018258588621392846,
    0.020522798411548138,
    0.02506746957078576,
    0.01852497411891818,
    0.04600285179913044,
    0.03074785228818655,
    0.008286621421575546,
    0.1196963582187891,
    0.06063326448202133,
    0.028826559893786907,
    0.02254027733579278
  ],