{
  "epochs": [
    1,
    2,
    3,
    4,
    5,
    6,
    7,
    8,
    9,
    10,
    11,
    12,
    13,
    14,
    15,
    16,
    17,
    18,
    19,
    20,
    21,
    22,
    23,
    24,
    25,
    26,
    27,
    28,
    29,
    30,
    31,
    32,
    33,
    34,
    35,
    36,
    37,
    38,
    39,
    40,
    41,
    42,
    43,
    44,
    45,
    46,
    47,
    48,
    49,
    50,
    51,
    52,
    53,
    54,
    55,
    56,
    57,
    58
  ],
  "loss": [
    6722433493.333333,
    11762556016.0,
    3363319839.9999995,
    4300457154.666667,
    376165812.0,
    684404148.3333334,
    1490676157.333333,
    1802859496.6666665,
    320174248.0,
    1144053132.3333335,
    76955382.75,
    216130047.49999997,
    72312036.0,
    22538220.416666664,
    24398172.0,
    76985017.33333334,
    23473463.270833336,
    15235905.124999998,
    10953213.666666668,
    52144407.33333333,
    3590335.541666667,
    8101113.135416667,
    21150421.885416668,
    25039499.354166668,
    15223843.666666668,
    6398481.520833334,
    3527995.6302083326,
    15611262.208333332,
    1608797.140625,
    3500330.6875,
    2881587.4583333335,
    7706404.354166667,
    8297209.802083334,
    2268137.3229166665,
    10546430.026041666,
    3256155.2916666665,
    1813570.7239583335,
    8021561.583333333,
    4483226.854166666,
    3542395.666666667,
    4075514.6197916665,
    4729922.197916667,
    2715273.005208333,
    2092382.73828125,
    1975725.6979166665,
    2375528.2708333335,
    7219868.28125,
    1333845.7109375,
    1157594.0104166665,
    1835358.53125,
    2216786.104166667,
    721962.9322916667,
    1449908.4635416667,
    643827.140625,
    1261482.8411458335,
    472013.609375,
    779674.5859375,
    830928.0651041666
  ],
  "data_loss": [
    1.0327358345190685,
    1.027617553869883,
    0.9895125230153402,
    1.0323125223318736,
    1.0318703353404999,
    1.0661546289920807,
    1.017512003580729,
    1.0269245902697244,
    1.0709850986798604,
    0.9954541226228079,
    0.9979234437147776,
    1.0581182738145192,
    1.0274095038572946,
    1.0232750972112021,
    1.0159563620885215,
    1.0296095808347066,
    1.021800657113393,
    0.9807491799195608,
    0.9902801513671875,
    1.0623371303081512,
    1.071889728307724,
    1.0284019509951272,
    1.028164118528366,
    0.961904545625051,
    0.9894000987211862,
    1.00906706849734,
    1.059261699517568,
    1.0358642041683197,
    1.0218479533990223,
    1.0651520490646362,
    0.9105049520730971,
    1.026613543430964,
    1.0990516940752664,
    1.0332231720288596,
    1.0388304591178894,
    1.049456884463628,
    1.0307270089785259,
    1.059400051832199,
    1.0631720920403798,
    1.073011577129364,
    1.0266443987687428,
    1.0226445297400155,
    1.0527393023173015,
    1.0253648658593497,
    1.0887147386868794,
    1.042614758014679,
    1.0357168714205425,
    1.0138206481933594,
    1.0702122052510579,
    1.0594192445278168,
    1.083758533000946,
    0.9785932501157125,
    0.9930432041486104,
    1.0633054773012796,
    1.0365783671538036,
    1.0330052971839905,
    1.0257647633552551,
    1.076146086057027
  ],
  "physics_loss": [
    9603476608.0,
    16803652165.333332,
    4804742656.000001,
    6143510229.333333,
    537379745.3333334,
    977720220.6666666,
    2129537410.6666665,
    2575513652.0,
    457391785.3333333,
    1634361658.0,
    109936261.83333333,
    308757218.5,
    103302910.66666667,
    32197457.583333336,
    34854530.91666667,
    109978598.66666666,
    33533519.958333336,
    21765579.083333332,
    15647448.062499998,
    74492012.79166667,
    5129050.479166666,
    11573018.708333334,
    30214889.25,
    35770713.03125,
    21748348.833333332,
    9140687.489583332,
    5039993.479166666,
    22301803.604166664,
    2298281.2500000005,
    5000471.9375,
    4116553.2812500005,
    11009148.510416666,
    11853156.375,
    3240195.7812500005,
    15066328.177083334,
    4651650.1875,
    2590814.84375,
    11459373.604166666,
    6404609.312499999,
    5060565.0,
    5822163.458333333,
    6757031.583333334,
    3878961.041666667,
    2989117.803385417,
    2822464.78125,
    3393611.390625,
    10314097.552083334,
    1905493.4427083333,
    1653705.3125000002,
    2621940.244791667,
    3166836.807291667,
    1031375.234375,
    2071297.4583333335,
    919752.6302083334,
    1802118.0,
    674304.7213541665,
    1113820.40625,
    1187039.6666666667
  ],
  "val_loss": [
    17052931072.0,
    7251465976.0,
    6325312160.0,
    2216929440.0,
    663851808.0,
    780511676.0,
    217864528.0,
    847149068.0,
    247558164.0,
    53642446.0,
    25696540.5,
    51902566.0,
    5530643.25,
    14521859.375,
    3109074.34375,
    7152532.5625,
    8338942.75,
    214016067.5,
    3085714.78125,
    5121273.125,
    19609482.25,
    2902571.75,
    27221535.3125,
    1451851.0625,
    1454671.375,
    4414394.03125,
    904014.0703125,
    1402617.9375,
    3505092.6875,
    831065.8203125,
    38124016.25,
    592860.59375,
    2869941.8125,
    624967.40625,
    771551.328125,
    498957.203125,
    5478110.3125,
    123645.7890625,
    2692646.5625,
    360281.73828125,
    1130721.8046875,
    418574.984375,
    8461019.8125,
    1112556.171875,
    520694.15234375,
    1066130.5,
    483124.328125,
    4306841.84375,
    427347.74609375,
    1271939.265625,
    760774.921875,
    1701983.15625,
    647379.703125,
    739395.5,
    435257.640625,
    241395.33984375,
    261819.6015625,
    366630.9296875
  ],
  "val_data_loss": [
    0.06781500577926636,
    0.06781500577926636,
    0.06781494617462158,
    0.06781494617462158,
    0.06781500577926636,
    0.06781500577926636,
    0.06781500577926636,
    0.06781494617462158,
    0.06781500577926636,
    0.06781500577926636,
    0.06781500577926636,
    0.06781500577926636,
    0.06781500577926636,
    0.06781500577926636,
    0.06781500577926636,
    0.06781500577926636,
    0.06781500577926636,
    0.06781500577926636,
    0.06781500577926636,
    0.06781497597694397,
    0.0678149163722992,
    0.06781497597694397,
    0.06781497597694397,
    0.06781500577926636,
    0.06781500577926636,
    0.06781500577926636,
    0.06781500577926636,
    0.06781500577926636,
    0.06781500577926636,
    0.06781500577926636,
    0.06781497597694397,
    0.06781500577926636,
    0.06781494617462158,
    0.06781500577926636,
    0.06781500577926636,
    0.0678149163722992,
    0.06781494617462158,
    0.06781500577926636,
    0.06781500577926636,
    0.06781500577926636,
    0.06781497597694397,
    0.06781500577926636,
    0.06781500577926636,
    0.06781500577926636,
    0.06781494617462158,
    0.06781500577926636,
    0.06781500577926636,
    0.06781500577926636,
    0.06781500577926636,
    0.06781500577926636,
    0.06781500577926636,
    0.06781500577926636,
    0.06781494617462158,
    0.06781500577926636,
    0.06781494617462158,
    0.06781494617462158,
    0.06781503558158875,
    0.06781503558158875
  ],