{
  "epochs": [
    1,
    2,
    3,
    4,
    5,
    6,
    7,
    8,
    9,
    10,
    11,
    12,
    13,
    14,
    15,
    16,
    17,
    18,
    19,
    20,
    21,
    22,
    23,
    24,
    25,
    26,
    27,
    28,
    29,
    30,
    31,
    32,
    33,
    34,
    35,
    36,
    37,
    38,
    39,
    40,
    41,
    42,
    43,
    44,
    45,
    46,
    47,
    48,
    49,
    50,
    51,
    52,
    53,
    54,
    55,
    56
  ],
  "loss": [
    24795668074.66667,
    8690129322.666666,
    2997053077.333333,
    2136655573.333333,
    498041568.0,
    356540058.6666666,
    222297176.0,
    159948197.33333334,
    102308683.33333333,
    83520350.66666667,
    62113292.0,
    46116372.33333332,
    119594295.66666666,
    61015347.66666667,
    100608026.5,
    34471763.416666664,
    32561814.999999996,
    10102823.583333334,
    69491840.41666667,
    10906634.083333332,
    19409916.0,
    11088485.864583334,
    27670233.375,
    25227631.979166668,
    3920997.333333333,
    21470990.583333332,
    14491365.041666666,
    45091272.75000001,
    10336329.083333334,
    40515512.47916667,
    26396785.124999996,
    31237981.666666664,
    11038360.041666668,
    14713998.583333334,
    18464297.708333336,
    12654610.041666666,
    11967564.916666668,
    31613526.541666668,
    18845773.333333336,
    36226105.291666664,
    18678450.75,
    8655038.0625,
    13243779.645833334,
    7554069.541666667,
    7902280.645833333,
    10244425.760416666,
    61740130.104166664,
    5148198.458333334,
    34907868.0,
    21679931.583333336,
    16527944.041666664,
    8893111.666666666,
    6164952.541666667,
    12973266.854166668,
    7322063.083333332,
    46069296.041666664
  ],
  "data_loss": [
    1.129168301820755,
    1.1717277864615123,
    1.0769504209359488,
    1.1509903768698375,
    1.1951315601666768,
    1.140503784020742,
    1.1975651582082112,
    1.006921152273814,
    1.2189122438430786,
    1.156760593255361,
    1.1885974804560344,
    1.1834256251653035,
    1.1596802771091461,
    1.152461677789688,
    1.1138400733470917,
    1.1713581681251526,
    1.1398131847381592,
    1.207523703575134,
    1.2129387656847637,
    1.1039282083511353,
    1.1343320806821187,
    1.2071475386619566,
    1.1832786401112876,
    1.1298332711060841,
    1.1467225253582,
    1.1522660851478577,
    1.1568827629089355,
    1.1462662816047668,
    1.17938436071078,
    1.0906200309594474,
    1.1839380264282227,
    1.156183809041977,
    1.1345186531543732,
    1.1635762552420297,
    1.1759444077809653,
    1.192679524421692,
    1.1635104616483052,
    1.139363576968511,
    1.193649709224701,
    1.1545284787813823,
    1.1569265921910603,
    1.175816853841146,
    1.1534207165241241,
    1.1285271247227986,
    1.1891792813936868,
    1.177910347779592,
    1.1782712439695995,
    1.1522265772024791,
    1.208440899848938,
    1.1440300345420837,
    1.0892144640286763,
    1.1572280526161194,
    1.0870366990566254,
    1.152222563823064,
    1.0233648518721261,
    1.0587469538052876
  ],
  "physics_loss": [
    35422384000.0,
    12414470400.0,
    4281504448.0,
    3052365141.3333335,
    711487957.3333334,
    509342952.0,
    317567401.3333333,
    228497430.66666666,
    146155263.3333333,
    119314791.33333334,
    88733275.66666666,
    65880533.666666664,
    170848996.0,
    87164783.33333333,
    143725756.75,
    49245376.166666664,
    46516880.0,
    14432605.166666664,
    99274058.99999999,
    15580905.666666668,
    27728451.833333332,
    15840693.75,
    39528905.083333336,
    36039475.66666666,
    5601424.625,
    30672842.895833332,
    20701950.333333336,
    64416104.666666664,
    14766184.458333332,
    57879305.833333336,
    37709692.875,
    44625688.125,
    15769085.666666666,
    21019997.833333332,
    26377568.291666668,
    18078014.416666664,
    17096521.708333332,
    45162182.708333336,
    26922533.25,
    51751581.00000001,
    26683500.833333336,
    12364339.874999998,
    18919685.291666668,
    10791527.791666668,
    11288972.458333334,
    14634893.833333334,
    88200188.98958334,
    7354568.958333333,
    49868384.87500001,
    30971330.5625,
    23611348.499999996,
    12704444.833333332,
    8807074.9375,
    18533237.979166668,
    10460089.770833334,
    65813279.625
  ],
  "val_loss": [
    12601595392.0,
    3737587520.0,
    2201323328.0,
    691571152.0,
    737160512.0,
    265011824.0,
    88025204.0,
    319518208.0,
    153389876.0,
    100289518.0,
    50264567.0,
    141027956.0,
    50981862.0,
    3751882.875,
    60119605.5,
    20679874.0,
    10753006.75,
    40423615.25,
    12908599.5,
    10811305.0,
    9371063.0,
    2078649.375,
    30439042.0,
    14074499.75,
    11186273.0,
    41124624.4375,
    3869095.65625,
    3049809.5,
    39747710.625,
    13557755.375,
    33085525.0,
    8525021.75,
    41706786.0,
    7200935.5,
    11587005.75,
    1310489.15625,
    17786790.0,
    6071344.25,
    7680155.0,
    4483355.0,
    8260231.5,
    3593444.875,
    68279888.5,
    3275680.875,
    4025253.3125,
    14952810.0,
    22829087.8125,
    1675705.46875,
    6333056.625,
    8980476.75,
    10401291.25,
    3887315.875,
    35995671.6875,
    10900034.0,
    3179805.5,
    67272378.0
  ],
  "val_data_loss": [
    0.9241581857204437,
    0.924158126115799,
    0.9241582453250885,
    0.9241580665111542,
    0.924158126115799,
    0.9241581857204437,
    0.924158126115799,
    0.9241582453250885,
    0.924158126115799,
    0.9241582453250885,
    0.9241582453250885,
    0.9241581857204437,
    0.9241581857204437,
    0.9241581857204437,
    0.924158126115799,
    0.9241581857204437,
    0.924158126115799,
    0.9241582453250885,
    0.9241581857204437,
    0.924158126115799,
    0.924158126115799,
    0.924158126115799,
    0.9241581857204437,
    0.9241581857204437,
    0.9241581857204437,
    0.924158126115799,
    0.9241581857204437,
    0.9241581857204437,
    0.9241581857204437,
    0.9241581857204437,
    0.9241581857204437,
    0.9241581857204437,
    0.9241581857204437,
    0.9241581857204437,
    0.9241581857204437,
    0.9241581857204437,
    0.924158126115799,
    0.9241582453250885,
    0.9241581857204437,
    0.924158126115799,
    0.9241581857204437,
    0.9241581857204437,
    0.924158126115799,
    0.924158126115799,
    0.9241582453250885,
    0.9241581857204437,
    0.9241581857204437,
    0.9241581857204437,
    0.924158126115799,
    0.9241582453250885,
    0.9241581857204437,
    0.9241580665111542,
    0.9241581857204437,
    0.9241581857204437,
    0.9241582453250885,
    0.9241582453250885
  ],
  "val_physics_loss": [
    18002278912.0,
    5339411008.0,
    3144747648.0,
    987958784.0,
    1053086464.0,
    378588336.0,
    125750292.0,
    456454592.0,
    219128392.0,
    143270742.0,
    71806524.0,
    201468512.0,
    72831234.0,
    5359832.0,
    85885150.75,
    29542678.0,
    15361438.0,
    57748022.0,
    18440857.0,
    15444722.0,
    13387232.375,
    2969498.8125,
    43484347.0,
    20106429.0,
    15980390.5,
    58749466.625,
    5527279.1875,
    4356870.375,
    56782441.875,
    19368222.75,
    47265036.5,
    12178602.5,
    59581122.0,
    10287050.5,
    16552865.75,
    1872127.03125,
    25409701.0,
    8673348.75,
    10971650.0,
    6404792.75,
    11800330.875,
    5133492.25,
    97542698.0,
    4679543.75,
    5750361.75,
    21361158.0,
    32612983.875,
    2393864.6875,
    9047223.46875,
    12829252.5,
    14858987.5,
    5553308.375,
    51422388.5625,
    15571477.75,
    4542579.0,
    96103400.0
  ],