{
  "epochs": [
    1,
    2,
    3,
    4,
    5,
    6,
    7,
    8,
    9,
    10,
    11,
    12,
    13,
    14,
    15,
    16,
    17,
    18,
    19,
    20,
    21,
    22,
    23,
    24,
    25,
    26,
    27,
    28,
    29,
    30,
    31,
    32,
    33,
    34,
    35,
    36,
    37,
    38,
    39,
    40,
    41,
    42,
    43,
    44,
    45,
    46,
    47,
    48,
    49,
    50,
    51,
    52,
    53
  ],
  "loss": [
    3.2273469169934588,
    1.2803136905034385,
    0.6735127766927084,
    0.4894455820322037,
    0.4939953535795212,
    0.39937982459863025,
    0.36847958465417224,
    0.3420070856809616,
    0.32338198522726697,
    0.3546678572893142,
    0.3259206712245941,
    0.3362263987461726,
    0.35886792838573456,
    0.3346291383107503,
    0.34143422544002533,
    0.30703599254290265,
    0.3086848556995392,
    0.3349810341993968,
    0.32816182573636377,
    0.32095256944497425,
    0.31937097012996674,
    0.3223276933034261,
    0.3268301437298457,
    0.31474506855010986,
    0.3222741136948267,
    0.3020101437966029,
    0.3100186387697855,
    0.29912949353456497,
    0.3157133609056473,
    0.3252804527680079,
    0.30871757368246716,
    0.31145948171615606,
    0.29860713581244147,
    0.32006120681762695,
    0.29746037969986594,
    0.317141592502594,
    0.3204702188571294,
    0.32173870503902435,
    0.30678639809290564,
    0.29943950722614926,
    0.32061512271563214,
    0.31331662833690643,
    0.3208304767807325,
    0.32661928236484533,
    0.32933161656061805,
    0.3274802913268407,
    0.36584599316120153,
    0.34488114714622503,
    0.3398492634296417,
    0.3276658604542414,
    0.3635276108980179,
    0.3580540368954341,
    0.3258279835184415
  ],
  "data_loss": [
    1.0291345914204915,
    1.0217693646748862,
    1.0253714422384899,
    0.9933323164780935,
    1.0587412416934967,
    1.0238303244113922,
    1.0684443712234497,
    1.0353101094563804,
    1.0111320813496907,
    1.0625499784946442,
    1.040346880753835,
    1.0520567297935486,
    1.0730453133583069,
    1.0602100193500519,
    1.0914581418037415,
    1.003984957933426,
    1.018052617708842,
    1.0786889791488647,
    1.0386589368184407,
    1.0373983879884086,
    1.042275925477346,
    1.0633666117986045,
    1.075716257095337,
    1.036182185014089,
    1.0699316064516704,
    0.9979424973328909,
    1.0265082319577534,
    0.9905338982741038,
    1.0431963801383972,
    1.079154908657074,
    1.0202892621358237,
    1.0283766984939575,
    0.9914260506629944,
    1.0623642206192017,
    0.9845959643522898,
    1.053419848283132,
    1.0649227797985077,
    1.0680447816848755,
    1.0187637507915497,
    0.9936186571915943,
    1.064892848332723,
    1.0253382623195648,
    1.0551940500736237,
    1.0420471131801605,
    1.0330484906832378,
    1.0258657038211823,
    1.0910017689069114,
    1.0412890116373699,
    1.0635871986548104,
    1.0326570669809978,
    1.0338852604230246,
    1.0420892536640167,
    1.0273909072081246
  ],
  "physics_loss": [
    4.169437984625498,
    1.3911183973153431,
    0.522716189424197,
    0.2734941163410743,
    0.2519613870730003,
    0.1317581633726756,
    0.06849464929352204,
    0.0448772005426387,
    0.028631924263512094,
    0.05128979015474518,
    0.019737985838825505,
    0.02944194975619515,
    0.05279189367623379,
    0.023665878456085917,
    0.01999539020471275,
    0.008343552588485181,
    0.004670087034658839,
    0.016249031061306596,
    0.02366303699091077,
    0.013904347588929037,
    0.009554547800992927,
    0.004739566706120967,
    0.005878923907099913,
    0.005557707549693685,
    0.001849448133725673,
    0.003753406286705285,
    0.0029516475236353776,
    0.002813299070112407,
    0.003934898180887103,
    0.0021913815095710256,
    0.0037582682950111725,
    0.004209219167629878,
    0.0016847462781394522,
    0.0019313359710698328,
    0.0029736777651123703,
    0.0015937497179644804,
    0.0014191096803794303,
    0.001893226581159979,
    0.0016532336788562436,
    0.0019341342073554795,
    0.0016389350251605115,
    0.008164483064319938,
    0.006103218979357431,
    0.020007336298779894,
    0.027738660379933812,
    0.02817222672941474,
    0.05506493341332922,
    0.04642061136352519,
    0.029675836752479277,
    0.02552675036713481,
    0.07623145263642073,
    0.06489607218342522,
    0.0251581446112444
  ],
  "val_loss": [
    0.8385280072689056,
    0.4079783409833908,
    0.3502541407942772,
    0.10757940262556076,
    0.053183361887931824,
    0.03257810324430466,
    0.026246093213558197,
    0.053426727652549744,
    0.030702300369739532,
    0.026586733758449554,
    0.02719341218471527,
    0.03429420292377472,
    0.062411271035671234,
    0.02926364541053772,
    0.030988551676273346,
    0.038836099207401276,
    0.026067271828651428,
    0.027033761143684387,
    0.024628274142742157,
    0.022629521787166595,
    0.03122761845588684,
    0.022273249924182892,
    0.028246857225894928,
    0.02139558643102646,
    0.021607592701911926,
    0.0221242755651474,
    0.02241963893175125,
    0.021955810487270355,
    0.021556302905082703,
    0.021083153784275055,
    0.02123400568962097,
    0.021059617400169373,
    0.020959600806236267,
    0.02100919932126999,
    0.021732382476329803,
    0.02116028219461441,
    0.022933155298233032,
    0.021063581109046936,
    0.02354907989501953,
    0.02111312747001648,
    0.02520238608121872,
    0.030442185699939728,
    0.025598429143428802,
    0.02356889098882675,
    0.021209828555583954,
    0.03787493705749512,
    0.03075440227985382,
    0.02343478798866272,
    0.07099555432796478,
    0.08044635131955147,
    0.07134363055229187,
    0.06665525585412979,
    0.03774502873420715
  ],
  "val_data_loss": [
    0.06781494617462158,
    0.06781500577926636,
    0.06781500577926636,
    0.0678149163722992,
    0.06781503558158875,
    0.06781500577926636,
    0.0678149163722992,
    0.06781494617462158,
    0.06781494617462158,
    0.06781500577926636,
    0.06781494617462158,
    0.06781500577926636,
    0.06781494617462158,
    0.06781500577926636,
    0.06781500577926636,
    0.06781494617462158,
    0.06781500577926636,
    0.06781500577926636,
    0.06781500577926636,
    0.06781497597694397,
    0.06781497597694397,
    0.06781500577926636,
    0.06781494617462158,
    0.06781500577926636,
    0.06781500577926636,
    0.06781500577926636,
    0.06781500577926636,
    0.06781500577926636,
    0.06781500577926636,
    0.06781494617462158,
    0.06781503558158875,
    0.06781500577926636,
    0.06781500577926636,
    0.06781500577926636,
    0.06781500577926636,
    0.06781500577926636,
    0.06781500577926636,
    0.06781500577926636,
    0.06781500577926636,
    0.06781500577926636,
    0.0678149163722992,
    0.06781500577926636,
    0.06781500577926636,
    0.06781500577926636,
    0.0678149163722992,
    0.06781500577926636,
    0.06781500577926636,
    0.06781500577926636,
    0.06781494617462158,
    0.06781500577926636,
    0.06781494617462158,
    0.06781497597694397,
    0.06781497597694397
  ],