{
  "epochs": [
    1,
    2,
    3,
    4,
    5,
    6,
    7,
    8,
    9,
    10,
    11,
    12,
    13,
    14,
    15,
    16,
    17,
    18,
    19,
    20,
    21,
    22,
    23,
    24,
    25,
    26,
    27,
    28,
    29,
    30,
    31,
    32,
    33,
    34,
    35,
    36,
    37,
    38,
    39,
    40,
    41,
    42,
    43
  ],
  "loss": [
    13209707562.666666,
    10429292160.0,
    8926041194.666668,
    2673864085.3333335,
    1095785344.0,
    455793360.0,
    359353025.3333333,
    202797792.00000003,
    249428863.0,
    90416776.0,
    239627975.3333333,
    75658056.66666667,
    85254922.91666666,
    28755574.333333332,
    36020169.55208333,
    47312615.125,
    3690528.25,
    8323796.375,
    12606252.0625,
    8469782.901041668,
    6220752.291666667,
    6362037.781250001,
    3270551.1875,
    3703757.6458333335,
    1220499.84375,
    3137869.0729166665,
    5555362.666666667,
    9845926.90625,
    4106201.041666667,
    8524392.53125,
    7572299.416666666,
    1267407.1744791667,
    8933117.3125,
    4892287.895833333,
    6817055.562500001,
    6383846.635416666,
    1646247.9713541665,
    1729535.3854166667,
    1855953.765625,
    1888237.78125,
    2687750.884114583,
    3264489.1979166665,
    5685001.216145832
  ],
  "data_loss": [
    1.108303944269816,
    1.1415699223677318,
    1.139729211727778,
    1.095371425151825,
    1.148053050041199,
    1.169399340947469,
    1.0996486047903697,
    1.1103126406669617,
    1.1042982637882233,
    1.1349604030450187,
    1.13638037443161,
    1.0498790740966797,
    1.1154895921548207,
    1.1031017104784648,
    1.0978058675924938,
    1.1355853478113809,
    1.08991610010465,
    1.131327211856842,
    1.0336269835631053,
    1.155354748169581,
    1.119021862745285,
    1.1444764137268066,
    1.1067870457967122,
    1.107292205095291,
    1.1104908883571625,
    1.0237992405891418,
    1.0899894138177237,
    1.1437132358551025,
    1.1653729379177094,
    1.111968110005061,
    1.1341335773468018,
    1.1161561508973439,
    1.0380456546942394,
    1.1081836918989818,
    1.173648695151011,
    1.1152274012565613,
    1.088788668314616,
    1.103496680657069,
    1.054568777481715,
    1.131587266921997,
    1.144013891617457,
    1.1115067899227142,
    1.0944565137227378
  ],
  "physics_loss": [
    18871011498.666668,
    14898988970.666666,
    12751487594.666668,
    3819805901.3333335,
    1565407680.0,
    651133381.3333333,
    513361477.3333333,
    289711141.3333333,
    356326941.6666667,
    129166824.25,
    342325682.6666666,
    108082940.0,
    121792748.70833336,
    41079392.0,
    51457384.70833334,
    67589450.91666667,
    5272183.041666667,
    11891137.708333334,
    18008931.354166664,
    12099689.697916668,
    8886788.5,
    9088625.104166666,
    4672215.541666666,
    5291081.979166667,
    1743570.7916666667,
    4482669.875,
    7936232.041666667,
    14065609.781250002,
    5866001.166666667,
    12177703.489583332,
    10817570.46875,
    1810581.265625,
    12761595.958333334,
    6988982.1875,
    9738650.5,
    9119780.5625,
    2351782.377604167,
    2470764.2864583335,
    2651362.114583333,
    2697482.067708333,
    3839643.65625,
    4663555.510416666,
    8121430.046875
  ],
  "val_loss": [
    5907076352.0,
    13246390080.0,
    1241484232.0,
    626930496.0,
    321590212.0,
    387504552.0,
    123082892.0,
    628234640.0,
    47943072.5,
    125504661.0,
    45122140.0,
    11366122.0,
    18634968.0,
    11484451.25,
    4280202.625,
    6552794.5,
    18930222.25,
    2001977.5,
    5258464.875,
    2389894.3125,
    3821019.6875,
    2325967.515625,
    376275.8125,
    1990944.0,
    8157368.703125,
    4317103.84375,
    2247465.03125,
    9227742.25,
    6684647.640625,
    4076413.5,
    10310777.25,
    1254643.625,
    5748495.875,
    6735701.9375,
    6379238.640625,
    688863.71875,
    2140750.1875,
    2546611.78125,
    4538983.5,
    1449939.9375,
    3618105.90625,
    7379963.875,
    427223.265625
  ],
  "val_data_loss": [
    0.47586722299456596,
    0.4758673142641783,
    0.4758672248572111,
    0.4758672397583723,
    0.4758672881871462,
    0.47586722299456596,
    0.47586721926927567,
    0.4758672546595335,
    0.4758671894669533,
    0.4758672248572111,
    0.4758672546595335,
    0.47586722299456596,
    0.4758672546595335,
    0.4758672844618559,
    0.4758671894669533,
    0.4758673142641783,
    0.47586721926927567,
    0.47586725279688835,
    0.4758672546595335,
    0.47586722299456596,
    0.4758672844618559,
    0.4758672546595335,
    0.47586725279688835,
    0.4758672248572111,
    0.4758672546595335,
    0.47586728259921074,
    0.4758672844618559,
    0.47586722299456596,
    0.47586722299456596,
    0.47586722299456596,
    0.47586725279688835,
    0.4758672844618559,
    0.4758672248572111,
    0.4758672546595335,
    0.47586722299456596,
    0.4758672546595335,
    0.47586722299456596,
    0.47586722299456596,
    0.4758673142641783,
    0.475867073982954,
    0.4758672844618559,
    0.4758672844618559,
    0.4758672844618559
  ],
  "val_physics_loss": [
    8438680832.0,
    18923414400.0,
    1773548904.0,
    895614976.0,
    459414580.0,
    553577960.0,
    175832704.0,
    897478072.0,
    68490105.5,
    179292373.0,
    64460202.0,
    16237317.0,
    26621383.0,
    16406359.0,
    6114574.75,
    9361134.75,
    27043175.25,
    2859967.6875,
    7512092.75,
    3414134.625,
    5458599.28125,
    3322810.65625,
    537536.671875,
    2844205.5,
    11653384.15625,
    6167291.0,
    3210664.25,
    13182489.0,
    9549496.296875,
    5823447.5,
    14729681.5,
    1792347.875,
    8212136.9375,
    9622431.0625,
    9113198.5,
    984090.8125,
    3058214.375,
    3638016.4375,
    6484262.25,
    2071342.625,
    5168722.59375,
    10542805.5,
    610318.765625
  ],
  "alpha": [
    0.05005586892366409,
    0.05007079988718033,
    0.04991864413022995,
    0.049769327044487,
    0.04973314702510834,
    0.04975379630923271,
    0.04975664243102074,
    0.049752503633499146,
    0.049745574593544006,
    0.049730077385902405,
    0.04970759153366089,
    0.04970311000943184,
    0.04970524460077286,
    0.04969148710370064,
    0.04966062307357788,
    0.04964110255241394,
    0.04962901771068573,
    0.04961273819208145,
    0.04959525913000107,
    0.049580447375774384,
    0.049568332731723785,
    0.04955250024795532,
    0.049535736441612244,
    0.049518875777721405,
    0.04950108379125595,
    0.04948132112622261,
    0.0494631826877594,
    0.049440331757068634,
    0.04941839724779129,
    0.04940401390194893,
    0.049384549260139465,
    0.049365442246198654,
    0.049352534115314484,
    0.04933786392211914,
    0.04931560158729553,
    0.04929455742239952,
    0.0492776483297348,
    0.049262601882219315,
    0.04924587905406952,
    0.04922765865921974,
    0.04921063408255577,
    0.04919183999300003,
    0.04916840046644211
  ],
  "sigma": [
    0.0,
    0.0,
    0.0,
    0.0,
    0.0,
    0.0,
    0.0,
    0.0,
    0.0,
    0.0,
    0.0,
    0.0,
    0.0,
    0.0,
    0.0,
    0.0,
    0.0,
    0.0,
    0.0,
    0.0,
    0.0,
    0.0,
    0.0,
    0.0,
    0.0,
    0.0,
    0.0,
    0.0,
    0.0,
    0.0,
    0.0,
    0.0,
    0.0,
    0.0,
    0.0,
    0.0,
    0.0,
    0.0,
    0.0,
    0.0,
    0.0,
    0.0,
    0.0
  ],