{
  "epochs": [
    1,
    2,
    3,
    4,
    5,
    6,
    7,
    8,
    9,
    10,
    11,
    12,
    13,
    14,
    15,
    16,
    17,
    18,
    19,
    20,
    21,
    22,
    23,
    24,
    25,
    26,
    27,
    28,
    29,
    30,
    31,
    32,
    33,
    34,
    35,
    36,
    37,
    38,
    39,
    40,
    41,
    42
  ],
  "loss": [
    5459625706.666667,
    3339486464.0,
    1986674433.3333335,
    2488141870.666667,
    820955128.0,
    617380589.3333334,
    238843801.3333333,
    546872358.0,
    306011584.6666667,
    135273684.3333333,
    68266929.41666666,
    55023803.875,
    60661067.666666664,
    24687397.833333336,
    35996814.666666664,
    13058686.395833332,
    6787402.208333333,
    9589467.682291668,
    5362480.645833333,
    7439946.333333334,
    4679503.291666666,
    3300363.927083333,
    3469861.1770833335,
    2933210.036458333,
    5672797.708333335,
    7646610.1875,
    5395258.760416666,
    2762766.40625,
    2387198.71875,
    2744977.9739583335,
    2631811.2291666665,
    4566496.932291667,
    3284238.0833333335,
    4545465.0625,
    1287253.3750000002,
    1756868.5208333337,
    1888650.8671875,
    1630433.7083333333,
    1366156.8906250002,
    949273.6197916666,
    691456.6354166666,
    332085.5611979166
  ],
  "data_loss": [
    1.0300161739190419,
    1.1751155058542888,
    1.0446810126304626,
    1.06967464586099,
    1.1509520411491394,
    1.1430569688479106,
    1.1245577732721965,
    1.0648816227912903,
    1.1424383521080017,
    1.1008930603663127,
    1.0937534968058267,
    1.1076416969299316,
    1.0638582656780877,
    1.0275641679763794,
    1.1203871766726177,
    1.090519497791926,
    1.0987841884295144,
    1.1821014285087585,
    1.1307009061177573,
    1.0963274637858071,
    1.1456152399381,
    1.120181421438853,
    1.1181421478589375,
    1.1310402552286785,
    1.1487210591634114,
    1.1491660277048747,
    1.1004078090190887,
    1.1500936150550842,
    1.0667701760927835,
    1.12224276860555,
    1.150679588317871,
    1.1348567803700764,
    1.0616735517978668,
    1.1130103766918182,
    1.1600301663080852,
    1.147577166557312,
    1.1005855798721313,
    1.1318593422571817,
    1.0913582841555278,
    1.0955006678899128,
    1.100955843925476,
    1.1124923427899678
  ],
  "physics_loss": [
    7799465344.0,
    4770694954.666667,
    2838106333.3333335,
    3554488360.0,
    1172793034.6666667,
    881972301.3333334,
    341205430.6666667,
    781246246.6666666,
    437159410.6666667,
    193248124.0,
    97524186.66666666,
    78605434.5,
    86658667.33333334,
    35267711.5,
    51424022.33333333,
    18655266.291666668,
    9696288.458333332,
    13699239.296875,
    7660686.479166667,
    10628494.5,
    6685004.312499999,
    4714805.15625,
    4956944.197916666,
    4190299.71875,
    8103996.500000001,
    10923728.4375,
    7707512.124999999,
    3946808.78125,
    3410283.4166666665,
    3921396.7395833335,
    3759729.916666667,
    6523566.854166666,
    4691768.416666666,
    6493521.145833333,
    1838932.9114583333,
    2509811.6718750005,
    2698072.182291667,
    2329190.614583333,
    1951652.2161458333,
    1356104.7083333333,
    987794.7526041667,
    474407.46484375
  ],
  "val_loss": [
    3306114432.0,
    5029186944.0,
    1314616944.0,
    354392576.0,
    927714528.0,
    1309169692.0,
    20337150.0,
    18483987.5,
    91475592.0,
    50790722.0,
    28216821.5,
    35104356.0,
    8244522.25,
    47851392.0,
    6970244.5,
    14838959.5,
    11380856.0,
    2941470.125,
    1726228.6875,
    2312119.0,
    5976887.625,
    335894.515625,
    2706737.25,
    1528615.9375,
    2749407.25,
    1283943.125,
    925842.28125,
    3665098.375,
    345398.890625,
    2930209.84375,
    1293989.1875,
    3096542.875,
    1471623.1875,
    347022.53125,
    1207657.84375,
    913287.53125,
    568200.59375,
    3177217.625,
    554287.3203125,
    507120.8203125,
    383049.328125,
    1256664.0
  ],
  "val_data_loss": [
    0.8536262363195419,
    0.8536262363195419,
    0.853626161813736,
    0.8536262363195419,
    0.853626161813736,
    0.8536262363195419,
    0.8536262661218643,
    0.8536262363195419,
    0.853626161813736,
    0.853626161813736,
    0.853626161813736,
    0.853626161813736,
    0.8536262363195419,
    0.853626161813736,
    0.853626161813736,
    0.8536262661218643,
    0.8536262363195419,
    0.853626161813736,
    0.8536261767148972,
    0.8536262363195419,
    0.8536262363195419,
    0.853626161813736,
    0.8536262363195419,
    0.8536262363195419,
    0.8536262363195419,
    0.853626161813736,
    0.8536262363195419,
    0.853626161813736,
    0.853626161813736,
    0.8536262363195419,
    0.853626161813736,
    0.8536262363195419,
    0.8536262661218643,
    0.8536262363195419,
    0.8536262363195419,
    0.8536262363195419,
    0.8536262363195419,
    0.8536262363195419,
    0.853626161813736,
    0.8536262363195419,
    0.853626161813736,
    0.853626161813736
  ],
  "val_physics_loss": [
    4723020672.0,
    7184552960.0,
    1878024224.0,
    506275104.0,
    1325306528.0,
    1870242380.0,
    29053071.0,
    26405697.0,
    130679424.0,
    72558176.0,
    40309746.0,
    50149082.0,
    11777889.0,
    68359134.0,
    9957492.0,
    21198514.0,
    16258366.0,
    4202100.0,
    2466040.75,
    3303027.0,
    8538411.25,
    479848.9375,
    3866767.25,
    2183736.75,
    3927724.25,
    1834204.09375,
    1322631.5,
    5235854.25,
    493426.625,
    4186013.5,
    1848555.515625,
    4423632.375,
    2102318.5,
    495746.109375,
    1725225.15625,
    1304696.125,
    811714.8125,
    4538882.125,
    791838.65625,
    724457.96875,
    547212.953125,
    1795233.9375
  ],
  "alpha": [
    0.0499100387096405,
    0.04981764405965805,
    0.04984433948993683,
    0.049814898520708084,
    0.04978513345122337,
    0.0497608557343483,
    0.04971782863140106,
    0.04969067871570587,
    0.04968608543276787,
    0.049674179404973984,
    0.04966062307357788,
    0.0496370792388916,
    0.04962099716067314,
    0.049605999141931534,
    0.04957752674818039,
    0.04955858364701271,
    0.0495426207780838,
    0.04952602833509445,
    0.04951043426990509,
    0.049493592232465744,
    0.04947322979569435,
    0.049455881118774414,
    0.04943885654211044,
    0.049418918788433075,
    0.0493910014629364,
    0.049362726509571075,
    0.04934556782245636,
    0.049325279891490936,
    0.04929814487695694,
    0.049274004995822906,
    0.04924822598695755,
    0.04922768473625183,
    0.049206726253032684,
    0.04918709024786949,
    0.049158647656440735,
    0.04913284629583359,
    0.049110397696495056,
    0.04908144846558571,
    0.049051057547330856,
    0.049023136496543884,
    0.04899704456329346,
    0.04896955564618111
  ],
  "sigma": [
    0.0,
    0.0,
    0.0,
    0.0,
    0.0,
    0.0,
    0.0,
    0.0,
    0.0,
    0.0,
    0.0,
    0.0,
    0.0,
    0.0,
    0.0,
    0.0,
    0.0,
    0.0,
    0.0,
    0.0,
    0.0,
    0.0,
    0.0,
    0.0,
    0.0,
    0.0,
    0.0,
    0.0,
    0.0,
    0.0,
    0.0,
    0.0,
    0.0,
    0.0,
    0.0,
    0.0,
    0.0,
    0.0,
    0.0,
    0.0,
    0.0,
    0.0
  ],