{
  "epochs": [
    1,
    2,
    3,
    4,
    5,
    6,
    7,
    8,
    9,
    10,
    11,
    12,
    13,
    14,
    15,
    16,
    17,
    18,
    19,
    20,
    21,
    22,
    23,
    24,
    25,
    26,
    27,
    28,
    29,
    30,
    31,
    32,
    33,
    34,
    35,
    36,
    37,
    38,
    39,
    40,
    41,
    42,
    43,
    44,
    45,
    46,
    47,
    48
  ],
  "loss": [
    9614073930.666666,
    13931714488.0,
    7368309845.333334,
    1593717508.0,
    12025248725.333334,
    2305322240.0,
    354314108.6666667,
    215444673.33333334,
    120692765.33333334,
    2089160666.6666667,
    320217346.0,
    1638955082.6666665,
    1923914185.3333335,
    988612524.0,
    903427672.0,
    369333281.3333333,
    1168023718.3333335,
    311240223.8333333,
    849603498.5,
    56401707.0,
    699561830.6666666,
    93269453.66666667,
    61268556.916666664,
    262809237.0,
    291076766.4166666,
    13778135.333333336,
    240290536.0,
    66394521.99999999,
    49519535.25,
    26885722.833333336,
    55374427.166666664,
    16601041.0,
    12959829.0,
    3651235.416666667,
    5571514.25,
    11079115.166666666,
    38893336.25,
    7461827.75,
    6203873.041666666,
    6960541.848958333,
    29587898.5,
    3063311.625,
    1602220.6041666667,
    36488551.5,
    2034900.7552083335,
    3996968.25,
    4273511.791666666,
    1410396.2083333333
  ],
  "data_loss": [
    1.0217518011728923,
    0.9703862766424816,
    1.1953221559524536,
    0.8968315223852793,
    1.0738873879114785,
    0.7399688561757405,
    0.5672906637191772,
    0.6924092173576354,
    1.058765133221944,
    1.035390039285024,
    0.9723840653896332,
    0.9090799540281295,
    1.212644894917806,
    0.9939818680286407,
    1.0253276427586873,
    0.3706724246342976,
    1.1901886065800984,
    0.7962128917376201,
    0.9153628150622051,
    1.1258375644683838,
    0.456675410270691,
    1.1744061311086018,
    0.48096259435017896,
    1.0985039671262107,
    1.1271940271059673,
    0.5595654609302679,
    0.6641463538010915,
    1.0674763321876526,
    1.0370605786641438,
    1.1241623957951865,
    0.7766254991292952,
    1.196449120839437,
    0.9976828098297119,
    0.9893897175788879,
    0.6922698517640432,
    1.1275793313980103,
    1.0312148928642273,
    1.1928367217381795,
    1.1188749074935913,
    1.0826412041982014,
    0.956710030635198,
    1.204058607419332,
    0.5889227986335753,
    1.0635625918706257,
    0.4921267827351888,
    -0.07113997141520179,
    1.2046953837076824,
    0.48025182882944734
  ],
  "physics_loss": [
    13734391168.0,
    19902450442.666668,
    10526156927.999998,
    2276739445.333333,
    17178927018.666668,
    3293317546.666667,
    506163020.0,
    307778114.6666666,
    172418238.6666667,
    2984515296.0,
    457453345.0833334,
    2341364394.6666665,
    2748448994.6666665,
    1412303614.6666667,
    1290610965.3333333,
    527618988.0,
    1668605290.6666667,
    444628893.3333333,
    1213719320.0,
    80573864.66666667,
    999374050.0000001,
    133242078.41666667,
    87526513.08333334,
    375441785.1666666,
    415823954.8333333,
    19683050.666666668,
    343272202.6666667,
    94849318.0,
    70742197.66666667,
    38408175.33333333,
    79106324.33333333,
    23715773.666666668,
    18514041.0,
    5216050.416666666,
    7959305.833333333,
    15827307.166666668,
    55561911.83333333,
    10659753.583333332,
    8862675.666666666,
    9943630.90625,
    42268428.0,
    4376159.083333334,
    2288886.3333333335,
    52126502.0,
    2907000.828125,
    5709954.833333334,
    6105016.333333334,
    2014851.5833333335
  ],
  "val_loss": [
    597591168.0,
    7414121.0,
    20397160.0,
    14899273728.0,
    4202299904.0,
    40584368.0,
    14758003.0,
    1545749248.0,
    5360701.0,
    589722432.0,
    3528698368.0,
    426445984.0,
    1613045504.0,
    350407904.0,
    3900143.0,
    225359312.0,
    43416972.0,
    454324192.0,
    8772538.0,
    2476113664.0,
    1298299.625,
    4337082.5,
    9119594.0,
    633401.625,
    11600046.0,
    4904961.0,
    9086347.0,
    299806.34375,
    2409096.5,
    1846042.25,
    1218589.5,
    2171913.75,
    1025751.75,
    2383597.75,
    249419536.0,
    7440504.0,
    9914086.0,
    518865.5,
    1240714.875,
    10221790.0,
    1605117.125,
    1390402.25,
    2298338.25,
    354356.4375,
    33044472.0,
    509142.3125,
    953342.0,
    3235624.25
  ],
  "val_data_loss": [
    1.0939711332321167,
    1.0939711332321167,
    1.0939712524414062,
    1.0939712524414062,
    1.0939711332321167,
    1.0939711332321167,
    1.0939712524414062,
    1.0939711332321167,
    1.0939711332321167,
    1.0939711332321167,
    1.0939711332321167,
    1.0939711332321167,
    1.0939711332321167,
    1.0939711332321167,
    1.0939711332321167,
    1.0939711332321167,
    1.0939711332321167,
    1.0939711332321167,
    1.0939711332321167,
    1.0939711332321167,
    1.0939711332321167,
    1.0939711332321167,
    1.0939711332321167,
    1.0939712524414062,
    1.0939712524414062,
    1.0939712524414062,
    1.0939711332321167,
    1.0939711332321167,
    1.0939712524414062,
    1.0939711332321167,
    1.0939711332321167,
    1.0939712524414062,
    1.0939711332321167,
    1.0939711332321167,
    1.0939711332321167,
    1.0939711332321167,
    1.0939712524414062,
    1.0939711332321167,
    1.0939711332321167,
    1.0939711332321167,
    1.0939711332321167,
    1.0939712524414062,
    1.0939711332321167,
    1.0939711332321167,
    1.0939711332321167,
    1.0939712524414062,
    1.0939712524414062,
    1.0939711332321167
  ],
  "val_physics_loss": [
    853701696.0,
    10591601.0,
    29138800.0,
    21284677632.0,
    6003285504.0,
    57977668.0,
    21082862.0,
    2208213248.0,
    7658143.5,
    842460672.0,
    5040997888.0,
    609208576.0,
    2304350720.0,
    500582720.0,
    5571632.5,
    321941888.0,
    62024244.0,
    649034560.0,
    12532197.0,
    3537305344.0,
    1854713.25,
    6195831.5,
    13027991.0,
    904859.0,
    16571494.0,
    7007086.5,
    12980496.0,
    428294.28125,
    3441566.0,
    2637202.75,
    1740841.625,
    3102733.75,
    1465359.25,
    3405139.5,
    356313632.0,
    10629291.0,
    14162980.0,
    741235.9375,
    1772449.375,
    14602557.0,
    2293024.0,
    1986288.375,
    3283340.0,
    506223.0,
    47206388.0,
    727345.6875,
    1361916.75,
    4622320.0
  ],
  "alpha": [
    0.04993075132369995,
    0.04996819049119949,
    0.05002744868397713,
    0.05005586892366409,
    0.05001115798950195,
    0.04993627220392227,
    0.049880679696798325,
    0.04984317347407341,
    0.049812331795692444,
    0.04978037253022194,
    0.04973800852894783,
    0.049706608057022095,
    0.049689993262290955,
    0.049681227654218674,
    0.049683891236782074,
    0.04968802630901337,
    0.04968223348259926,
    0.04967091232538223,
    0.04966827109456062,
    0.04966502636671066,
    0.04966524988412857,
    0.049664612859487534,
    0.04966172203421593,
    0.04966181889176369,
    0.049662135541439056,
    0.04966083541512489,
    0.049659356474876404,
    0.04964984953403473,
    0.04963978752493858,
    0.0496300607919693,
    0.04961641877889633,
    0.04960118606686592,
    0.049585066735744476,
    0.04956917092204094,
    0.04955301806330681,
    0.04953332617878914,
    0.049510657787323,
    0.04948914423584938,
    0.04946727305650711,
    0.04944594204425812,
    0.0494280606508255,
    0.04941307380795479,
    0.04939700663089752,
    0.04938124120235443,
    0.04936452582478523,
    0.0493471696972847,
    0.04932916909456253,
    0.04931250959634781
  ],