{
  "epochs": [
    1,
    2,
    3,
    4,
    5,
    6,
    7,
    8,
    9,
    10,
    11,
    12,
    13,
    14,
    15,
    16,
    17,
    18,
    19,
    20,
    21,
    22,
    23,
    24,
    25,
    26,
    27,
    28,
    29,
    30,
    31,
    32,
    33,
    34,
    35,
    36,
    37,
    38,
    39,
    40,
    41,
    42,
    43,
    44,
    45,
    46,
    47,
    48,
    49,
    50,
    51,
    52,
    53,
    54,
    55,
    56,
    57,
    58,
    59,
    60,
    61,
    62,
    63
  ],
  "loss": [
    8.1899294257164,
    4.424554054935773,
    1.4526217977205913,
    1.223739355802536,
    0.5504521429538727,
    0.7782774716615677,
    0.6891336987415949,
    0.5933953821659088,
    0.5039567550023397,
    0.5437196592489878,
    0.4156078944603602,
    0.3587675988674163,
    0.41054057578245795,
    0.3342004269361496,
    0.3986361275116603,
    0.3608045677344004,
    0.3509880006313324,
    0.3350079307953517,
    0.3567724078893661,
    0.34216097990671795,
    0.3665526707967123,
    0.33460680147012073,
    0.3601314524809519,
    0.3451776554187139,
    0.3730411430199941,
    0.3582122673590978,
    0.33498878777027136,
    0.3567215204238892,
    0.36896910270055133,
    0.35924050211906433,
    0.3572203814983368,
    0.35410091777642566,
    0.34868790705998737,
    0.3512323449055354,
    0.3305108174681663,
    0.3516860107580821,
    0.33172706266244256,
    0.342527836561203,
    0.3346789926290512,
    0.34492859492699307,
    0.3309312661488851,
    0.3386568675438563,
    0.3496947338183721,
    0.34756994744141895,
    0.3313169156511625,
    0.32946816583474475,
    0.3449853758017222,
    0.3522207389275233,
    0.32539980113506317,
    0.35142443577448523,
    0.36834557851155597,
    0.3536027669906616,
    0.3375134989619255,
    0.3304252425829569,
    0.36822350819905597,
    0.34904871384302777,
    0.353458767135938,
    0.36040670176347095,
    0.3542571465174357,
    0.34158261120319366,
    0.3320793534318606,
    0.3589466313521067,
    0.346982017159462
  ],
  "data_loss": [
    1.1447527408599854,
    1.1485655009746552,
    1.2207330862681072,
    1.2206460038820903,
    1.2206466396649678,
    1.184558779001236,
    1.2140328486760459,
    1.220380961894989,
    1.1113894482453663,
    1.1209258536497753,
    1.1462123493353527,
    1.107314755519231,
    1.1526805559794109,
    1.0827154318491619,
    1.163349489370982,
    1.1414142549037933,
    1.1527960896492004,
    1.0893939137458801,
    1.1591181357701619,
    1.120557536681493,
    1.2140179872512817,
    1.10051828622818,
    1.1841689745585124,
    1.1325000723203025,
    1.220381438732147,
    1.1646580199400585,
    1.1048954129219055,
    1.156974693139394,
    1.2080649336179097,
    1.1766957541306813,
    1.176888068517049,
    1.168758064508438,
    1.1544593274593353,
    1.1659695605436962,
    1.0880983074506123,
    1.1646600266297658,
    1.0967892011006675,
    1.1341109474500022,
    1.10746231675148,
    1.1442578732967377,
    1.090196281671524,
    1.120935390392939,
    1.1586518287658691,
    1.1528375446796417,
    1.100553462902705,
    1.0944872200489044,
    1.1462871034940083,
    1.1687203844388325,
    1.0784176886081696,
    1.1661771138509114,
    1.2204177180926006,
    1.1724908550580342,
    1.1164170900980632,
    1.0904654363791149,
    1.2139036655426025,
    1.1411358515421548,
    1.1511337558428447,
    1.1158675849437711,
    1.1643620332082112,
    1.1048708061377206,
    1.0807143648465476,
    1.164668361345927,
    1.1477207938830056
  ],
  "physics_loss": [
    11.209290737907095,
    5.828549017508824,
    1.5520027292271454,
    1.225065043816964,
    0.26322590249280137,
    0.6041569237907728,
    0.46417689323425293,
    0.324687252442042,
    0.24362844477097192,
    0.2963455685724815,
    0.10249168736239275,
    0.037961652191976704,
    0.09248057302708428,
    0.013408258091658354,
    0.07090179327254495,
    0.026257534899438422,
    0.007355957874096929,
    0.011699626067032416,
    0.012909946187088886,
    0.008562439237721264,
    0.003353224543388933,
    0.006359009363222866,
    0.006972496572416276,
    0.007753727472542474,
    0.009895289685421933,
    0.012592633681682248,
    0.005028780510959526,
    0.013755850338687498,
    0.00935658315817515,
    0.008902508571433524,
    0.005934213811997324,
    0.004962121485732496,
    0.003357279502476255,
    0.0020592295137854912,
    0.005830444589567681,
    0.0032685529440641408,
    0.0038432695631248257,
    0.00327790000786384,
    0.003486118434617917,
    0.002358891923601429,
    0.005531950717947135,
    0.0033946241213319204,
    0.0029988236686525247,
    0.0024552600419459245,
    0.0016440894299497208,
    0.001602826795230309,
    0.0015703250149575372,
    0.0022923000312099853,
    0.002677824542236825,
    0.00224470003740862,
    0.0031717694364488125,
    0.0026507126361442106,
    0.0036976705693329373,
    0.004693714901804924,
    0.005789135893185933,
    0.009582767961546777,
    0.01159802971718212,
    0.03663773147854954,
    0.007069314946420492,
    0.014459078044941029,
    0.011235749737049142,
    0.013637291810785731,
    0.003808233343685666
  ],
  "val_loss": [
    3.910358101129532,
    0.43848916888237,
    0.40322786569595337,
    0.8436339497566223,
    0.5709213018417358,
    1.0724506378173828,
    0.837754599750042,
    0.33445535600185394,
    0.3466021567583084,
    0.49573054909706116,
    0.2997640296816826,
    0.3020472750067711,
    0.29159606993198395,
    0.3531557321548462,
    0.29193810373544693,
    0.28796958923339844,
    0.2824384868144989,
    0.2828487530350685,
    0.2794167771935463,
    0.2803794965147972,
    0.2830800786614418,
    0.2790289893746376,
    0.27964773029088974,
    0.28010283410549164,
    0.2796037048101425,
    0.2805740237236023,
    0.2866341546177864,
    0.28066056221723557,
    0.27916157990694046,
    0.2836417183279991,
    0.27973567694425583,
    0.28172994405031204,
    0.2785807177424431,
    0.2788286656141281,
    0.27873531728982925,
    0.27858375012874603,
    0.279694601893425,
    0.27823932468891144,
    0.27822569757699966,
    0.28217262029647827,
    0.27941489964723587,
    0.280318908393383,
    0.2780085727572441,
    0.27868546545505524,
    0.27834363281726837,
    0.27814239263534546,
    0.27831418812274933,
    0.2783396616578102,
    0.27819550037384033,
    0.2791029140353203,
    0.2783384621143341,
    0.27831803262233734,
    0.2782764583826065,
    0.2811533659696579,
    0.28359735757112503,
    0.2786584123969078,
    0.29765285551548004,
    0.2802174761891365,
    0.2857093960046768,
    0.29315216839313507,
    0.28322457522153854,
    0.2782992273569107,
    0.28969191014766693
  ],