{
  "epochs": [
    1,
    2,
    3,
    4,
    5,
    6,
    7,
    8,
    9,
    10,
    11,
    12,
    13,
    14,
    15,
    16,
    17,
    18,
    19,
    20,
    21,
    22,
    23,
    24,
    25,
    26,
    27,
    28,
    29,
    30,
    31,
    32,
    33,
    34,
    35,
    36,
    37,
    38,
    39,
    40,
    41,
    42,
    43,
    44,
    45,
    46,
    47,
    48,
    49,
    50,
    51,
    52,
    53,
    54,
    55,
    56,
    57,
    58,
    59,
    60,
    61,
    62,
    63,
    64,
    65,
    66,
    67,
    68,
    69,
    70,
    71,
    72,
    73,
    74,
    75,
    76,
    77,
    78,
    79,
    80,
    81,
    82,
    83,
    84
  ],
  "loss": [
    2.5155225495497384,
    2.5481085777282715,
    0.43104231357574463,
    2.3542491594950357,
    0.3033673018217087,
    0.7240820129712422,
    0.5420848925908407,
    1.8666485150655112,
    1.177260677019755,
    0.5242392818133036,
    0.4129984974861145,
    0.3815275728702545,
    0.40836236377557117,
    0.6859471996625264,
    0.38354102770487464,
    0.8797027120987575,
    0.31488728026549023,
    0.4556987782319387,
    0.19568783541520438,
    0.23100261141856515,
    2.0319257279237113,
    2.520366693536441,
    0.3268529574076334,
    1.0577397247155509,
    0.546156922976176,
    0.24701658884684247,
    0.4387397766113281,
    0.45569756627082825,
    0.7032134383916854,
    0.29461956520875293,
    0.26395645240942633,
    0.36647561192512507,
    0.37464650472005206,
    0.25203004851937294,
    0.31049926082293194,
    0.31219949324925744,
    0.25706230103969574,
    0.44182082017262775,
    0.14024705688158673,
    0.47108039756615955,
    0.3696177005767822,
    0.3816430370012919,
    0.3291155795256297,
    0.44906314214070636,
    0.33925079305966693,
    0.32669147849082947,
    0.1080031245946884,
    0.2639218692978223,
    0.376328706741333,
    0.30034352342287696,
    0.36373787124951684,
    0.34185148278872174,
    0.3116086075703303,
    0.35224603613217675,
    0.05110246936480206,
    0.2280979057153066,
    0.2254268030325572,
    0.2997967352469762,
    0.2239684375623862,
    0.21243310223023099,
    0.11685529351234439,
    0.3434392462174098,
    0.3387974798679352,
    0.33738057812054956,
    0.37271658579508465,
    0.23571753005186716,
    0.33757467071215314,
    0.3370504677295685,
    0.3607193330923716,
    0.2742744336525599,
    0.27316611508528393,
    0.3335604965686798,
    0.2679157108068466,
    0.28643607099850976,
    0.20221193134784698,
    0.33142297963301337,
    0.2787315969665845,
    0.35840319593747455,
    0.35841062664985657,
    0.32303046186765033,
    0.3348296880722046,
    0.35733523964881897,
    0.23146392156680426,
    0.2379582151770592
  ],
  "data_loss": [
    0.8169988455871741,
    0.7339694748322169,
    0.7505255341529845,
    0.7272222340106964,
    0.29350225130716967,
    1.1232198278109233,
    1.0230271220207214,
    1.056591312090556,
    1.0658804575602214,
    1.196887731552124,
    1.186916708946228,
    1.1340905626614888,
    0.9899093508720398,
    0.7375975449879965,
    1.2048557996749878,
    0.9659323791662852,
    0.9113873740037282,
    1.1733430226643882,
    0.5094157258669535,
    0.7399527033170065,
    1.1332757274309795,
    0.7109309037526449,
    0.24845659732818604,
    0.2804694970448811,
    1.0807148416837056,
    0.14524481693903601,
    1.0427860220273335,
    1.0984552105267842,
    0.9783918460210165,
    0.9010815570751826,
    0.32630372047424316,
    0.5214654008547466,
    1.2091903289159138,
    0.7966759453217188,
    0.95057945450147,
    1.018708805243174,
    0.8412130276362101,
    1.197489619255066,
    0.44454371929168707,
    0.7697622776031494,
    0.9663980603218079,
    1.1377610564231873,
    1.0627361536026,
    1.2102349996566772,
    0.9874189694722494,
    0.9337281187375386,
    0.34747058153152466,
    0.8749373257160186,
    1.1754288474718728,
    0.8932896951834361,
    1.2007603247960408,
    1.1342296799023945,
    1.030836602052053,
    1.14028662443161,
    0.14343718687693274,
    0.7419378956158956,
    0.7486026932795843,
    0.9917139808336893,
    0.7384704649448395,
    0.7044247190157573,
    0.38423967361450195,
    0.9927628636360168,
    1.0951797366142273,
    1.1211862365404766,
    1.1324235399564109,
    0.7829183042049407,
    1.1088018616040547,
    1.0811347365379333,
    1.178685466448466,
    0.8502935965855916,
    0.8958959182103474,
    1.0984615286191304,
    0.8718524699409803,
    0.9387599428494772,
    0.6699097255865732,
    1.1013585925102234,
    0.9260970751444499,
    1.1906209389368692,
    1.1924771070480347,
    1.0720799565315247,
    1.0916778445243835,
    1.1877048015594482,
    0.7691646218299866,
    0.7905831933021544
  ],
  "physics_loss": [
    3.243461449940999,
    3.325596888860067,
    0.2941209226846695,
    3.0515464742978415,
    0.3075951784849167,
    0.5530229409535726,
    0.3359667907158534,
    2.2138159523407617,
    1.2249950567881267,
    0.23596136271953583,
    0.08131923153996466,
    0.059000542387366295,
    0.15912793995812535,
    0.6638113427907228,
    0.03154894895851612,
    0.8427471015602351,
    0.05924436822533608,
    0.1481369212269783,
    0.06123301386833191,
    0.012881127807001274,
    2.4170615871747336,
    3.295839411516984,
    0.36045137544473016,
    1.3908554514249167,
    0.31706066119174164,
    0.29063307493925095,
    0.17986278980970383,
    0.18023001185307902,
    0.5852798031022152,
    0.03470726807912191,
    0.23723618189493817,
    0.30005140975117683,
    0.01698485234131416,
    0.018610365378359955,
    0.03617917466908693,
    0.009409751743078232,
    0.0067119573553403224,
    0.11796274276760718,
    0.009834187726179758,
    0.34307387533287204,
    0.11385468362520139,
    0.057592452891791865,
    0.014706744501988092,
    0.12284662279610833,
    0.061464401738097266,
    0.06653290125541389,
    0.005374198507828017,
    0.00205808412283659,
    0.03385719742315511,
    0.046223717043176286,
    0.005013937712647021,
    0.00226080227488031,
    0.003368027275428176,
    0.014514344084697465,
    0.01153046078979969,
    0.007880754380797345,
    0.0012085599980006616,
    0.003260742717732986,
    0.0034675494146843753,
    0.001579546156184127,
    0.0022619757801294327,
    0.0651576790648202,
    0.014633640608129403,
    0.0014638223607713976,
    0.047127873986028135,
    0.0012028906494379044,
    0.007048720998379092,
    0.018157193204388022,
    0.010162396434073646,
    0.027409065049141642,
    0.006281899249491593,
    0.005745752869794766,
    0.009085659209328394,
    0.006868694288035234,
    0.0017700014092649023,
    0.001450551984210809,
    0.0012892233789898455,
    0.0017384406722461183,
    0.000953559724924465,
    0.002009228221140802,
    0.010466174494164685,
    0.0014625526576613386,
    0.0010207528442454834,
    0.00111892200463141
  ],