{
  "epochs": [
    1,
    2,
    3,
    4,
    5,
    6,
    7,
    8,
    9,
    10,
    11,
    12,
    13,
    14,
    15,
    16,
    17,
    18,
    19,
    20,
    21,
    22,
    23,
    24,
    25,
    26,
    27,
    28,
    29,
    30,
    31,
    32,
    33,
    34,
    35,
    36,
    37
  ],
  "loss": [
    162160005120.00003,
    48424487765.333336,
    5969014336.0,
    8617411413.333334,
    3503121696.0,
    645584688.0,
    2621267978.666667,
    1199352576.0,
    352651898.0,
    413306131.3333333,
    691255740.0,
    513466279.3333334,
    68306090.66666666,
    79100116.66666667,
    55094875.666666664,
    43162886.5,
    19297737.0,
    33632432.83333333,
    49669741.66666666,
    23255000.333333332,
    44698101.5,
    19073091.333333332,
    40110079.75,
    47491183.25,
    78202262.75,
    35671367.0,
    33497626.0,
    31352100.833333332,
    34426565.75,
    37744407.166666664,
    18081552.666666664,
    37882373.833333336,
    7213769.5,
    11516906.541666666,
    69187318.25,
    38759861.166666664,
    18787989.333333336
  ],
  "data_loss": [
    1.1970576643943787,
    1.2260843416055043,
    1.2066538731257122,
    1.139699319998423,
    1.106455753246943,
    1.178234229485194,
    1.2092228531837463,
    1.1730153659979503,
    1.1737936933835347,
    1.1784785985946653,
    1.206080436706543,
    1.2301063736279805,
    1.1656529506047566,
    1.170810987552007,
    1.2229174574216208,
    1.1413479149341583,
    1.1627101997534435,
    1.14532271027565,
    1.2034115890661874,
    1.1976139843463898,
    1.279409408569336,
    1.1739515662193298,
    1.1819428006807964,
    1.1427692969640095,
    1.2538010875384014,
    1.1836006840070088,
    1.160504182179769,
    1.146267185608546,
    1.195850173632304,
    1.1381903986136117,
    1.1818495988845825,
    1.141053467988968,
    1.2671778202056885,
    1.1835370163122814,
    1.1504018406073253,
    1.2008162736892702,
    1.1729865173498788
  ],
  "physics_loss": [
    231657155925.33334,
    69177841152.0,
    8527163584.0,
    12310587562.666666,
    5004459637.333333,
    922263872.0,
    3744668522.6666665,
    1713360885.3333335,
    503788434.0,
    590437328.0000001,
    987508240.0000001,
    733523273.3333334,
    97580131.66666667,
    113000171.0,
    78706966.33333334,
    61661269.33333334,
    27568195.666666664,
    48046333.33333333,
    70956775.0,
    33221429.249999996,
    63854433.66666666,
    27247274.166666664,
    57300114.75,
    67844546.75,
    111717522.66666667,
    50959095.166666664,
    47853751.16666667,
    44788716.583333336,
    49180809.41666667,
    53920582.166666664,
    25830789.666666664,
    54117677.166666664,
    10305384.666666668,
    16452723.500000002,
    98839026.66666667,
    55371230.166666664,
    26839984.75
  ],
  "val_loss": [
    93303627776.0,
    10258119360.0,
    7866975488.0,
    3064926080.0,
    75367654.0,
    784881760.0,
    1302089056.0,
    316279240.0,
    1768324960.0,
    117682758.0,
    359859136.0,
    36791187.0,
    14365749.5,
    67432015.0,
    45148952.0,
    17905407.5,
    6603854.0,
    52382144.0,
    22984981.0,
    36231292.5,
    16556634.5,
    14481911.0,
    12818916.75,
    79734580.0,
    46493507.0,
    15754796.5,
    30023491.875,
    15765633.0,
    20126988.0,
    16954854.25,
    9254378.25,
    8999144.25,
    7079626.0,
    19021594.25,
    40304643.5,
    87767926.0,
    20598678.5
  ],
  "val_data_loss": [
    0.6072150617837906,
    0.6072150617837906,
    0.6072150617837906,
    0.6072150617837906,
    0.607215017080307,
    0.6072150617837906,
    0.607215017080307,
    0.6072150468826294,
    0.6072150617837906,
    0.6072150617837906,
    0.607215017080307,
    0.6072150468826294,
    0.607215017080307,
    0.6072152107954025,
    0.6072150617837906,
    0.607215091586113,
    0.6072150617837906,
    0.6072150617837906,
    0.6072150617837906,
    0.6072150617837906,
    0.6072150617837906,
    0.6072150617837906,
    0.6072150617837906,
    0.607215091586113,
    0.607215017080307,
    0.6072150617837906,
    0.6072150617837906,
    0.607215091586113,
    0.6072152107954025,
    0.6072151213884354,
    0.6072150617837906,
    0.6072150617837906,
    0.607215166091919,
    0.607215091586113,
    0.6072150468826294,
    0.607215017080307,
    0.6072150468826294
  ],
  "val_physics_loss": [
    133290897408.0,
    14654455936.0,
    11238536448.0,
    4378465792.0,
    107668080.0,
    1121259648.0,
    1860127232.0,
    451827488.0,
    2526178512.0,
    168118224.0,
    514084496.0,
    52558838.0,
    20522499.0,
    96331452.0,
    64498504.0,
    25579154.5,
    9434077.0,
    74831635.0,
    32835688.0,
    51758991.0,
    23652335.0,
    20688444.0,
    18312738.5,
    113906542.0,
    66419294.25,
    22506852.0,
    42890703.25,
    22522334.0,
    28752841.0,
    24221220.5,
    13220540.25,
    12855920.75,
    10113751.5,
    27173706.5,
    57578062.0,
    125382749.0,
    29426684.0
  ],
  "alpha": [
    0.049920547753572464,
    0.049824900925159454,
    0.04977181553840637,
    0.049742478877305984,
    0.04972634091973305,
    0.04971720278263092,
    0.0497109554708004,
    0.04970626160502434,
    0.049703262746334076,
    0.04970167577266693,
    0.049701061099767685,
    0.04970093071460724,
    0.04970083385705948,
    0.04970058798789978,
    0.04970020800828934,
    0.04969990998506546,
    0.04969963803887367,
    0.04969940334558487,
    0.04969917610287666,
    0.04969896376132965,
    0.049698807299137115,
    0.049698665738105774,
    0.04969853535294533,
    0.04969846457242966,
    0.049698274582624435,
    0.04969792068004608,
    0.049697671085596085,
    0.04969745874404907,
    0.04969726875424385,
    0.04969712719321251,
    0.0496969148516655,
    0.049696628004312515,
    0.04969633370637894,
    0.049696117639541626,
    0.049695976078510284,
    0.04969583451747894,
    0.049695681780576706
  ],
  "sigma": [
    0.0,
    0.0,
    0.0,
    0.0,
    0.0,
    0.0,
    0.0,
    0.0,
    0.0,
    0.0,
    0.0,
    0.0,
    0.0,
    0.0,
    0.0,
    0.0,
    0.0,
    0.0,
    0.0,
    0.0,
    0.0,
    0.0,
    0.0,
    0.0,
    0.0,
    0.0,
    0.0,
    0.0,
    0.0,
    0.0,
    0.0,
    0.0,
    0.0,
    0.0,
    0.0,
    0.0,
    0.0
  ],
  "mu_eq": [
    2799.998291015625,
    2799.99658203125,
    2799.9951171875,
    2799.9951171875,
    2799.9951171875,
    2799.9951171875,
    2799.9951171875,
    2799.9951171875,
    2799.9951171875,
    2799.9951171875,
    2799.9951171875,
    2799.9951171875,
    2799.9951171875,
    2799.9951171875,
    2799.9951171875,
    2799.9951171875,
    2799.9951171875,
    2799.9951171875,
    2799.9951171875,
    2799.9951171875,
    2799.9951171875,
    2799.9951171875,
    2799.9951171875,
    2799.9951171875,
    2799.9951171875,
    2799.9951171875,
    2799.9951171875,
    2799.9951171875,
    2799.9951171875,
    2799.9951171875,
    2799.9951171875,
    2799.9951171875,
    2799.9951171875,
    2799.9951171875,
    2799.9951171875,
    2799.9951171875,
    2799.9951171875
  ],
  "gamma": [
    1.9984145164489746,
    1.9964923858642578,
    1.9954251050949097,
    1.9948382377624512,
    1.994517207145691,
    1.9943357706069946,
    1.9942107200622559,
    1.9941158294677734,
    1.9940547943115234,
    1.9940226078033447,
    1.9940106868743896,
    1.9940086603164673,
    1.9940069913864136,
    1.994002103805542,
    1.9939942359924316,
    1.9939879179000854,
    1.9939824342727661,
    1.9939775466918945,
    1.9939730167388916,
    1.9939689636230469,
    1.9939653873443604,
    1.9939621686935425,
    1.9939594268798828,
    1.993957757949829,
    1.9939537048339844,
    1.9939470291137695,
    1.9939417839050293,
    1.993937611579895,
    1.9939337968826294,
    1.9939308166503906,
    1.9939265251159668,
    1.9939208030700684,
    1.9939148426055908,
    1.993910312652588,
    1.9939079284667969,
    1.9939051866531372,
    1.9939017295837402
  ],