{
  "epochs": [
    1,
    2,
    3,
    4,
    5,
    6,
    7,
    8,
    9,
    10,
    11,
    12,
    13,
    14,
    15,
    16,
    17,
    18,
    19,
    20,
    21,
    22,
    23,
    24,
    25,
    26,
    27,
    28,
    29,
    30,
    31,
    32,
    33,
    34,
    35,
    36,
    37,
    38,
    39,
    40,
    41,
    42,
    43,
    44,
    45,
    46,
    47,
    48,
    49,
    50,
    51,
    52,
    53,
    54,
    55,
    56,
    57,
    58,
    59,
    60,
    61,
    62,
    63,
    64
  ],
  "loss": [
    3.9178970505793886,
    2.753489077091217,
    1.1179500669240952,
    1.113674521446228,
    0.8159649819135666,
    0.44972847898801166,
    0.46838030219078064,
    0.38814930121103924,
    0.3778188129266103,
    0.39029673735300696,
    0.3569385955731074,
    0.41543328762054443,
    0.3339662700891495,
    0.3471396168073018,
    0.3509059399366379,
    0.3181912923852603,
    0.34890227516492206,
    0.31649146725734073,
    0.33544643223285675,
    0.34091125677029294,
    0.3419530565539996,
    0.34749925633271533,
    0.34310176968574524,
    0.33654359976450604,
    0.3449591249227524,
    0.33345037202040356,
    0.3303924550612768,
    0.35341903318961465,
    0.33745515843232476,
    0.3181311214963595,
    0.3429470409949621,
    0.34606173137823737,
    0.336964671810468,
    0.34916028877099353,
    0.3357003132502238,
    0.3303333520889282,
    0.31446386128664017,
    0.33445950100819266,
    0.32532034317652386,
    0.3468288183212281,
    0.337506761153539,
    0.34222258130709327,
    0.3492992868026098,
    0.35286081333955127,
    0.33263859897851944,
    0.3325208400686582,
    0.3375590195258458,
    0.33229412138462067,
    0.31532751272122067,
    0.3251359661420187,
    0.344653382897377,
    0.3443622390429179,
    0.34578274190425873,
    0.3398173401753108,
    0.3367384274800619,
    0.33978065848350525,
    0.3560481617848078,
    0.3570435146490733,
    0.3656579454739889,
    0.34022881587346393,
    0.36550142367680866,
    0.34802584350109095,
    0.35412852962811786,
    0.32366715371608734
  ],
  "data_loss": [
    1.093444655338923,
    1.0720921953519187,
    1.0246641437212625,
    1.1571418245633442,
    1.16061536471049,
    1.1347611745198567,
    1.1256715655326843,
    1.1359066367149353,
    1.1292768915494282,
    1.147216538588206,
    1.104605883359909,
    1.1099393665790558,
    1.029643749197324,
    1.0801766713460286,
    1.1374480724334717,
    1.0436618725458782,
    1.1484402418136597,
    1.0479362706343334,
    1.1096683939297993,
    1.1310416162014008,
    1.1288308401902516,
    1.152074654897054,
    1.1391340692838032,
    1.1145677765210469,
    1.1361482242743175,
    1.097922017176946,
    1.0891493757565818,
    1.1311934192975361,
    1.114351063966751,
    1.0488521556059518,
    1.133383333683014,
    1.1417811612288156,
    1.117964118719101,
    1.1563997666041055,
    1.112436870733897,
    1.0967048704624176,
    1.041655997435252,
    1.1045311788717904,
    1.0746618807315826,
    1.144934376080831,
    1.11442431807518,
    1.1349396308263142,
    1.1594550808270774,
    1.1724961400032043,
    1.101641595363617,
    1.1038988729317982,
    1.1197785437107086,
    1.1006852388381958,
    1.0439464251200357,
    1.0781386196613312,
    1.1414131820201874,
    1.142487108707428,
    1.1458218495051067,
    1.1269643902778625,
    1.1156978209813437,
    1.1215360562006633,
    1.1678853233655293,
    1.1541294852892559,
    1.1634679436683655,
    1.1190754969914753,
    1.1696004271507263,
    1.1246275305747986,
    1.1513573328653972,
    1.061043123404185
  ],
  "physics_loss": [
    5.1283767092972985,
    3.474087741225958,
    1.1579297482967377,
    1.0950456839054823,
    0.6682577033837637,
    0.15614301090439162,
    0.18668402420977753,
    0.0676818611100316,
    0.05576533110191424,
    0.065902518418928,
    0.03650973395754894,
    0.11778781873484452,
    0.03581876750104129,
    0.032980849112694464,
    0.013816440691395352,
    0.007275307240585486,
    0.006243130774237215,
    0.003015118398858855,
    0.0036370051093399525,
    0.0022839411394670606,
    0.004719706465645382,
    0.0026812080565529564,
    0.0019450482116856922,
    0.0031046439544297755,
    0.005878069709676008,
    0.00581964838784188,
    0.005210898894195755,
    0.0200871386914514,
    0.004499751434195787,
    0.004964955364509175,
    0.004188614295950781,
    0.005039096247249593,
    0.0022506066403972604,
    0.003200507606379688,
    0.0028132075288643437,
    0.0018883944333841405,
    0.0028100711836790047,
    0.004428766512622436,
    0.0041739616232613725,
    0.004783563257660718,
    0.004542072070762515,
    0.0024866970876852674,
    0.0020896358958755927,
    0.0015885073128932468,
    0.003065866942051798,
    0.0019302515817495682,
    0.002322063121634225,
    0.0029836201768678925,
    0.003062244543495278,
    0.002420530033608278,
    0.0031848779957120614,
    0.00230870716040954,
    0.002908816910348832,
    0.002468594951399912,
    0.0028986727217367543,
    0.0047426255090006935,
    0.008117932321814198,
    0.015435217957322797,
    0.023739358138603475,
    0.006437357786732415,
    0.02088754891883582,
    0.015196527529042214,
    0.012459039610500136,
    0.007648876208501558
  ],
  "val_loss": [
    5.984772205352783,
    0.6237909272313118,
    1.5054045468568802,
    0.5131316781044006,
    0.5079098045825958,
    0.2651621997356415,
    0.31842266768217087,
    0.29837188869714737,
    0.32221563905477524,
    0.29396752268075943,
    0.37082958221435547,
    0.266613133251667,
    0.2588276267051697,
    0.2707212567329407,
    0.25778450816869736,
    0.25951483845710754,
    0.2579789087176323,
    0.260099396109581,
    0.2581344470381737,
    0.25697771459817886,
    0.2578393593430519,
    0.25704700499773026,
    0.25754518061876297,
    0.26051390171051025,
    0.2572513371706009,
    0.26383955776691437,
    0.2598814368247986,
    0.26083804666996,
    0.2569305896759033,
    0.2582610100507736,
    0.2589721456170082,
    0.25770527869462967,
    0.2606039494276047,
    0.2572750449180603,
    0.25835857540369034,
    0.2570783942937851,
    0.25906582176685333,
    0.2593641132116318,
    0.2589242085814476,
    0.2576858922839165,
    0.2572133392095566,
    0.25732918083667755,
    0.25742702186107635,
    0.2566852867603302,
    0.2573781982064247,
    0.2567470371723175,
    0.2583138048648834,
    0.2581699267029762,
    0.26275691390037537,
    0.25704215466976166,
    0.25689246505498886,
    0.25670860707759857,
    0.2576497718691826,
    0.25801342725753784,
    0.2574007734656334,
    0.2573280408978462,
    0.2651222199201584,
    0.2589977756142616,
    0.2595343738794327,
    0.2703123539686203,
    0.2610791176557541,
    0.25841084867715836,
    0.25922489911317825,
    0.26122745126485825
  ],