{
  "epochs": [
    1,
    2,
    3,
    4,
    5,
    6,
    7,
    8,
    9,
    10,
    11,
    12,
    13,
    14,
    15,
    16,
    17,
    18,
    19,
    20,
    21,
    22,
    23,
    24,
    25,
    26,
    27,
    28,
    29,
    30,
    31,
    32,
    33,
    34,
    35,
    36,
    37,
    38,
    39,
    40,
    41,
    42,
    43,
    44,
    45,
    46,
    47,
    48,
    49,
    50,
    51,
    52,
    53,
    54
  ],
  "loss": [
    2.0112320085366564,
    0.974925478299459,
    1.5913499742746355,
    0.8049571017424265,
    0.7334408611059189,
    0.7070796738068262,
    0.45361232757568365,
    0.3948771953582763,
    0.3960331579049428,
    0.3888798157374064,
    0.4222208013137181,
    0.3681751042604446,
    0.34521794070800144,
    0.3761895447969437,
    0.3362319668134054,
    0.3590984294811884,
    0.3681499809026718,
    0.3781879246234893,
    0.3522214740514755,
    0.35818805297215783,
    0.3761258920033773,
    0.367938444018364,
    0.3762943198283513,
    0.32942743599414825,
    0.37062443792819977,
    0.37242012719313305,
    0.34804128607114154,
    0.37073642512162525,
    0.3656957646210988,
    0.3743528922398885,
    0.36325194438298547,
    0.3377274746696154,
    0.37060842911402386,
    0.343869666258494,
    0.3820108622312546,
    0.33226533730824787,
    0.34121909240881604,
    0.36716884374618536,
    0.3861109763383866,
    0.35091156760851544,
    0.3687615891297658,
    0.3538449803988139,
    0.36808067560195923,
    0.34407271444797516,
    0.37776102125644684,
    0.3666771252950033,
    0.36562849084536236,
    0.3606916268666585,
    0.3580479274193446,
    0.35664229094982147,
    0.3561847507953644,
    0.38092024624347687,
    0.36377534270286555,
    0.35527767737706506
  ],
  "data_loss": [
    1.1612281799316406,
    1.2123261789480846,
    1.240694483121236,
    1.154406875371933,
    1.1983424921830494,
    1.2198124726613362,
    1.2264289458592732,
    1.0791887740294137,
    1.2170620560646057,
    1.27156267563502,
    1.2911941607793171,
    1.1884564658006034,
    1.1380649606386821,
    1.2174264391263325,
    1.08963343501091,
    1.177668958902359,
    1.2213645378748577,
    1.2402870456377666,
    1.1404053668181102,
    1.1681354244550068,
    1.225392570098241,
    1.2042815387248993,
    1.20306592186292,
    1.0750552117824554,
    1.2215866049130757,
    1.2319048444430034,
    1.1457543671131134,
    1.2278409600257874,
    1.206375519434611,
    1.2272719740867617,
    1.2058639923731487,
    1.1185768743356068,
    1.2064568996429443,
    1.138665686051051,
    1.258729577064514,
    1.1050800681114197,
    1.1190297802289328,
    1.192864308754603,
    1.2741447687149048,
    1.1468441883722942,
    1.2220944364865622,
    1.1371126373608909,
    1.2241073151429493,
    1.1291124125321705,
    1.247669021288554,
    1.202526569366455,
    1.1961776415507,
    1.182583709557851,
    1.1893235445022583,
    1.1753861308097837,
    1.1790070434411368,
    1.2606330315272014,
    1.197943905989329,
    1.1816024680932362
  ],
  "physics_loss": [
    2.3755194544792175,
    0.8731823350923757,
    1.7416309354205926,
    0.6551929141084354,
    0.5341972880996764,
    0.48733702798684436,
    0.12240519591917594,
    0.10160078853368759,
    0.04416359914466739,
    0.01058713401046892,
    0.049803619350617126,
    0.016625913810761027,
    0.005426346266176552,
    0.015659420751035213,
    0.013345602822179597,
    0.008282466248298684,
    0.0024865787903157375,
    0.008716854111601908,
    0.01442834509847065,
    0.011067728114236767,
    0.012154436282192668,
    0.009505659729863208,
    0.02196360431844369,
    0.009872659963245194,
    0.0059263479585448895,
    0.004069508402608335,
    0.0061642315704375505,
    0.0034059028160603098,
    0.005404418411975105,
    0.00881612077743436,
    0.002132471723598428,
    0.003077720912794272,
    0.012387636767622705,
    0.0032427857707565027,
    0.006274242463405244,
    0.0010590094510310641,
    0.007871634724627558,
    0.013299340906087307,
    0.005525049229618162,
    0.009797555588496227,
    0.0030474956147372723,
    0.01815882793744095,
    0.0012120839819544928,
    0.007627109492508074,
    0.0049432760376172755,
    0.008455919140639404,
    0.009678852938426038,
    0.008452133236763379,
    0.0017869439883118805,
    0.005752052025248607,
    0.0035466083985132477,
    0.0039004796417430048,
    0.0062745119697259115,
    0.0011384531632453825
  ],
  "val_loss": [
    1.1779669523239136,
    1.750778466463089,
    0.7321730554103851,
    0.30324171483516693,
    0.22157105803489685,
    0.2792769521474838,
    0.18750865757465363,
    0.26876799762248993,
    0.18925558030605316,
    0.3544839769601822,
    0.19340579956769943,
    0.1941208429634571,
    0.18992828950285912,
    0.1847139373421669,
    0.18492281436920166,
    0.18362779915332794,
    0.18533672764897346,
    0.19707328081130981,
    0.18314431607723236,
    0.1896299310028553,
    0.18288516625761986,
    0.19727597758173943,
    0.1844826117157936,
    0.19248801097273827,
    0.1828652136027813,
    0.18666376546025276,
    0.18329745158553123,
    0.1838098093867302,
    0.18288391828536987,
    0.18466618284583092,
    0.18641531467437744,
    0.18528641015291214,
    0.1866193301975727,
    0.182343490421772,
    0.18336616456508636,
    0.18269798904657364,
    0.18552299216389656,
    0.1889156587421894,
    0.1942589245736599,
    0.18352125957608223,
    0.18413209915161133,
    0.18314654752612114,
    0.1855541281402111,
    0.18501807749271393,
    0.19267510250210762,
    0.19448478892445564,
    0.1875731237232685,
    0.18623165786266327,
    0.18479449301958084,
    0.18656537681818008,
    0.18439896032214165,
    0.18259462341666222,
    0.18368980288505554,
    0.18247109651565552
  ],
  "val_data_loss": [
    0.6072152107954025,
    0.6072152107954025,
    0.6072150617837906,
    0.6072151213884354,
    0.607215091586113,
    0.607215017080307,
    0.607215017080307,
    0.6072150617837906,
    0.6072150468826294,
    0.607215166091919,
    0.6072149723768234,
    0.607215091586113,
    0.607215017080307,
    0.607215091586113,
    0.6072150617837906,
    0.6072150617837906,
    0.6072150617837906,
    0.607215017080307,
    0.6072150617837906,
    0.607215091586113,
    0.607215017080307,
    0.607215017080307,
    0.6072150468826294,
    0.607215017080307,
    0.607215091586113,
    0.607215091586113,
    0.6072150617837906,
    0.6072152107954025,
    0.6072150617837906,
    0.6072148680686951,
    0.6072151213884354,
    0.6072150617837906,
    0.6072151213884354,
    0.6072044372558594,
    0.6072151362895966,
    0.6072146594524384,
    0.6072138100862503,
    0.6072140038013458,
    0.6072141230106354,
    0.6072110831737518,
    0.6072090119123459,
    0.6072099506855011,
    0.6072115749120712,
    0.6072108149528503,
    0.6072085052728653,
    0.6072122156620026,
    0.607212021946907,
    0.6072093695402145,
    0.6072132289409637,
    0.6072070300579071,
    0.6072106063365936,
    0.6072115004062653,
    0.6072131544351578,
    0.607208862900734
  ],