{
  "epochs": [
    1,
    2,
    3,
    4,
    5,
    6,
    7,
    8,
    9,
    10,
    11,
    12,
    13,
    14,
    15,
    16,
    17,
    18,
    19,
    20,
    21,
    22,
    23,
    24,
    25,
    26,
    27,
    28,
    29,
    30,
    31,
    32,
    33,
    34,
    35,
    36,
    37,
    38,
    39,
    40,
    41,
    42,
    43,
    44,
    45,
    46,
    47,
    48,
    49,
    50,
    51,
    52,
    53,
    54,
    55,
    56,
    57,
    58,
    59,
    60
  ],
  "loss": [
    27349441792.0,
    8438629546.666666,
    11431164693.333336,
    650067200.0,
    2418096346.666667,
    539042922.6666666,
    164413313.33333334,
    1097722078.3333333,
    208382168.3333333,
    118895690.0,
    46449485.0,
    177822109.00000003,
    69748564.33333333,
    64362829.0,
    85596698.16666667,
    31744168.583333336,
    15151639.291666666,
    17917315.166666668,
    11603151.958333332,
    8687000.229166666,
    8563189.25,
    5457661.208333333,
    9441971.375,
    6473182.5625,
    3017971.2291666665,
    5520793.291666666,
    2399530.885416667,
    11389878.270833334,
    3676027.1458333335,
    10364507.458333334,
    3391249.229166667,
    8994042.447916668,
    4496832.953125,
    3551783.484375,
    4359619.125,
    4056638.2083333335,
    2125060.708333333,
    5531126.145833334,
    1718689.822916667,
    6065171.104166666,
    2199216.734375,
    4096437.479166667,
    8268841.375,
    4929593.489583333,
    5330234.427083333,
    2823057.9270833335,
    12329047.249999998,
    8824959.708333332,
    5631030.208333334,
    6159068.625,
    8340729.208333334,
    5694731.5625,
    4114516.916666667,
    4666989.447916666,
    3580519.604166667,
    2575581.4791666665,
    2893212.3802083335,
    2905146.3125,
    2841066.28125,
    1987849.5859375002
  ],
  "data_loss": [
    0.9864333868026733,
    1.0595019658406575,
    1.0642513235410054,
    1.0603767236073813,
    1.050882081190745,
    1.0443533460299175,
    1.0395356516043344,
    1.0665135582288106,
    1.0449568629264832,
    1.0412237842877707,
    0.9286349217096964,
    0.9805165628592174,
    1.0509826838970184,
    0.892846138526996,
    1.0331860780715942,
    1.0697875420252483,
    1.0663458704948425,
    1.0638128916422527,
    1.046223153670629,
    1.0354043543338776,
    1.049613118171692,
    1.0273900032043457,
    0.9953248500823975,
    1.011977642774582,
    1.0370177924633026,
    1.0320288240909576,
    1.0573185284932454,
    1.0535970628261566,
    1.0188375612099967,
    1.066203276316325,
    1.0662717819213867,
    0.9535851329565048,
    1.0582235455513,
    1.045953075091044,
    1.046520431836446,
    1.0485443075497944,
    1.0474941730499268,
    0.8917214746276538,
    0.8707288714746634,
    0.9840839505195618,
    0.9568469524383545,
    0.9972676634788513,
    1.0471038719018302,
    0.9131545970837275,
    1.0335491995016735,
    1.0507214963436127,
    1.0726899504661558,
    1.0325826207796733,
    1.0249528487523396,
    1.064841906229655,
    1.0506121615568798,
    1.0487578709920249,
    1.0514348844687142,
    1.0572050611178079,
    1.0421709915002186,
    1.0472272435824077,
    0.9788633386294048,
    0.9624067395925522,
    1.043101946512858,
    1.0541538000106812
  ],
  "physics_loss": [
    39070632106.66667,
    12055185258.666666,
    16330235498.666666,
    928667432.0,
    3454423434.6666665,
    770061338.6666667,
    234876165.33333334,
    1568174415.3333333,
    297688818.6666667,
    169850984.66666666,
    66356407.666666664,
    254031591.99999997,
    99640807.33333334,
    91946898.66666667,
    122281000.66666666,
    45348812.0,
    21645198.875,
    25596164.833333336,
    16575931.75,
    12410000.249999998,
    12233127.041666668,
    7796658.708333334,
    13488530.333333334,
    9247403.604166666,
    4311387.083333333,
    7886847.249999999,
    3427900.8124999995,
    16271254.541666666,
    5251466.875,
    14806439.166666668,
    4844641.458333333,
    12848632.187500002,
    6424046.78125,
    5073976.3203125,
    6228026.979166667,
    5795197.145833333,
    3035800.59375,
    7901608.875,
    2455270.875,
    8664530.333333332,
    3141737.8437499995,
    5852053.260416666,
    11812630.291666666,
    7042276.104166667,
    7614620.333333332,
    4032939.6250000005,
    17612924.479166668,
    12607085.0,
    8044328.416666666,
    8798669.4375,
    11915327.249999998,
    8135330.541666666,
    5877880.75,
    6667127.500000001,
    5115027.875,
    3679401.770833333,
    4133160.0520833335,
    4150208.53125,
    4058665.6875,
    2839784.6979166665
  ],
  "val_loss": [
    7226713344.0,
    9848738240.0,
    182615944.0,
    722976798.0,
    274225280.0,
    815329280.0,
    132804296.0,
    671762128.0,
    34639824.5,
    35093441.0,
    55571452.0,
    49064663.0,
    36812158.0,
    29268982.0,
    10465137.25,
    3945393.875,
    11166882.4375,
    5735079.375,
    10108916.625,
    11099687.0,
    7636072.25,
    1065125.8125,
    16507261.0,
    1648880.375,
    2336939.5,
    5391991.125,
    5139987.75,
    13477467.5,
    6093006.78125,
    1571941.1875,
    1334669.375,
    5842353.5,
    6115264.125,
    9473122.75,
    1758597.125,
    1795399.15625,
    3628620.8125,
    3727134.8125,
    1547694.34375,
    334234.0390625,
    1429235.9375,
    5156059.5,
    2615992.453125,
    1479666.828125,
    692159.84375,
    1494137.369140625,
    26245885.75,
    13458186.25,
    5918623.25,
    4343822.375,
    2488250.625,
    6287721.75,
    5913064.625,
    3470928.5,
    1881503.875,
    729659.921875,
    3289616.9375,
    701672.3125,
    1680280.0,
    1248293.125
  ],
  "val_data_loss": [
    0.505827322602272,
    0.5058272927999496,
    0.5058272927999496,
    0.5058272927999496,
    0.5058272629976273,
    0.5058272629976273,
    0.5058272331953049,
    0.505827322602272,
    0.5058272331953049,
    0.5058272927999496,
    0.505827322602272,
    0.5058272927999496,
    0.5058272629976273,
    0.5058272927999496,
    0.505827322602272,
    0.5058272629976273,
    0.5058272331953049,
    0.5058272331953049,
    0.5058272331953049,
    0.5058272331953049,
    0.5058272033929825,
    0.5058272629976273,
    0.5058272331953049,
    0.5058272331953049,
    0.5058272629976273,
    0.505827322602272,
    0.505827322602272,
    0.5058272927999496,
    0.5058272927999496,
    0.5058272331953049,
    0.505827322602272,
    0.5058272927999496,
    0.5058272927999496,
    0.5058272927999496,
    0.5058272331953049,
    0.5058272331953049,
    0.5058272927999496,
    0.505827322602272,
    0.5058272927999496,
    0.5058272331953049,
    0.505827322602272,
    0.5058272927999496,
    0.5058272927999496,
    0.5058272331953049,
    0.5058272927999496,
    0.5058272927999496,
    0.5058272331953049,
    0.5058272927999496,
    0.5058272927999496,
    0.5058272927999496,
    0.5058272331953049,
    0.5058272927999496,
    0.5058272331953049,
    0.5058272331953049,
    0.5058272927999496,
    0.505827322602272,
    0.5058272927999496,
    0.5058272927999496,
    0.5058272331953049,
    0.5058272927999496
  ],