{
  "epochs": [
    1,
    2,
    3,
    4,
    5,
    6,
    7,
    8,
    9,
    10,
    11,
    12,
    13,
    14,
    15,
    16,
    17,
    18,
    19,
    20,
    21,
    22,
    23,
    24,
    25,
    26,
    27,
    28,
    29,
    30,
    31,
    32,
    33,
    34,
    35,
    36,
    37,
    38,
    39,
    40,
    41,
    42,
    43,
    44,
    45,
    46,
    47,
    48,
    49,
    50,
    51,
    52,
    53,
    54,
    55,
    56,
    57,
    58,
    59,
    60,
    61,
    62,
    63,
    64,
    65,
    66,
    67,
    68,
    69,
    70,
    71,
    72,
    73,
    74,
    75,
    76,
    77,
    78,
    79,
    80,
    81,
    82,
    83,
    84,
    85,
    86,
    87
  ],
  "loss": [
    3.076935489972432,
    2.8564466635386148,
    0.9424525648355485,
    0.7687852482000985,
    0.6215596199035645,
    0.5618432213862737,
    0.501917153596878,
    0.517995352546374,
    0.38451080024242407,
    0.3911397159099579,
    0.35955679913361865,
    0.3664543529351552,
    0.3367879117528597,
    0.39049398402373,
    0.35624203582604724,
    0.35544951260089874,
    0.36092319587866467,
    0.34094755848248803,
    0.3504806607961655,
    0.3403497338294983,
    0.34789189696311956,
    0.34823617339134216,
    0.3411937604347865,
    0.3382738878329595,
    0.3228696286678314,
    0.34139192601044976,
    0.3492623418569565,
    0.33524567882219947,
    0.34490488966306054,
    0.3466053158044815,
    0.3537916839122772,
    0.33891312529643375,
    0.3319173107544581,
    0.33880575001239777,
    0.350790187716484,
    0.3280200238029162,
    0.32572148988644284,
    0.333481048544248,
    0.35004511475563044,
    0.3269540915886561,
    0.3514973570903142,
    0.322541909913222,
    0.3362090587615967,
    0.3376277635494868,
    0.3393947531779607,
    0.3344866732756297,
    0.34951897462209064,
    0.33775640527407325,
    0.3328392207622528,
    0.34394445021947223,
    0.3376047760248184,
    0.3054346504310767,
    0.3216192399462064,
    0.3374377439419428,
    0.33756370345751446,
    0.3433082898457845,
    0.3485675553480784,
    0.3266429553429286,
    0.3258400658766429,
    0.3400677045186361,
    0.3433522979418437,
    0.3432761679093043,
    0.3355017850796382,
    0.3279783253868421,
    0.32852334529161453,
    0.32738086332877475,
    0.34249169131120044,
    0.34478118518988293,
    0.35534235338370007,
    0.3336662550767263,
    0.34743618468443555,
    0.3450308740139007,
    0.3370012740294139,
    0.3313590064644814,
    0.34708444277445477,
    0.3366499642531077,
    0.34001787006855017,
    0.3445251037677129,
    0.3285144219795863,
    0.31285877153277397,
    0.3270019292831421,
    0.3338635563850402,
    0.35615504284699756,
    0.33883944153785706,
    0.34406307339668274,
    0.3332743148008982,
    0.32917846987644833
  ],
  "data_loss": [
    1.117660423119863,
    1.1029702126979828,
    1.159561316172282,
    1.139817237854004,
    1.1235711773236594,
    1.1588426033655803,
    1.1230377554893494,
    1.1410709122816722,
    1.1240286429723105,
    1.113161951303482,
    1.1084668338298798,
    1.0906950434048972,
    1.0861763556798298,
    1.16333669424057,
    1.1467687288920085,
    1.119399607181549,
    1.1548140843709311,
    1.115351269642512,
    1.1417073607444763,
    1.1225339968999226,
    1.141610066095988,
    1.1476447780927022,
    1.124592443307241,
    1.122629741827647,
    1.070961872736613,
    1.1280695994695027,
    1.1587529182434082,
    1.113090306520462,
    1.1471889019012451,
    1.1524736483891804,
    1.1725077827771504,
    1.1209934850533803,
    1.1023716926574707,
    1.1268619894981384,
    1.1670120557149253,
    1.0879257023334503,
    1.0832080145676932,
    1.1076875627040863,
    1.1620716651280723,
    1.0871917804082236,
    1.1654213865598042,
    1.0700765252113342,
    1.1171479225158691,
    1.123589277267456,
    1.129491001367569,
    1.1127176880836487,
    1.1607340971628823,
    1.1223309238751729,
    1.1036695837974548,
    1.1422321001688638,
    1.1222051580746968,
    1.0158665428558984,
    1.0658591091632843,
    1.1232717136542003,
    1.1149051984151206,
    1.1393259763717651,
    1.154828131198883,
    1.0812770227591197,
    1.0834969679514568,
    1.1270730296770732,
    1.1397111614545188,
    1.1423238615194957,
    1.115116467078527,
    1.0925363600254059,
    1.0938588778177896,
    1.0904472867647808,
    1.1396555105845132,
    1.1485566298166912,
    1.1822617451349893,
    1.1109044353167217,
    1.1556882460912068,
    1.1446110010147095,
    1.1220695873101552,
    1.098477840423584,
    1.1537624994913735,
    1.1147498488426208,
    1.1310730377833047,
    1.1312188108762105,
    1.090409368276596,
    1.0380874027808509,
    1.0800079206625621,
    1.1023386418819427,
    1.151057799657186,
    1.1129795809586844,
    1.119805137316386,
    1.1059907774130504,
    1.0903907318909964
  ],
  "physics_loss": [
    3.916624863942464,
    3.6079365412394204,
    0.8494059760123491,
    0.6097715323170027,
    0.40641178066531813,
    0.30598632122079533,
    0.23572258620212475,
    0.2509629602233569,
    0.06757458718493581,
    0.08170158757517736,
    0.03859534161165357,
    0.05606546578928828,
    0.015621418870675068,
    0.05927565755943457,
    0.017444871521244448,
    0.02804230394152303,
    0.020684230956248943,
    0.009060227622588474,
    0.01138349921287348,
    0.005127896457755317,
    0.0077269524917937815,
    0.0056324600397298745,
    0.005451455227254579,
    0.002121353871189058,
    0.0022586485041150204,
    0.0042443417478352785,
    0.0023377956725501767,
    0.0018836863067311544,
    0.0010688684124033898,
    0.0012331675873914112,
    0.0029133208639298873,
    0.0037358147965278476,
    0.001722556616490086,
    0.0010673502013863376,
    0.0009807923149007063,
    0.0023461460465720547,
    0.0010843800361423441,
    0.0016782339759326228,
    0.0020337264868430793,
    0.0011379283484226714,
    0.0026727542717708275,
    0.0021699405333492905,
    0.0015209677076200023,
    0.0007871016811501855,
    0.0007820646230053778,
    0.0009590719055267982,
    0.0018553308473201469,
    0.0015101797471288592,
    0.0024833390780258924,
    0.0018211521334402885,
    0.0013474520722714565,
    0.0009638222351592655,
    0.0026592741099496684,
    0.0006517331203212962,
    0.004417337261353774,
    0.002157826626595731,
    0.0030272870790213346,
    0.0032283315667882557,
    0.0011299433948200506,
    0.00277969076220567,
    0.002055625858095785,
    0.0008271316716369862,
    0.0013811843576453005,
    0.00031057554345655564,
    0.0005223789642817186,
    0.00035237707076400204,
    0.0008500423767448713,
    0.00030598695351121324,
    0.0009483102815768992,
    0.000564159299149954,
    0.001042414349891866,
    0.002353647301788442,
    0.000543405123607954,
    0.0025937720347428694,
    0.0013652623262411605,
    0.0031785604951437567,
    0.0009942094523770113,
    0.007370647433466123,
    0.0019880147350098314,
    0.002046485902004254,
    0.004285065394166547,
    0.004517060044842462,
    0.015482425728502372,
    0.007065070482591789,
    0.011602159550723929,
    0.002110097227462878,
    0.002944630757459284
  ],