{
  "epochs": [
    1,
    2,
    3,
    4,
    5,
    6,
    7,
    8,
    9,
    10,
    11,
    12,
    13,
    14,
    15,
    16,
    17,
    18,
    19,
    20,
    21,
    22,
    23,
    24,
    25,
    26,
    27,
    28,
    29,
    30,
    31,
    32,
    33,
    34,
    35,
    36,
    37,
    38,
    39,
    40
  ],
  "loss": [
    16.908841808636986,
    5.502174814542134,
    1.121012806892395,
    1.1627671917279558,
    0.5773589809735616,
    0.5595419506231943,
    0.4997284263372422,
    0.45939330756664276,
    0.3177899320920309,
    0.3536470333735148,
    0.389906366666158,
    0.3239193956057231,
    0.41040856142838794,
    0.3531537751356761,
    0.31117878636966145,
    0.30510733773310983,
    0.32992319762706757,
    0.32310631374518073,
    0.3279975950717926,
    0.3141169448693593,
    0.35825770596663153,
    0.34738267958164215,
    0.36245913306872046,
    0.33092293639977777,
    0.36985282599926,
    0.34010568261146545,
    0.3316564659277598,
    0.3270311852296194,
    0.28786686807870865,
    0.2998186027010282,
    0.331185186902682,
    0.34775249163309735,
    0.3321413546800613,
    0.3146472970644633,
    0.3254751513401667,
    0.33347721397876734,
    0.33231814702351886,
    0.3387759973605474,
    0.3249597102403641,
    0.31586918234825134
  ],
  "data_loss": [
    1.0561436812082925,
    1.0044590532779694,
    1.0597573121388755,
    1.0550024807453156,
    0.9632061471541723,
    1.036654273668925,
    1.0578343272209167,
    1.0469112694263458,
    0.9638535032669703,
    1.0556286374727886,
    1.0405403276284535,
    1.0511046051979065,
    0.99174036582311,
    0.9568606913089753,
    0.8942289045080541,
    0.9646450330813725,
    1.0551432768503823,
    1.0317841966946921,
    1.051628867785136,
    1.0312508145968118,
    1.0465255379676819,
    1.0600489775339763,
    1.0373361508051555,
    1.050620714823405,
    1.052083820104599,
    1.058289716641108,
    1.0488389829794564,
    1.0474199652671814,
    0.9449603060881296,
    0.978885958592097,
    1.0624897082646687,
    1.0568581422170005,
    1.0365622540314992,
    1.027561793724696,
    1.041514813899994,
    1.003200431664785,
    1.042639325062434,
    1.0260694324970245,
    1.0551196138064067,
    1.0347060958544414
  ],
  "physics_loss": [
    23.702855110168457,
    7.4297672510147095,
    1.1472651412089665,
    1.2089520692825317,
    0.41199588775634766,
    0.3550652464230855,
    0.2605401712159316,
    0.20759987520674864,
    0.04090552202736338,
    0.05279776205619176,
    0.11106322550525269,
    0.012268589188655218,
    0.1612663548439741,
    0.09442221947635214,
    0.06130014561737578,
    0.022448308300226927,
    0.01911457410703103,
    0.019387211844635505,
    0.017869882013959188,
    0.006773835513740778,
    0.06328576803207397,
    0.04195424588397145,
    0.07322609649660687,
    0.022481020229558148,
    0.07746810388440888,
    0.03231250665461023,
    0.024292508450647194,
    0.018293129047378898,
    0.006255375570617616,
    0.008789712407936653,
    0.017768932273611426,
    0.04385005705989897,
    0.030246664071455598,
    0.009112500410992652,
    0.018600992237528167,
    0.04645295285930236,
    0.027894777478650216,
    0.044221648170302316,
    0.012034017321032783,
    0.007796204881742597
  ],
  "val_loss": [
    7.164401054382324,
    2.061791777610779,
    0.8455297946929932,
    0.4811239689588547,
    0.6524093449115753,
    0.27517446875572205,
    0.18010828271508217,
    0.2160954475402832,
    0.3150515481829643,
    0.1690291427075863,
    0.16830416396260262,
    0.177895650267601,
    0.15746305882930756,
    0.16601379588246346,
    0.17388897016644478,
    0.16473876684904099,
    0.15804006531834602,
    0.24308322370052338,
    0.17214571312069893,
    0.15397268161177635,
    0.15738969296216965,
    0.21310753002762794,
    0.16733231395483017,
    0.17420737072825432,
    0.16759738326072693,
    0.16205726191401482,
    0.15877272188663483,
    0.15921732410788536,
    0.1548307128250599,
    0.20288825407624245,
    0.15461568161845207,
    0.16114313900470734,
    0.1606467217206955,
    0.15603185072541237,
    0.1779358610510826,
    0.17458880692720413,
    0.16049007326364517,
    0.1594405509531498,
    0.15533364564180374,
    0.15438903495669365
  ],
  "val_data_loss": [
    0.5058272629976273,
    0.5058272331953049,
    0.5058272331953049,
    0.505827322602272,
    0.5058273673057556,
    0.5058273524045944,
    0.5058272927999496,
    0.505827322602272,
    0.505827322602272,
    0.5058272927999496,
    0.5058272331953049,
    0.5058272331953049,
    0.5058272927999496,
    0.505827322602272,
    0.505827322602272,
    0.5058272927999496,
    0.5058272927999496,
    0.505827322602272,
    0.505827322602272,
    0.505827322602272,
    0.5058272927999496,
    0.5058272629976273,
    0.5058272927999496,
    0.5058272927999496,
    0.5058272927999496,
    0.5058272331953049,
    0.5058272629976273,
    0.5058272778987885,
    0.5058272927999496,
    0.5058272927999496,
    0.5058272331953049,
    0.5058272927999496,
    0.505827322602272,
    0.505827322602272,
    0.5058272629976273,
    0.5058272331953049,
    0.5058273524045944,
    0.5058272927999496,
    0.5058272182941437,
    0.5058272629976273
  ],
  "val_physics_loss": [
    10.018075942993164,
    2.7286336421966553,
    0.9911166876554489,
    0.4705367982387543,
    0.7152301892638206,
    0.17632322385907173,
    0.04051441326737404,
    0.09192463476210833,
    0.23329050606116652,
    0.024687073193490505,
    0.023651416646316648,
    0.03735353285446763,
    0.00816409895196557,
    0.020379413850605488,
    0.0316296755336225,
    0.01855796342715621,
    0.00898839277215302,
    0.13047860749065876,
    0.029139307094737887,
    0.0031778384000062943,
    0.008059287210926414,
    0.0876561978366226,
    0.02226303005591035,
    0.03208453767001629,
    0.022641694638878107,
    0.014727273490279913,
    0.010035048704594374,
    0.010670187417417765,
    0.004403600934892893,
    0.07305722148157656,
    0.004096443299204111,
    0.013421348296105862,
    0.01271216687746346,
    0.006119508296251297,
    0.03741096379235387,
    0.032629469176754355,
    0.012488370761275291,
    0.010989091242663562,
    0.005122110713273287,
    0.0037726470036432147
  ],
  "alpha": [
    0.04976990818977356,
    0.049655482172966,
    0.04958812892436981,
    0.04954313114285469,
    0.04951130598783493,
    0.04949069023132324,
    0.04947883263230324,
    0.04947154223918915,
    0.049465443938970566,
    0.04946030303835869,
    0.04945485293865204,
    0.04944901913404465,
    0.04944366589188576,
    0.04943917691707611,
    0.04943521320819855,
    0.04943133890628815,
    0.0494275763630867,
    0.04942295700311661,
    0.04941790550947189,
    0.04941323772072792,
    0.04940864443778992,
    0.04940351843833923,
    0.04939913749694824,
    0.04939569905400276,
    0.049390990287065506,
    0.049385786056518555,
    0.049381356686353683,
    0.04937632009387016,
    0.04937092959880829,
    0.04936559498310089,
    0.049360241740942,
    0.04935455694794655,
    0.04934863746166229,
    0.049343496561050415,
    0.04933756962418556,
    0.04933217912912369,
    0.04932739585638046,
    0.04932096228003502,
    0.0493156835436821,
    0.04930969700217247
  ],