{
  "epochs": [
    1,
    2,
    3,
    4,
    5,
    6,
    7,
    8,
    9,
    10,
    11,
    12,
    13,
    14,
    15,
    16,
    17,
    18,
    19,
    20,
    21,
    22,
    23,
    24,
    25,
    26,
    27,
    28,
    29,
    30,
    31,
    32,
    33,
    34,
    35,
    36,
    37,
    38,
    39,
    40,
    41,
    42,
    43,
    44,
    45,
    46,
    47,
    48,
    49,
    50,
    51,
    52,
    53,
    54,
    55,
    56,
    57
  ],
  "loss": [
    2.8683476448059086,
    1.770792563756307,
    1.0883126854896545,
    0.7060803174972534,
    0.49888978401819867,
    0.45869583884874976,
    0.4093498090902964,
    0.35941460231939953,
    0.32211898763974506,
    0.3428928107023239,
    0.3208348006010056,
    0.31143297255039215,
    0.30050191034873325,
    0.34023137390613556,
    0.3285469760497411,
    0.3319336970647176,
    0.32634235918521887,
    0.3184298674265544,
    0.3390269875526428,
    0.3338746676842371,
    0.31566306948661804,
    0.29197437067826587,
    0.30447379251321155,
    0.31982336938381195,
    0.32101944088935846,
    0.3108213394880295,
    0.31579696138699853,
    0.3242960075537364,
    0.29795808841784793,
    0.28838240355253214,
    0.31341417630513513,
    0.314081405599912,
    0.3144577344258626,
    0.3131859799226125,
    0.31523015598456067,
    0.3182214945554733,
    0.3133430480957031,
    0.32073343793551123,
    0.31281933685143787,
    0.31843697031339013,
    0.3215163151423136,
    0.2918510685364405,
    0.3219187607367833,
    0.32404006024201715,
    0.32286662856737774,
    0.316964199145635,
    0.31287666658560437,
    0.31962083776791894,
    0.31661013762156165,
    0.3186588784058889,
    0.3182027687629064,
    0.3221648782491684,
    0.3014540299773216,
    0.322736253341039,
    0.3176748106877009,
    0.32452628016471863,
    0.33554000159104663
  ],
  "data_loss": [
    1.0435288349787395,
    1.0604990720748901,
    0.9765488406022389,
    1.0394643346468608,
    1.0456345478693645,
    1.0112392604351044,
    1.0533657471338906,
    1.0299531519412994,
    0.9602518975734711,
    1.050814926624298,
    1.033416877190272,
    0.989262193441391,
    0.9503787954648336,
    1.0508453448613484,
    1.0539076328277588,
    1.0545083284378052,
    1.037345459063848,
    1.048932135105133,
    1.022693077723185,
    1.063007156054179,
    1.0359211067358653,
    0.9606223404407501,
    0.9956457813580831,
    1.0542827645937602,
    1.0520142714182534,
    1.0049376090367637,
    1.0300034979979198,
    1.061828851699829,
    0.9850667715072633,
    0.9442532459894817,
    1.0293743312358856,
    1.0348956783612568,
    1.0316516955693564,
    1.0290286839008331,
    1.0400513609250388,
    1.051803747812907,
    1.0401626626650493,
    1.066100577513377,
    1.0369144678115845,
    1.057294448216756,
    1.0628124276796977,
    0.9643980165322621,
    1.0565097033977509,
    1.0487086772918701,
    1.052927295366923,
    1.037505070368449,
    1.030127336581548,
    1.0550450881322224,
    1.0507691899935403,
    1.0522957841555278,
    1.051542341709137,
    1.0539000233014424,
    0.9830357333024343,
    1.0622513890266418,
    1.041741857926051,
    1.0634409586588542,
    0.9746173222859701
  ],
  "physics_loss": [
    3.6504129072030387,
    2.075204074382782,
    1.1362114648024242,
    0.5632014721632003,
    0.26457058389981586,
    0.22189148142933846,
    0.13334296643733978,
    0.07204091254000863,
    0.04863344070812066,
    0.03949760738760233,
    0.01544245503221949,
    0.02093472626681129,
    0.021983230796953045,
    0.03568251136069497,
    0.01767810876481235,
    0.022258833438778915,
    0.02162673297182967,
    0.005357446614652872,
    0.0460272219691736,
    0.021389300818555057,
    0.006981021355992803,
    0.0054109366998697315,
    0.00825721559037144,
    0.0050550289258050425,
    0.007735927511627476,
    0.01334292620110015,
    0.009708422585390508,
    0.008210491854697466,
    0.003482911890993516,
    0.00729487273686876,
    0.006574094761162996,
    0.005160988774150611,
    0.007088869305637976,
    0.006396230717655271,
    0.0045924817289536195,
    0.0038290783025634787,
    0.0018489022913854571,
    0.0012903564105120797,
    0.0024928339019728205,
    0.001783752755727619,
    0.0038179629385316125,
    0.0036166487746716785,
    0.007094052600829552,
    0.013467775715980679,
    0.009983491540576019,
    0.008160952556257447,
    0.005483502832551797,
    0.004438993249398967,
    0.0019705286831595004,
    0.004243037236543993,
    0.003914358734618872,
    0.008564089812959235,
    0.009347572107799351,
    0.005801176244858652,
    0.007360345101915301,
    0.007848558637003103,
    0.06164970524453868
  ],
  "val_loss": [
    2.084892749786377,
    0.7764365077018738,
    0.33244454860687256,
    0.2534458860754967,
    0.25294195115566254,
    0.18429650738835335,
    0.19543079286813736,
    0.1663329303264618,
    0.15842798352241516,
    0.16144100576639175,
    0.1543285846710205,
    0.15578242763876915,
    0.15382715687155724,
    0.16077250242233276,
    0.1554601714015007,
    0.1563970260322094,
    0.15472590923309326,
    0.20236055552959442,
    0.16532955318689346,
    0.15985341370105743,
    0.15276621282100677,
    0.1606220006942749,
    0.1541467383503914,
    0.15368255600333214,
    0.16599278524518013,
    0.1543031744658947,
    0.1536814533174038,
    0.15528565645217896,
    0.15645771473646164,
    0.1524728462100029,
    0.15357496961951256,
    0.15372855588793755,
    0.1535484977066517,
    0.15334323421120644,
    0.1526528224349022,
    0.15317058190703392,
    0.1524682380259037,
    0.15624621510505676,
    0.1533910110592842,
    0.15479594841599464,
    0.1528695598244667,
    0.15287873521447182,
    0.1580466777086258,
    0.15523617714643478,
    0.1525312326848507,
    0.15869906172156334,
    0.1573956161737442,
    0.15274595841765404,
    0.15265833213925362,
    0.15268422663211823,
    0.15603913366794586,
    0.15447035059332848,
    0.15332162007689476,
    0.15527211502194405,
    0.15284117683768272,
    0.17709900811314583,
    0.1645835041999817
  ],
  "val_data_loss": [
    0.5058272331953049,
    0.5058272629976273,
    0.5058272927999496,
    0.5058272778987885,
    0.5058272629976273,
    0.505827322602272,
    0.5058272927999496,
    0.5058272331953049,
    0.5058272629976273,
    0.5058272927999496,
    0.505827322602272,
    0.505827322602272,
    0.5058272927999496,
    0.505827322602272,
    0.5058272331953049,
    0.5058272927999496,
    0.5058272927999496,
    0.5058272927999496,
    0.5058272331953049,
    0.5058272927999496,
    0.5058272331953049,
    0.505827322602272,
    0.5058272927999496,
    0.5058272927999496,
    0.505827322602272,
    0.505827322602272,
    0.5058272927999496,
    0.5058273524045944,
    0.5058272927999496,
    0.505827322602272,
    0.5058272927999496,
    0.5058272629976273,
    0.5058272927999496,
    0.5058272033929825,
    0.5058272927999496,
    0.5058272927999496,
    0.5058272182941437,
    0.5058272927999496,
    0.505827322602272,
    0.5058272331953049,
    0.5058272927999496,
    0.5058272927999496,
    0.505827322602272,
    0.5058272927999496,
    0.5058272927999496,
    0.505827322602272,
    0.505827322602272,
    0.505827322602272,
    0.5058272927999496,
    0.5058272927999496,
    0.5058272927999496,
    0.505827322602272,
    0.5058272331953049,
    0.505827322602272,
    0.505827322602272,
    0.5058272927999496,
    0.5058272629976273
  ],