{
  "epochs": [
    1,
    2,
    3,
    4,
    5,
    6,
    7,
    8,
    9,
    10,
    11,
    12,
    13,
    14,
    15,
    16,
    17,
    18,
    19,
    20,
    21,
    22,
    23,
    24,
    25,
    26,
    27,
    28,
    29,
    30,
    31,
    32,
    33,
    34,
    35,
    36,
    37,
    38,
    39,
    40,
    41,
    42,
    43,
    44
  ],
  "loss": [
    19858658133.333336,
    4170990805.3333335,
    2714147968.0,
    522571245.3333334,
    1021294368.0,
    619874978.6666667,
    471488153.3333334,
    147061529.3333333,
    179158124.00000003,
    85726941.33333333,
    45364463.25,
    31471008.33333333,
    127303098.91666667,
    63185199.333333336,
    14609842.0,
    55127130.37499999,
    57710424.58333333,
    16315103.833333332,
    30229300.333333332,
    36675015.49999999,
    103917622.0,
    50997534.5,
    62131686.91666667,
    26212881.833333336,
    16746241.1875,
    15461434.25,
    13439347.875000002,
    7619642.270833333,
    27319521.4375,
    23396594.583333336,
    26573944.541666668,
    32210358.708333336,
    81717743.5,
    60913488.083333336,
    69177078.58333334,
    48967585.666666664,
    29909171.333333332,
    14000404.5,
    5452420.098958334,
    11081432.958333332,
    17551801.083333332,
    10968006.020833334,
    10138693.604166666,
    7681128.927083333
  ],
  "data_loss": [
    1.2402411897977195,
    1.224009652932485,
    1.2275628447532656,
    1.2939559618631997,
    1.277773678302765,
    1.2672617435455322,
    1.11664812763532,
    1.2627227505048115,
    1.2658910751342771,
    1.1836813191572826,
    1.1786718368530273,
    1.261492927869161,
    1.2259323199590049,
    1.1918583512306213,
    1.2520236770311992,
    1.1931433578332267,
    1.2461477120717366,
    1.2185262242952983,
    1.1631816228230794,
    1.1876395543416343,
    1.2429688771565754,
    1.1225585639476776,
    1.1778472264607747,
    1.2006079355875652,
    1.2672061125437417,
    1.1962171693642933,
    1.271996776262919,
    1.264666517575582,
    1.2401411334673564,
    1.1854874889055889,
    1.173281729221344,
    1.2691308458646138,
    1.0818964739640555,
    1.2171076834201813,
    1.1648419797420502,
    1.1823813418547313,
    1.1084040800730386,
    1.1975784897804258,
    1.1982272168000538,
    1.1733623345692952,
    1.1539312303066254,
    1.1601259211699166,
    1.1904650231202443,
    1.18178595105807
  ],
  "physics_loss": [
    28369512533.333332,
    5958558357.333334,
    3877354282.6666665,
    746530365.3333334,
    1458991978.6666667,
    885535701.3333334,
    673554508.0,
    210087902.6666667,
    255940186.6666667,
    122467059.0,
    64806376.25000001,
    44958583.5,
    181861575.91666666,
    90264573.33333334,
    20871203.083333332,
    78753043.75,
    82443466.16666667,
    23307291.750000004,
    43184714.08333333,
    52392880.29166666,
    148453750.83333334,
    72853622.25,
    88759554.83333334,
    37446974.5,
    23923202.020833336,
    22087762.916666668,
    19199068.25,
    10885202.729166666,
    39027888.20833333,
    33423707.270833336,
    37962778.541666664,
    46014799.791666664,
    116739636.8125,
    87019268.66666666,
    98824398.5,
    69953694.66666666,
    42727388.5,
    20000578.166666664,
    7789171.322916667,
    15830618.458333332,
    25074002.041666664,
    15668579.520833332,
    14483847.645833332,
    10973041.270833334
  ],
  "val_loss": [
    8023648512.0,
    5270956160.0,
    760873984.0,
    407421936.0,
    728800224.0,
    2118007360.0,
    317042428.0,
    493129744.0,
    70927920.0,
    13927930.0,
    86600462.0,
    59959739.25,
    37748192.0,
    15287877.0,
    18633467.5,
    40113710.625,
    15073385.0,
    145314788.0,
    11127031.875,
    3603032.0,
    40602045.5,
    11229796.0,
    40266441.0,
    2284461.1875,
    20965767.3125,
    3821578.375,
    5454430.25,
    13989273.59375,
    4750844.625,
    4739712.0,
    22239290.0,
    36009770.0,
    10951836.1875,
    47317601.0,
    47057932.0,
    6413300.375,
    6315180.3125,
    4235001.0625,
    4560729.125,
    2960918.375,
    11454201.5,
    4802451.375,
    2984921.625,
    10588507.6875
  ],
  "val_data_loss": [
    0.607215091586113,
    0.607215166091919,
    0.6072152107954025,
    0.607215091586113,
    0.607215091586113,
    0.6072150617837906,
    0.6072150468826294,
    0.607215166091919,
    0.6072150617837906,
    0.607215017080307,
    0.607215091586113,
    0.607215091586113,
    0.6072152107954025,
    0.607215017080307,
    0.6072150617837906,
    0.6072150617837906,
    0.6072150617837906,
    0.607215017080307,
    0.607215091586113,
    0.607215017080307,
    0.607215091586113,
    0.607215166091919,
    0.607215091586113,
    0.6072152107954025,
    0.6072150617837906,
    0.6072150617837906,
    0.607215091586113,
    0.607215091586113,
    0.6072150617837906,
    0.6072150617837906,
    0.6072150617837906,
    0.6072152107954025,
    0.607215091586113,
    0.6072152107954025,
    0.6072150617837906,
    0.6072150617837906,
    0.6072151213884354,
    0.607215091586113,
    0.607215017080307,
    0.607215017080307,
    0.6072152107954025,
    0.6072150617837906,
    0.6072150617837906,
    0.6072150468826294
  ],
  "val_physics_loss": [
    11462354944.0,
    7529937792.0,
    1086962848.0,
    582031344.0,
    1041143168.0,
    3025724800.0,
    452917776.0,
    704471056.0,
    101325600.0,
    19897043.0,
    123714947.0,
    85656773.5,
    53925988.0,
    21839825.0,
    26619240.0,
    57305302.5,
    21533407.0,
    207592561.0,
    15895760.0,
    5147188.5,
    58002925.0,
    16042566.0,
    57523488.0,
    3263515.875,
    29951095.25,
    5459397.75,
    7792042.875,
    19984676.125,
    6786920.75,
    6771017.25,
    31770414.0,
    51442529.625,
    15645479.75,
    67596574.0,
    67225618.0,
    9161858.125,
    9021685.9375,
    6050001.3125,
    6515327.0,
    4229883.25,
    16363145.75,
    6860644.375,
    4264173.5,
    15126440.3125
  ],
  "alpha": [
    0.050120461732149124,
    0.050281886011362076,
    0.05030970647931099,
    0.050292160362005234,
    0.0502953976392746,
    0.050329871475696564,
    0.05035368353128433,
    0.05035635083913803,
    0.05033088102936745,
    0.0503004714846611,
    0.05028536170721054,
    0.05028253048658371,
    0.05028111860156059,
    0.05027858912944794,
    0.05027230829000473,
    0.05025997757911682,
    0.05024944245815277,
    0.050238899886608124,
    0.05022779852151871,
    0.050218675285577774,
    0.05020112544298172,
    0.05017612874507904,
    0.05015474557876587,
    0.050134167075157166,
    0.05012211948633194,
    0.05011475086212158,
    0.05010319501161575,
    0.050089139491319656,
    0.05007641017436981,
    0.050065092742443085,
    0.05005309730768204,
    0.0500347837805748,
    0.050027888268232346,
    0.05001876503229141,
    0.04999883100390434,
    0.049992263317108154,
    0.04998108372092247,
    0.049962591379880905,
    0.0499475859105587,
    0.04993369057774544,
    0.04992573708295822,
    0.049922049045562744,
    0.049909111112356186,
    0.049893442541360855
  ],
  "sigma": [
    0.0,
    0.0,
    0.0,
    0.0,
    0.0,
    0.0,
    0.0,
    0.0,
    0.0,
    0.0,
    0.0,
    0.0,
    0.0,
    0.0,
    0.0,
    0.0,
    0.0,
    0.0,
    0.0,
    0.0,
    0.0,
    0.0,
    0.0,
    0.0,
    0.0,
    0.0,
    0.0,
    0.0,
    0.0,
    0.0,
    0.0,
    0.0,
    0.0,
    0.0,
    0.0,
    0.0,
    0.0,
    0.0,
    0.0,
    0.0,
    0.0,
    0.0,
    0.0,
    0.0
  ],