{
  "epochs": [
    1,
    2,
    3,
    4,
    5,
    6,
    7,
    8,
    9,
    10,
    11,
    12,
    13,
    14,
    15,
    16,
    17,
    18,
    19,
    20,
    21,
    22,
    23,
    24,
    25,
    26,
    27,
    28,
    29,
    30,
    31,
    32,
    33,
    34,
    35,
    36,
    37,
    38,
    39,
    40,
    41,
    42,
    43,
    44,
    45,
    46,
    47,
    48,
    49,
    50,
    51,
    52,
    53,
    54,
    55,
    56,
    57
  ],
  "loss": [
    4734816853.333333,
    3950214821.3333335,
    5485746944.0,
    783121554.6666666,
    876088602.6666666,
    886682456.0,
    259561268.0,
    90304090.66666667,
    130876337.33333333,
    82993200.66666667,
    25563937.833333332,
    28103360.333333336,
    16969377.708333332,
    7730970.375,
    8282150.625000001,
    10526992.125,
    12638504.817708334,
    3134766.916666667,
    2206216.03125,
    2500764.348958333,
    1150749.609375,
    2904947.119791667,
    3084591.135416667,
    2596931.416666667,
    2683476.7057291665,
    3980661.84375,
    3255388.666666667,
    6119039.036458334,
    9483540.0,
    2014973.3072916667,
    5035645.455729168,
    6241949.395833334,
    1785011.1822916667,
    1915317.322916667,
    5695731.130208333,
    3917903.71875,
    1481572.7499999998,
    3654252.072916667,
    2702631.5729166665,
    9658439.567708334,
    2357524.5625,
    3251742.1927083335,
    1887829.7903645833,
    1291956.6770833335,
    2751861.328125,
    664801.6927083333,
    5652444.8125,
    942480.1458333334,
    984640.4401041666,
    725736.2708333333,
    564210.2213541667,
    1073622.6490885415,
    573278.7350260416,
    558630.3229166666,
    2392433.434895833,
    739702.0364583334,
    558344.2213541667
  ],
  "data_loss": [
    1.200114756822586,
    1.1871228218078613,
    1.0637327531973522,
    1.1470279494921367,
    1.1328732073307037,
    1.1911432246367137,
    1.2327221333980563,
    1.1050830880800884,
    1.1785892347494762,
    1.2176140348116555,
    1.2926126519838967,
    1.1579234302043915,
    1.2372790674368541,
    1.2373559375603995,
    1.1488943497339885,
    1.1385855078697205,
    1.162576675415039,
    1.1851943035920462,
    1.1475344200929005,
    1.268017828464508,
    1.1450899938742318,
    1.1714217364788055,
    1.2355228066444397,
    1.2211784223715465,
    1.139445741971334,
    1.1434430678685505,
    1.1006219287713368,
    1.1540993750095367,
    1.1624993979930878,
    1.1685793002446494,
    1.2537892659505208,
    1.262432833512624,
    1.2368866801261902,
    1.2077350219090779,
    1.0960402687390647,
    1.164712349573771,
    1.194278528292974,
    1.1842576066652932,
    1.1533388296763103,
    1.2405283451080322,
    1.0680824518203735,
    1.1805851558844247,
    1.1077266335487366,
    1.1907278299331665,
    1.1653325160344443,
    1.2314784626166027,
    1.1963165799776712,
    1.1202321648597717,
    1.1423245271046956,
    1.2473570505777996,
    1.1093619962533317,
    1.2138626674811046,
    1.1487929821014404,
    1.173665463924408,
    1.119140257438024,
    1.2354743679364522,
    1.219705561796824
  ],
  "physics_loss": [
    6764024192.0,
    5643164042.666668,
    7836781482.666667,
    1118745096.0,
    1251555162.6666665,
    1266689226.0,
    370801808.00000006,
    129005848.00000001,
    186966202.0,
    118561714.66666666,
    36519911.33333333,
    40147657.5,
    24241968.291666664,
    11044243.041666666,
    11831643.708333334,
    15038560.208333334,
    18055006.71875,
    4478237.947916667,
    3151736.65625,
    3572519.8854166665,
    1643927.5104166665,
    4149924.1875,
    4406558.260416666,
    3709901.447916667,
    3833537.7031249995,
    5686659.494791668,
    4650554.666666667,
    8741483.739583334,
    13547914.145833332,
    2878532.7812499995,
    7193778.96875,
    8917070.208333334,
    2550015.395833333,
    2736167.0625000005,
    8136758.572916666,
    5597005.197916666,
    2116532.0729166665,
    5220359.807291666,
    3860901.84375,
    13797770.802083332,
    3367891.953125,
    4645345.671874999,
    2696899.354166667,
    1845651.8645833335,
    3931230.0625,
    949716.1953125,
    8074920.796875,
    1346399.7656249998,
    1406628.6979166667,
    1036765.5625,
    806014.1445312501,
    1533746.0976562502,
    818969.1393229166,
    798042.8333333334,
    3417761.5208333335,
    1056716.6953125,
    797634.078125
  ],
  "val_loss": [
    4747538432.0,
    635669424.0,
    2030538624.0,
    573915320.0,
    950698328.0,
    26559250.5,
    118416216.0,
    145860080.0,
    35764088.0,
    40454066.0,
    7492465.5,
    6329567.25,
    10036946.0,
    9241497.375,
    1430628.0625,
    8025410.75,
    534920.390625,
    892351.3125,
    1474269.09375,
    931184.2578125,
    12361800.984375,
    538457.828125,
    988977.84375,
    950068.15625,
    19161802.0,
    2027980.15625,
    4484667.75,
    2926991.5625,
    572967.8125,
    940094.15625,
    4652908.875,
    1915132.1875,
    3645690.33984375,
    1916590.9375,
    914881.40625,
    475672.21875,
    152705.70703125,
    935660.0,
    1832376.06640625,
    2596882.3125,
    156907.48828125,
    397434.859375,
    201537.1640625,
    484051.796875,
    755066.0703125,
    4109646.9375,
    654354.78125,
    1517541.0,
    160583.2578125,
    988342.8671875,
    1900638.38671875,
    3804914.375,
    749912.68359375,
    458548.3125,
    657547.12109375,
    2021626.15625,
    1978874.078125
  ],
  "val_data_loss": [
    0.607215091586113,
    0.6072150617837906,
    0.6072152107954025,
    0.6072150617837906,
    0.607215091586113,
    0.607215017080307,
    0.607215091586113,
    0.607215017080307,
    0.6072152107954025,
    0.6072150617837906,
    0.6072150617837906,
    0.6072152107954025,
    0.6072150617837906,
    0.6072152107954025,
    0.6072150617837906,
    0.607215017080307,
    0.6072151213884354,
    0.6072150617837906,
    0.6072150617837906,
    0.607215091586113,
    0.6072152107954025,
    0.6072151958942413,
    0.607215017080307,
    0.6072150468826294,
    0.6072150617837906,
    0.607215091586113,
    0.6072150617837906,
    0.6072151213884354,
    0.6072150617837906,
    0.6072150468826294,
    0.607215091586113,
    0.607215017080307,
    0.6072150617837906,
    0.607215091586113,
    0.6072150617837906,
    0.607215091586113,
    0.6072150468826294,
    0.607215091586113,
    0.607215091586113,
    0.607215091586113,
    0.6072150617837906,
    0.6072150617837906,
    0.607215091586113,
    0.6072150617837906,
    0.6072150617837906,
    0.607215091586113,
    0.607215091586113,
    0.6072151213884354,
    0.6072150617837906,
    0.607215017080307,
    0.6072150617837906,
    0.6072150617837906,
    0.607215017080307,
    0.607215091586113,
    0.6072150617837906,
    0.607215091586113,
    0.6072150617837906
  ],
  "val_physics_loss": [
    6782198016.0,
    908099200.0,
    2900769536.0,
    819879048.0,
    1358140488.0,
    37941787.5,
    169166032.0,
    208371540.0,
    51091554.0,
    57791523.0,
    10703521.75,
    9042238.75,
    14338494.75,
    13202139.5,
    2043754.125,
    11464872.0,
    764171.71875,
    1274787.3125,
    2106098.375,
    1330262.9765625,
    17659715.796875,
    769225.25,
    1412825.25,
    1357239.9375,
    27374004.0,
    2897114.34375,
    6406668.0625,
    4181416.5,
    818525.1875,
    1342991.375,
    6647012.375,
    2735903.0,
    5208128.765625,
    2737986.9375,
    1306973.1875,
    679531.46875,
    218150.7578125,
    1336656.84375,
    2617679.984375,
    3709831.6875,
    224153.30078125,
    567763.828125,
    287909.984375,
    691502.34375,
    1078665.5625,
    5870924.0,
    934792.3125,
    2167915.515625,
    229404.3984375,
    1411918.140625,
    2715197.4375,
    5435592.0,
    1071303.5859375,
    655068.8125,
    939352.765625,
    2888037.1875,
    2826962.90625
  ],