{
  "epochs": [
    1,
    2,
    3,
    4,
    5,
    6,
    7,
    8,
    9,
    10,
    11,
    12,
    13,
    14,
    15,
    16,
    17,
    18,
    19,
    20,
    21,
    22,
    23,
    24,
    25,
    26,
    27,
    28,
    29,
    30,
    31,
    32,
    33,
    34,
    35,
    36,
    37,
    38,
    39,
    40,
    41,
    42,
    43,
    44,
    45,
    46,
    47,
    48,
    49,
    50,
    51,
    52,
    53,
    54
  ],
  "loss": [
    7.471883575121562,
    7.774703512589136,
    2.6272524992624917,
    1.2087035775184634,
    0.8574787576993306,
    0.4957421272993088,
    1.9560018330812452,
    0.8562136491139729,
    1.046500543753306,
    0.4257599264383316,
    0.5062147825956345,
    0.4507668217023214,
    0.3868505706389745,
    0.3768939773241679,
    0.38923595845699316,
    0.3856827318668366,
    0.36543614168961847,
    0.32807846119006473,
    0.3590681155522665,
    0.3738198131322861,
    0.37505139907201135,
    0.3507728775342306,
    0.3574389318625132,
    0.3753109276294708,
    0.3588093866904577,
    0.36205106476942694,
    0.35990875462690985,
    0.3526195138692856,
    0.3567032863696416,
    0.3396957218647003,
    0.36127993464469904,
    0.31474977483352023,
    0.36705526709556574,
    0.3581098715464274,
    0.3589354107777278,
    0.3419281765818596,
    0.35154256224632263,
    0.3416029612223307,
    0.3305075764656067,
    0.35249832769234973,
    0.34681016206741333,
    0.3667470862468084,
    0.32549202938874566,
    0.35373887916405994,
    0.3602722237507502,
    0.3655159473419189,
    0.3571529885133107,
    0.34190303087234497,
    0.34006597101688385,
    0.34906939665476483,
    0.35751387973626453,
    0.3223771055539449,
    0.352010523279508,
    0.3412108893195788
  ],
  "data_loss": [
    1.0811287065347035,
    1.0208810567855835,
    1.1440325876077015,
    1.137431134780248,
    1.1194757322470346,
    1.105703979730606,
    1.1404875020186107,
    1.1636069019635518,
    1.094675749540329,
    1.1184875865777333,
    1.1407104333241782,
    1.175341248512268,
    1.2074192563692727,
    1.1119803090890248,
    1.189373811086019,
    1.1282437443733213,
    1.1904619534810383,
    1.0849979122479758,
    1.1799882650375366,
    1.2204631765683494,
    1.2201502521832783,
    1.1615388890107472,
    1.1678957839806874,
    1.2202344536781309,
    1.1900313099225364,
    1.2004379034042358,
    1.171054164568583,
    1.1667896509170532,
    1.1765862902005513,
    1.122345914443334,
    1.196466823418935,
    1.0378842701514561,
    1.2203444043795266,
    1.190155605475108,
    1.1927993694941204,
    1.137660562992096,
    1.1687693496545157,
    1.1364073654015858,
    1.0991553266843161,
    1.172387719154358,
    1.15275772412618,
    1.2203196287155151,
    1.0806814034779866,
    1.1686059137185414,
    1.1969345808029175,
    1.2141017317771912,
    1.1847111384073894,
    1.1356525421142578,
    1.1285996039708455,
    1.1608250240484874,
    1.1858888963858287,
    1.068778415520986,
    1.1701648235321045,
    1.1196628510951996
  ],
  "physics_loss": [
    10.210778286059696,
    10.669198468327522,
    3.2629183400422335,
    1.2392488966385522,
    0.7451943238265812,
    0.23432989620293182,
    2.3055080082267523,
    0.7244736813008785,
    1.0258540532862148,
    0.12887663456300893,
    0.234288040548563,
    0.14023489893103638,
    0.03517824628700813,
    0.061856961731488504,
    0.046319717153285936,
    0.06744227434198061,
    0.011853648000396788,
    0.003684394294396043,
    0.007245164733224859,
    0.010972640787561737,
    0.012866167817264794,
    0.003301720891613513,
    0.01010026006648938,
    0.013200814641701678,
    0.0025713924551382665,
    0.002742390478185068,
    0.012274984027802322,
    0.003689427336212248,
    0.005324831542869409,
    0.004274184660365185,
    0.0033426794689148664,
    0.004834957129787654,
    0.0013599074736703187,
    0.0015188177058007568,
    0.001565130485687405,
    0.0008999945712275802,
    0.0013024975875547777,
    0.0009724906897948434,
    0.0010870808619074523,
    0.001117140045001482,
    0.0014040381647646425,
    0.0009302508745652934,
    0.0018394302169326693,
    0.004510125892314439,
    0.0017026339094930638,
    0.0018363042133084189,
    0.0024851960867332914,
    0.0017246497542752575,
    0.0021229671741214893,
    0.0011741038470063359,
    0.002495987166184932,
    0.0024908049672376364,
    0.0013729410614663116,
    0.007588597877960032
  ],
  "val_loss": [
    0.764616996049881,
    4.215973764657974,
    0.8381460011005402,
    0.4179731011390686,
    0.6104314178228378,
    0.8935050070285797,
    0.4522136151790619,
    0.686999499797821,
    0.305559903383255,
    0.4052267521619797,
    0.3584468513727188,
    0.28895461559295654,
    0.2916368916630745,
    0.3242606967687607,
    0.3455076366662979,
    0.28064706176519394,
    0.2788494899868965,
    0.2852852940559387,
    0.278009295463562,
    0.2785748168826103,
    0.2798042371869087,
    0.2786048874258995,
    0.28154750168323517,
    0.2793729677796364,
    0.2779475525021553,
    0.27916304022073746,
    0.28076189011335373,
    0.27792125940322876,
    0.279724545776844,
    0.2782721221446991,
    0.2779359742999077,
    0.27871425449848175,
    0.27785030752420425,
    0.2778260037302971,
    0.2846205458045006,
    0.27792442589998245,
    0.2779075875878334,
    0.2781985029578209,
    0.278259739279747,
    0.277879998087883,
    0.2778765857219696,
    0.2778416648507118,
    0.27813620865345,
    0.27796167880296707,
    0.27786898612976074,
    0.27820684760808945,
    0.27858762443065643,
    0.28148892521858215,
    0.2786680608987808,
    0.2782745510339737,
    0.2781200483441353,
    0.2783554196357727,
    0.2778720557689667,
    0.27784421294927597
  ],
  "val_data_loss": [
    0.924158126115799,
    0.924158126115799,
    0.9241581857204437,
    0.924158126115799,
    0.924158126115799,
    0.924158126115799,
    0.9241581857204437,
    0.9241580665111542,
    0.9241581857204437,
    0.924158126115799,
    0.924158126115799,
    0.9241582453250885,
    0.924158126115799,
    0.924158126115799,
    0.9241581857204437,
    0.9241582453250885,
    0.924158126115799,
    0.9241582453250885,
    0.9241582453250885,
    0.9241581857204437,
    0.9241581857204437,
    0.9241581857204437,
    0.9241581857204437,
    0.9241581857204437,
    0.9241581857204437,
    0.9241581857204437,
    0.9241582453250885,
    0.9241581857204437,
    0.9241581857204437,
    0.924158126115799,
    0.9241581857204437,
    0.924158126115799,
    0.9241582453250885,
    0.9241581857204437,
    0.924158126115799,
    0.9241580665111542,
    0.9241581857204437,
    0.9241581857204437,
    0.9241581857204437,
    0.9241581857204437,
    0.9241581857204437,
    0.9241582453250885,
    0.9241581857204437,
    0.9241582453250885,
    0.9241581857204437,
    0.9241581857204437,
    0.9241581857204437,
    0.9241581857204437,
    0.924158126115799,
    0.9241581857204437,
    0.9241581857204437,
    0.9241581857204437,
    0.9241581857204437,
    0.9241581857204437
  ],