{
  "epochs": [
    1,
    2,
    3,
    4,
    5,
    6,
    7,
    8,
    9,
    10,
    11,
    12,
    13,
    14,
    15,
    16,
    17,
    18,
    19,
    20,
    21,
    22,
    23,
    24,
    25,
    26,
    27,
    28,
    29,
    30,
    31,
    32,
    33,
    34,
    35,
    36,
    37,
    38,
    39,
    40,
    41,
    42,
    43,
    44,
    45,
    46,
    47,
    48,
    49,
    50,
    51,
    52,
    53,
    54,
    55,
    56,
    57,
    58,
    59
  ],
  "loss": [
    10355540301.333334,
    11646494797.333334,
    2350985122.6666665,
    901775671.0,
    2205985298.666667,
    3389093520.0,
    1833378240.0,
    1717777869.3333335,
    221163642.00000003,
    269056118.6666666,
    136939986.8333333,
    54199772.66666667,
    40517950.87500001,
    121211293.91666666,
    40164346.25000001,
    31949905.41666667,
    68581747.74999999,
    35835608.10416667,
    36413522.45833333,
    27587055.614583332,
    6074917.3125,
    11800930.250000002,
    5146663.125,
    4614739.145833333,
    3065710.265625,
    6555343.270833334,
    5917802.250000001,
    2362861.828125,
    2337542.8125,
    1639241.015625,
    1792843.5520833333,
    3544451.5520833335,
    1765323.1380208335,
    2842954.6901041665,
    1683398.0052083335,
    4635503.786458334,
    6172779.018229165,
    1116879.3229166665,
    4721608.739583334,
    2602287.1354166665,
    5509594.901041666,
    1836459.2760416665,
    7975330.427083333,
    1992823.3229166665,
    2289582.4010416665,
    4297309.041666667,
    3413496.046875,
    1101665.609375,
    959469.8450520833,
    923747.4531249999,
    1809184.5468750002,
    503767.03125000006,
    873732.1028645833,
    507790.90234375,
    365897.5696614583,
    791203.5950520833,
    478374.5377604166,
    379203.421875,
    2972440.21875
  ],
  "data_loss": [
    1.1914726495742798,
    1.1570345362027485,
    1.1552320222059884,
    1.1581532557805378,
    1.1386312146981559,
    1.1783748269081116,
    1.1376515626907349,
    1.167762408653895,
    1.1754207611083984,
    1.0758126278718312,
    1.0889116326967874,
    1.1516393423080444,
    1.1488577822844188,
    1.0413834154605865,
    1.1354323228200276,
    1.125426322221756,
    1.1443924009799957,
    1.2206625938415527,
    1.128134181102117,
    1.1761536399523416,
    1.1895021398862202,
    1.1493375698725383,
    1.0905680457750957,
    1.152578055858612,
    1.160478115081787,
    1.163817912340164,
    1.1473763684431713,
    1.180062174797058,
    1.1121028363704681,
    1.108568290869395,
    1.1675957640012105,
    1.1158321400483449,
    1.1340829133987427,
    1.116729994614919,
    1.1843215227127075,
    1.1960607369740803,
    1.1457981765270233,
    1.037790874640147,
    1.1604655086994171,
    1.1324593226114907,
    1.1201938291390736,
    1.1645757059256236,
    1.1823059022426605,
    1.1586678127447765,
    1.108654131491979,
    1.1368096272150676,
    1.1400816539923349,
    1.1614099244276683,
    1.1896661718686423,
    1.1361262500286105,
    1.220040500164032,
    1.1763210594654083,
    1.2207491993904114,
    1.176305522521337,
    1.1362428267796834,
    1.1655369798342388,
    1.2076719204584756,
    1.152448485294978,
    1.1015858054161072
  ],
  "physics_loss": [
    14793629626.666666,
    16637849834.666668,
    3358550251.9999995,
    1288250979.3333333,
    3151407541.3333325,
    4841562160.0,
    2619111856.0,
    2453968456.0,
    315948056.5,
    384365892.0,
    195628555.99999997,
    77428248.0,
    57882788.66666667,
    173158993.08333334,
    57377636.58333334,
    45642722.666666664,
    97973929.54166666,
    51193724.94791667,
    52019319.5,
    39410079.64583333,
    8678453.020833334,
    16858471.541666664,
    7352375.645833333,
    6592484.187499999,
    4379585.833333333,
    9364775.895833334,
    8454002.78125,
    3375516.40625,
    3339346.427083333,
    2341772.3958333335,
    2561204.604166667,
    5063502.067708334,
    2521889.7265625,
    4061363.5781250005,
    2404853.755208333,
    6622147.838541666,
    8818255.40625,
    1595541.40625,
    6745155.166666667,
    3717552.7187500005,
    7870849.390625,
    2623512.739583333,
    11393328.7421875,
    2846889.9635416665,
    3270831.4635416665,
    6139012.53125,
    4876422.611328125,
    1573807.5052083335,
    1370670.6796875,
    1319638.7291666667,
    2584548.8750000005,
    719666.6822916666,
    1248188.2057291667,
    725415.09375,
    522710.3333333334,
    1130290.3776041665,
    683391.7057291666,
    541718.6822916666,
    4246342.885416667
  ],
  "val_loss": [
    3833070852.0,
    1802780372.0,
    5519811860.0,
    3398577248.0,
    2333811488.0,
    89246244.0,
    3631138592.0,
    7259726.625,
    635337840.0,
    248613624.0,
    76945576.0,
    110011324.0,
    35047930.25,
    198689408.0,
    28219054.0,
    9688164.75,
    11009288.375,
    7100853.5,
    7598127.25,
    7898204.5,
    5430607.5,
    2383285.0625,
    5062894.125,
    13268919.92578125,
    1832040.296875,
    6661958.21875,
    2512125.5625,
    849519.75,
    357992.0078125,
    441039.46875,
    1346174.65625,
    242027.75,
    1930568.564453125,
    6097526.125,
    574384.984375,
    16115019.03125,
    1213210.6875,
    26218776.5625,
    119206.1875,
    506914.109375,
    10464152.59375,
    6633056.6875,
    1069612.75,
    660178.810546875,
    1391033.1875,
    230585.58984375,
    1729426.845703125,
    910755.84375,
    3227719.0625,
    1334686.4375,
    1007160.15625,
    732589.64453125,
    281968.6171875,
    760640.7890625,
    295079.041015625,
    210252.2119140625,
    744760.4140625,
    425969.328125,
    148225.580078125
  ],
  "val_data_loss": [
    0.924158126115799,
    0.9241581857204437,
    0.9241581857204437,
    0.9241581857204437,
    0.924158126115799,
    0.924158126115799,
    0.9241581857204437,
    0.924158126115799,
    0.924158126115799,
    0.924158126115799,
    0.924158126115799,
    0.9241581857204437,
    0.9241582453250885,
    0.9241581857204437,
    0.9241581857204437,
    0.9241581857204437,
    0.9241581857204437,
    0.924158126115799,
    0.9241581857204437,
    0.9241581857204437,
    0.9241581857204437,
    0.924158126115799,
    0.9241581857204437,
    0.9241581857204437,
    0.9241581857204437,
    0.9241581857204437,
    0.9241581857204437,
    0.9241581857204437,
    0.9241581857204437,
    0.924158126115799,
    0.9241581857204437,
    0.924158126115799,
    0.9241581857204437,
    0.9241581857204437,
    0.9241581857204437,
    0.9241581857204437,
    0.924158126115799,
    0.924158126115799,
    0.9241581857204437,
    0.924158126115799,
    0.9241581857204437,
    0.9241581857204437,
    0.924158126115799,
    0.9241581857204437,
    0.9241581857204437,
    0.9241581857204437,
    0.9241581857204437,
    0.9241581857204437,
    0.9241581857204437,
    0.9241581857204437,
    0.9241581857204437,
    0.9241580665111542,
    0.924158126115799,
    0.9241582453250885,
    0.9241582453250885,
    0.924158126115799,
    0.924158126115799,
    0.924158126115799,
    0.9241582453250885
  ],