{
  "epochs": [
    1,
    2,
    3,
    4,
    5,
    6,
    7,
    8,
    9,
    10,
    11,
    12,
    13,
    14,
    15,
    16,
    17,
    18,
    19,
    20,
    21,
    22,
    23,
    24,
    25,
    26,
    27,
    28,
    29,
    30,
    31,
    32,
    33,
    34,
    35,
    36,
    37,
    38,
    39,
    40,
    41
  ],
  "loss": [
    18251807466.666668,
    2746062730.6666665,
    832907890.6666667,
    5405767896.000001,
    407832037.99999994,
    1156057490.0,
    341260232.0,
    110215358.83333333,
    63581994.33333333,
    217586541.3333333,
    165346591.8333333,
    150282583.3333333,
    30945890.75,
    50274893.49999999,
    191791846.99999997,
    93275810.83333333,
    46683818.12500001,
    18726678.333333332,
    9166522.999999998,
    8089069.291666667,
    12830483.166666666,
    19869679.958333332,
    10970149.375000002,
    2350124.614583333,
    3396480.9062500005,
    8086877.270833333,
    2805088.7083333335,
    7971808.53125,
    8252829.510416666,
    1951450.15625,
    2857611.979166666,
    1732778.2395833335,
    627776.3125,
    864280.9895833334,
    3312693.270833333,
    2849422.5052083335,
    6017316.9609375,
    1058642.8229166665,
    7778813.731770833,
    3155983.1927083335,
    1143876.6380208335
  ],
  "data_loss": [
    1.086572309335073,
    1.1378541092077892,
    1.134134183327357,
    1.1066683530807495,
    1.1409603555997214,
    1.1459966103235881,
    1.119101454814275,
    1.1375704805056253,
    1.1421093543370564,
    1.1322310368220012,
    1.1058485309282937,
    1.112378607193629,
    1.1400846739610035,
    1.1202461421489716,
    1.0668672521909077,
    1.0563876926898956,
    1.086835185686747,
    1.0800142486890156,
    1.122163434823354,
    1.077665090560913,
    1.1140315234661102,
    1.1218159695466359,
    1.0829751988252003,
    1.1134590903917947,
    1.1935230294863384,
    1.0959807336330414,
    1.1128161648909252,
    1.0946235855420432,
    1.0590260028839111,
    1.0959301193555198,
    1.1007677018642426,
    1.1711874802907307,
    1.1362903912862141,
    1.1211143136024475,
    1.1102859775225322,
    1.180294265349706,
    1.121534824371338,
    1.1315274039904277,
    1.0770208835601807,
    1.054548939069112,
    0.9814155399799348
  ],
  "physics_loss": [
    26074010666.666668,
    3922946858.666667,
    1189868421.3333333,
    7722525528.000001,
    582617205.3333333,
    1651510758.0000002,
    487514618.6666667,
    157450514.8333333,
    90831422.0,
    310837929.3333333,
    236209426.66666666,
    214689405.3333333,
    44208416.333333336,
    71821275.66666667,
    273988361.6666667,
    133251159.50000001,
    66691170.25,
    26752397.666666668,
    13095033.083333334,
    11555813.020833332,
    18329261.708333332,
    28385257.541666668,
    15671641.791666664,
    3357320.5416666665,
    4852115.0625,
    11552681.489583334,
    4007269.333333333,
    11388297.291666666,
    11789755.916666666,
    2787785.489583333,
    4082302.4583333335,
    2475396.9583333335,
    896822.8333333334,
    1234686.671875,
    4732418.661458333,
    4070603.114583333,
    8596166.984375,
    1512346.4583333335,
    11112591.106770834,
    4508547.125,
    1634109.0937499998
  ],
  "val_loss": [
    4223743584.0,
    1042219360.0,
    8098003712.0,
    205327712.0,
    1092813632.0,
    311616176.0,
    157101968.0,
    13161207.0,
    39068150.0,
    38744172.0,
    107415508.0,
    22288774.875,
    52730298.0,
    18575392.0,
    48313188.53125,
    24004907.25,
    7563669.0,
    10519264.5,
    7877336.25,
    11198662.0,
    453924.1953125,
    765778.0625,
    4582986.53125,
    955961.53125,
    3589842.34375,
    17506237.875,
    15876740.1953125,
    2072389.9375,
    9913384.0,
    712060.296875,
    1023081.765625,
    873964.5,
    9793736.75,
    691111.2578125,
    651620.0,
    651882.125,
    1583807.890625,
    849074.203125,
    958051.765625,
    6955092.0,
    3619935.515625
  ],
  "val_data_loss": [
    0.47586722299456596,
    0.4758672546595335,
    0.4758672546595335,
    0.47586722299456596,
    0.4758671931922436,
    0.4758671931922436,
    0.47586722299456596,
    0.4758672546595335,
    0.4758673142641783,
    0.4758672546595335,
    0.4758672844618559,
    0.47586722299456596,
    0.4758672546595335,
    0.4758672546595335,
    0.4758672546595335,
    0.47586721926927567,
    0.4758672546595335,
    0.4758672248572111,
    0.47586722299456596,
    0.47586722299456596,
    0.4758672546595335,
    0.47586722299456596,
    0.4758672844618559,
    0.4758672546595335,
    0.47586722299456596,
    0.47586722299456596,
    0.47586725279688835,
    0.4758672248572111,
    0.47586725279688835,
    0.47586722299456596,
    0.4758673142641783,
    0.4758671931922436,
    0.47586721926927567,
    0.475867073982954,
    0.4758672546595335,
    0.47586722299456596,
    0.4758671931922436,
    0.47586722299456596,
    0.47586722299456596,
    0.47586722299456596,
    0.4758672546595335
  ],
  "val_physics_loss": [
    6033919488.0,
    1488884848.0,
    11568576768.0,
    293325304.0,
    1561162328.0,
    445165968.0,
    224431380.0,
    18801724.5,
    55811643.0,
    55348818.0,
    153450724.0,
    31841107.125,
    75328998.0,
    26536275.0,
    69018841.90625,
    34292725.0,
    10805241.25,
    15027520.5,
    11253337.75,
    15998089.0,
    648462.96875,
    1093968.53125,
    6547123.5,
    1365659.1875,
    5128346.1875,
    25008912.96875,
    22681057.234375,
    2960556.9375,
    14161976.875,
    1017228.828125,
    1461545.15625,
    1248520.5625,
    13991052.75,
    987301.6640625,
    930885.53125,
    931260.03125,
    2262582.46875,
    1212963.0,
    1368645.25,
    9935845.375,
    5171336.25
  ],
  "alpha": [
    0.04997629299759865,
    0.04993985593318939,
    0.04984734579920769,
    0.04972267895936966,
    0.049588873982429504,
    0.049497202038764954,
    0.0494697242975235,
    0.04947023093700409,
    0.049444034695625305,
    0.04941096529364586,
    0.049399279057979584,
    0.04937204718589783,
    0.049345921725034714,
    0.049337029457092285,
    0.04933776706457138,
    0.04931463673710823,
    0.04930650070309639,
    0.04930588975548744,
    0.04928736388683319,
    0.04926300048828125,
    0.04924795776605606,
    0.04922924563288689,
    0.04921145364642143,
    0.049199193716049194,
    0.04918031394481659,
    0.04916027933359146,
    0.04914398863911629,
    0.04912518709897995,
    0.049104250967502594,
    0.04908766224980354,
    0.04906970262527466,
    0.0490504615008831,
    0.049030851572752,
    0.04901135712862015,
    0.04899020120501518,
    0.048970092087984085,
    0.04894920811057091,
    0.04892560467123985,
    0.048903703689575195,
    0.04888562113046646,
    0.048864368349313736
  ],
  "sigma": [
    0.0,
    0.0,
    0.0,
    0.0,
    0.0,
    0.0,
    0.0,
    0.0,
    0.0,
    0.0,
    0.0,
    0.0,
    0.0,
    0.0,
    0.0,
    0.0,
    0.0,
    0.0,
    0.0,
    0.0,
    0.0,
    0.0,
    0.0,
    0.0,
    0.0,
    0.0,
    0.0,
    0.0,
    0.0,
    0.0,
    0.0,
    0.0,
    0.0,
    0.0,
    0.0,
    0.0,
    0.0,
    0.0,
    0.0,
    0.0,
    0.0
  ],