{
  "epochs": [
    1,
    2,
    3,
    4,
    5,
    6,
    7,
    8,
    9,
    10,
    11,
    12,
    13,
    14,
    15,
    16,
    17,
    18,
    19,
    20,
    21,
    22,
    23,
    24,
    25,
    26,
    27,
    28,
    29,
    30,
    31,
    32,
    33,
    34,
    35,
    36,
    37,
    38,
    39
  ],
  "loss": [
    3.9257418960332875,
    2.101952224969864,
    1.7395137548446653,
    0.7759973754485447,
    1.427286167939504,
    0.6329438587029775,
    0.6277518570423126,
    0.5031852225462595,
    0.47955320278803504,
    0.4917437235514323,
    0.38593205312887824,
    0.38714062670866645,
    0.3760627160469691,
    0.3556834856669108,
    0.3510116736094157,
    0.34210589279731113,
    0.33727969725926715,
    0.3485086858272552,
    0.3212757507960002,
    0.3341083228588104,
    0.34643286466598505,
    0.3093949531515439,
    0.3502342998981476,
    0.36097490787506104,
    0.33190253873666126,
    0.3440117339293162,
    0.32087284574906033,
    0.3511806478103002,
    0.3315836737553279,
    0.3415288080771764,
    0.33422976235548657,
    0.3453450699647268,
    0.3320267051458359,
    0.339549054702123,
    0.3499039709568024,
    0.327085480093956,
    0.33963462213675183,
    0.3415032923221588,
    0.3406649579604467
  ],
  "data_loss": [
    1.0929078261057537,
    1.0702555576960244,
    1.0888750553131104,
    1.1278615097204845,
    1.088999629020691,
    1.0940265556176503,
    1.1054401993751526,
    1.0487823486328125,
    1.1204612453778584,
    1.1621272961298625,
    1.082863728205363,
    1.090147296587626,
    1.1379715601603189,
    1.1493116915225983,
    1.1259955068429313,
    1.0998728374640148,
    1.0913974742094674,
    1.1322630047798157,
    1.0466349124908447,
    1.0993314683437347,
    1.1417973339557648,
    1.0082840472459793,
    1.1528664429982503,
    1.1907300154368083,
    1.0959171851476033,
    1.136279026667277,
    1.0623432497183483,
    1.1631513039271035,
    1.0922875702381134,
    1.131891260544459,
    1.1083526412645976,
    1.1423108478387198,
    1.1017826000849404,
    1.1290245751539867,
    1.149537553389867,
    1.0868974924087524,
    1.1263417303562164,
    1.1315389672915142,
    1.1299530565738678
  ],
  "physics_loss": [
    5.139813839147489,
    2.5441079729547105,
    2.0183588787913322,
    0.6251984598735969,
    1.5722661366065345,
    0.4353369896610578,
    0.4230282809585333,
    0.26935788492361706,
    0.20487831889962158,
    0.20443646113077799,
    0.08724702413504323,
    0.0858520461867253,
    0.049530335275145866,
    0.01555709591290603,
    0.01887573495817681,
    0.017348618207809828,
    0.01408634848970299,
    0.012613958038855346,
    0.01040752495949467,
    0.006155535869766028,
    0.0055623680430774885,
    0.009871039423160255,
    0.006249077589018271,
    0.005365556067166229,
    0.004467658058274537,
    0.004468592136011769,
    0.0030998015621056156,
    0.0031932038837112486,
    0.005567701261801025,
    0.0028020259730207426,
    0.002462796963906537,
    0.0037882927766380208,
    0.0021313110676904517,
    0.0012023930709498623,
    0.00720384707286333,
    0.001451737441432973,
    0.0024744133503797157,
    0.002916550991358235,
    0.0023986074374988675
  ],
  "val_loss": [
    3.0795950293540955,
    0.17739960923790932,
    0.7043768763542175,
    0.5278026163578033,
    0.2660404369235039,
    0.6287355720996857,
    0.41352614760398865,
    0.16000789403915405,
    0.2334679514169693,
    0.16407556645572186,
    0.17286528646945953,
    0.20085087791085243,
    0.16381758823990822,
    0.16413194127380848,
    0.14623722061514854,
    0.15801405534148216,
    0.14601338095963,
    0.14476575702428818,
    0.14343500323593616,
    0.1436104099266231,
    0.14494462311267853,
    0.14756986685097218,
    0.14569659857079387,
    0.14517477992922068,
    0.14601040910929441,
    0.14404434990137815,
    0.1451615197584033,
    0.1434848541393876,
    0.14446445181965828,
    0.14480900019407272,
    0.14389317482709885,
    0.14357761107385159,
    0.14398829732090235,
    0.14409830886870623,
    0.1476236656308174,
    0.1436380916275084,
    0.14447466749697924,
    0.14510958548635244,
    0.14382516220211983
  ],
  "val_data_loss": [
    0.4758671931922436,
    0.4758672844618559,
    0.47586722299456596,
    0.47586722299456596,
    0.4758672546595335,
    0.47586728259921074,
    0.4758672546595335,
    0.47586721926927567,
    0.47586722299456596,
    0.4758672546595335,
    0.47586722299456596,
    0.47586725279688835,
    0.4758672844618559,
    0.4758672546595335,
    0.4758673142641783,
    0.4758672546595335,
    0.4758672546595335,
    0.47586710564792156,
    0.47586722299456596,
    0.4758672248572111,
    0.47586734406650066,
    0.4758672546595335,
    0.4758671931922436,
    0.4758673142641783,
    0.47586722299456596,
    0.4758672546595335,
    0.4758672248572111,
    0.4758671894669533,
    0.4758672844618559,
    0.47586722299456596,
    0.4758672546595335,
    0.47586710564792156,
    0.4758672546595335,
    0.47586722299456596,
    0.47586710564792156,
    0.4758671894669533,
    0.47586722299456596,
    0.4758671894669533,
    0.47586725279688835
  ],
  "val_physics_loss": [
    4.195478603243828,
    0.04948488622903824,
    0.8023095726966858,
    0.5500606149435043,
    0.17611465603113174,
    0.6942505538463593,
    0.38680852949619293,
    0.024639608338475227,
    0.1295825360575691,
    0.03045053780078888,
    0.04300730302929878,
    0.08298671431839466,
    0.030082005076110363,
    0.03053106996230781,
    0.0049671633169054985,
    0.021791245322674513,
    0.004647429450415075,
    0.002865173446480185,
    0.0009640424104873091,
    0.0012146319495514035,
    0.003120595123618841,
    0.006870963552501053,
    0.004194908950012177,
    0.0034494021674618125,
    0.004643183667212725,
    0.0018345134449191391,
    0.003430489217862487,
    0.0010352750250604004,
    0.0024346497957594693,
    0.0029268867801874876,
    0.0016185546410270035,
    0.0011678074370138347,
    0.001754441880621016,
    0.00191161606926471,
    0.0069478838704526424,
    0.0012541770993266255,
    0.0024492641096003354,
    0.003356317349243909,
    0.0015214021550491452
  ],
  "alpha": [
    0.049726177006959915,
    0.04948529601097107,
    0.049322277307510376,
    0.04919165372848511,
    0.04909859597682953,
    0.04901621863245964,
    0.048907168209552765,
    0.04878989979624748,
    0.0487106516957283,
    0.04863797128200531,
    0.04856814444065094,
    0.04850788787007332,
    0.04846251755952835,
    0.048423394560813904,
    0.04838262498378754,
    0.04834006726741791,
    0.04829812049865723,
    0.04825737699866295,
    0.04821907728910446,
    0.04818060249090195,
    0.04813879728317261,
    0.04809083417057991,
    0.04804043471813202,
    0.047983381897211075,
    0.04792701452970505,
    0.04786825180053711,
    0.04780739173293114,
    0.047746073454618454,
    0.0476815290749073,
    0.04762054234743118,
    0.04756147414445877,
    0.047498807311058044,
    0.047437239438295364,
    0.04737938195466995,
    0.047322943806648254,
    0.04726800695061684,
    0.04721314460039139,
    0.047157637774944305,
    0.04710076004266739
  ],