{
  "epochs": [
    1,
    2,
    3,
    4,
    5,
    6,
    7,
    8,
    9,
    10,
    11,
    12,
    13,
    14,
    15,
    16,
    17,
    18,
    19,
    20,
    21,
    22,
    23,
    24,
    25,
    26,
    27,
    28,
    29,
    30,
    31,
    32,
    33,
    34,
    35,
    36,
    37,
    38,
    39,
    40,
    41,
    42,
    43,
    44,
    45,
    46,
    47,
    48,
    49,
    50,
    51,
    52,
    53,
    54,
    55,
    56,
    57,
    58,
    59,
    60,
    61,
    62,
    63,
    64,
    65,
    66,
    67,
    68,
    69,
    70,
    71,
    72,
    73,
    74,
    75,
    76,
    77,
    78,
    79,
    80
  ],
  "loss": [
    2.4671482443809505,
    1.589197814464569,
    1.3839268287022908,
    0.5353498409191767,
    0.5437663495540619,
    0.4625455141067505,
    0.4139052132765452,
    0.38311527669429774,
    0.4572009096542994,
    0.41105291247367864,
    0.4160093913475672,
    0.36928250392278034,
    0.36393016080061596,
    0.35705876847108203,
    0.3291237105925878,
    0.32841732601324714,
    0.3253225684165955,
    0.32584234078725177,
    0.32437193393707275,
    0.29348517457644147,
    0.30553671220938367,
    0.3162596424420675,
    0.3103657315174739,
    0.3161885092655818,
    0.31522482136885327,
    0.31155551473299664,
    0.3172375112771988,
    0.32348351677258813,
    0.301384004453818,
    0.3224918842315674,
    0.30933560431003576,
    0.32226046919822693,
    0.31791337331136066,
    0.31894626716772717,
    0.3123833239078522,
    0.31587360799312597,
    0.3077981074651082,
    0.2923966273665428,
    0.31957975029945374,
    0.31764136254787445,
    0.2905090798934301,
    0.31894175708293915,
    0.30693482855955756,
    0.3172064920266469,
    0.3104349772135417,
    0.318271666765213,
    0.32373094558715815,
    0.32365340987841285,
    0.28690864394108456,
    0.31845994293689733,
    0.3187154084444046,
    0.3201824774344762,
    0.2928577736020088,
    0.3146054794390996,
    0.31805776556332904,
    0.3171918292840322,
    0.28722891459862393,
    0.2877652818957964,
    0.30171768367290497,
    0.27446721928815043,
    0.31837971011797583,
    0.316837618748347,
    0.31651389598846436,
    0.3130786369244258,
    0.3004781330625216,
    0.3112399006883303,
    0.2958890274167061,
    0.31286425391832984,
    0.3182484855254491,
    0.29349609961112344,
    0.3112809111674627,
    0.3181635985771815,
    0.32112009823322296,
    0.3210675567388534,
    0.3116422146558762,
    0.31798385580380756,
    0.31635113060474396,
    0.3115329593420028,
    0.290561909476916,
    0.306662584344546
  ],
  "data_loss": [
    1.0524856646855674,
    0.8746252357959747,
    1.0456909338633218,
    1.030796488126119,
    1.066104014714559,
    1.0621652801831565,
    1.0342249075571694,
    1.0601654251416524,
    0.9953641891479492,
    1.0476275384426117,
    1.0425877471764882,
    1.0381882786750793,
    1.0501879254976907,
    1.0484403371810913,
    1.0504141747951508,
    1.0588130156199138,
    1.0520460605621338,
    1.0651408235232036,
    1.0596945484479268,
    0.9628304342428844,
    0.9981296459833782,
    1.0412394603093467,
    1.0252752105394998,
    1.037114789088567,
    1.038254866997401,
    1.020617534716924,
    1.0478815138339996,
    1.0617289741834004,
    0.9981317321459452,
    1.0696847240130105,
    1.0147986908753714,
    1.0595275362332663,
    1.0544391870498657,
    1.0552317301432292,
    1.037103275458018,
    1.0473333795865378,
    1.0194106698036194,
    0.9687606394290923,
    1.0600245793660483,
    1.0476208726565044,
    0.9629456500212352,
    1.0593186716238658,
    1.019293228785197,
    1.0483703017234802,
    1.030185470978419,
    1.0490130881468456,
    1.0633804698785145,
    1.06305323044459,
    0.9479364007711409,
    1.0478914678096771,
    1.0515363415082295,
    1.0590281883875527,
    0.9709284504254659,
    1.0431102911631267,
    1.056263506412506,
    1.0537870625654857,
    0.9542053788900375,
    0.9552089571952819,
    1.001167118549347,
    0.9115025748809178,
    1.0584560434023538,
    1.0513896147410076,
    1.0511217713356018,
    1.0369330942630768,
    0.9974693457285564,
    1.0337511897087097,
    0.981586257616679,
    1.0369332035382588,
    1.0491582254568736,
    0.9599778850873312,
    1.020824710528056,
    1.0470272302627563,
    1.0564982891082766,
    1.0543293754259746,
    1.0264936983585358,
    1.0539615253607433,
    1.0485244890054068,
    1.034491777420044,
    0.9646926273902258,
    1.0184166729450226
  ],
  "physics_loss": [
    3.073432199656964,
    1.8954431911309562,
    1.528885026772817,
    0.3230155532558759,
    0.3199073374271393,
    0.20556561338404816,
    0.14805389816562337,
    0.092950905362765,
    0.22655949469966197,
    0.1382352045426766,
    0.14747581118717787,
    0.08260858881597719,
    0.06981967040337622,
    0.06075237412005662,
    0.01999920684223374,
    0.015390583081170917,
    0.013869629241526127,
    0.009000125263507167,
    0.0092336490827923,
    0.0066229102279370036,
    0.008711161945636073,
    0.005554002903712292,
    0.00397593918023631,
    0.007220089319162071,
    0.005354776396416128,
    0.007671777838064978,
    0.004104351003964742,
    0.007092587649822235,
    0.0027778206470732885,
    0.002266360019954542,
    0.006994262066048881,
    0.0062888587126508355,
    0.002259434103810539,
    0.003395329578779638,
    0.001789046820097913,
    0.0023908407504980764,
    0.002821280950835596,
    0.0025263332257357734,
    0.0022462309376957514,
    0.004792988610764344,
    0.002321952740506579,
    0.0016373558804237593,
    0.0016383499993632236,
    0.003850557084660977,
    0.0019704753649421036,
    0.005096759375495215,
    0.006738285504980013,
    0.0067677311987305675,
    0.003611015699182947,
    0.005846419876130919,
    0.004649280686862767,
    0.003534287369499604,
    0.0022560415285018585,
    0.002389125855794797,
    0.0016838674200698733,
    0.0015081492989944916,
    0.0013818547401266792,
    0.0017179807570452492,
    0.001953631387247394,
    0.0014520574283475676,
    0.001204123254865408,
    0.0020296117484879988,
    0.0016819350324415912,
    0.0028552732158762715,
    0.0017676098505035043,
    0.0015921865415293723,
    0.0020187716775884232,
    0.002548978858006497,
    0.005001440692770606,
    0.007861033935720723,
    0.007190684593903522,
    0.005793449546520909,
    0.0059579886340846615,
    0.006812470984489968,
    0.005277270703421285,
    0.0025648407948513823,
    0.002562531502917409,
    0.00169345986796543,
    0.0016487254664146653,
    0.0016251116273148607
  ],