{
  "epochs": [
    1,
    2,
    3,
    4,
    5,
    6,
    7,
    8,
    9,
    10,
    11,
    12,
    13,
    14,
    15,
    16,
    17,
    18,
    19,
    20,
    21,
    22,
    23,
    24,
    25,
    26,
    27,
    28,
    29,
    30,
    31,
    32,
    33,
    34,
    35,
    36,
    37,
    38,
    39,
    40,
    41,
    42,
    43,
    44,
    45,
    46,
    47,
    48,
    49,
    50,
    51,
    52,
    53,
    54,
    55,
    56,
    57,
    58,
    59,
    60,
    61,
    62,
    63,
    64,
    65,
    66,
    67,
    68,
    69,
    70,
    71
  ],
  "loss": [
    5.70361132423083,
    2.6530726353327436,
    2.601177071531614,
    1.150110791126887,
    0.6015680780013403,
    0.4729909549156825,
    0.4334210952123006,
    0.4160520980755488,
    0.4942422111829122,
    0.4305422902107238,
    0.3977245638767878,
    0.3578347191214561,
    0.3524939815203349,
    0.33414578437805176,
    0.34936611851056415,
    0.33204566687345505,
    0.33028305321931833,
    0.374045009414355,
    0.3518897369503975,
    0.34827140470345813,
    0.37853288650512695,
    0.33576154708862305,
    0.36973229050636297,
    0.3811257580916087,
    0.34758634865283966,
    0.36622849106788635,
    0.37479156255722046,
    0.3856042871872585,
    0.3857063700755437,
    0.3679727812608083,
    0.3568111707766851,
    0.3579046030839284,
    0.3701223780711492,
    0.34912606080373126,
    0.37403513987859094,
    0.35887321829795843,
    0.348714883128802,
    0.36560101807117457,
    0.36532725890477497,
    0.37607399125893914,
    0.33858674516280485,
    0.3435139606396357,
    0.35623027135928476,
    0.3578112721443176,
    0.3393169417977333,
    0.3679761191209157,
    0.35128598908583325,
    0.3441779663165411,
    0.3052813187241554,
    0.32426254947980243,
    0.36917622387409205,
    0.36295232176780706,
    0.32301073521375656,
    0.35759299000104267,
    0.3474265138308207,
    0.36745209495226544,
    0.3700386236111323,
    0.35169809063275653,
    0.3711327115694682,
    0.32861919204394024,
    0.3501356293757757,
    0.36932964126269024,
    0.3701191544532776,
    0.37342528502146405,
    0.3865537693103155,
    0.35262532532215113,
    0.34164634843667346,
    0.3650374114513397,
    0.3664700339237849,
    0.3498556663592656,
    0.3452887857953707
  ],
  "data_loss": [
    1.2293126185735066,
    1.2971734404563904,
    1.1871507664521534,
    1.1341417928536732,
    1.21921972433726,
    1.0972488820552826,
    1.158061365286509,
    1.1680606106917062,
    1.227228025595347,
    1.2311472098032634,
    1.1993090907732644,
    1.132999817530314,
    1.1390183866024017,
    1.099935213724772,
    1.112951546907425,
    1.0558819174766538,
    1.0836280186971028,
    1.2131847143173218,
    1.1524463991324105,
    1.1460646390914917,
    1.2495104670524597,
    1.1036907931168873,
    1.2135736147562661,
    1.262523114681244,
    1.1429769794146218,
    1.2141915063063304,
    1.243587573369344,
    1.2740888595581055,
    1.2800734241803486,
    1.220001717408498,
    1.1754520932833354,
    1.1794196963310242,
    1.223134736220042,
    1.157822420199712,
    1.241873522599538,
    1.1808072924613953,
    1.150797724723816,
    1.2125522891680398,
    1.2080532809098563,
    1.2415260672569277,
    1.1249125301837921,
    1.136927177508672,
    1.1757347881793976,
    1.1866556107997894,
    1.1253005266189575,
    1.2185624639193218,
    1.1644996802012126,
    1.1444732149442036,
    1.013598640759786,
    1.0784039994080863,
    1.225242644548416,
    1.2058454553286233,
    1.0722943246364594,
    1.189097265402476,
    1.1481596231460571,
    1.2202239334583282,
    1.228414237499237,
    1.1668976247310638,
    1.2335558633009593,
    1.0910228192806244,
    1.164322187503179,
    1.2271426717440288,
    1.230821857849757,
    1.2385379672050476,
    1.284070611000061,
    1.1614888807137806,
    1.1342427333196006,
    1.2123705446720123,
    1.2145464917023978,
    1.1625697314739227,
    1.1454187830289204
  ],
  "physics_loss": [
    7.621168126662572,
    3.2341721008221307,
    3.2071883653601008,
    1.1569546262423198,
    0.33686023143430543,
    0.2054518098011613,
    0.12286097990969816,
    0.09376269982506832,
    0.18010541470721364,
    0.08742588572204113,
    0.054188312186549105,
    0.025621091791739065,
    0.015412079247956473,
    0.005950294648452352,
    0.02211520884884521,
    0.021830109239090234,
    0.007420898085304845,
    0.014413685305044055,
    0.008793997073856492,
    0.0063599876981849475,
    0.005256751397003729,
    0.006648986018262804,
    0.008085977286100388,
    0.0033840079753038785,
    0.006704624742269517,
    0.0028157486813142896,
    0.002450392348691821,
    0.004825151117984206,
    0.002406184377226358,
    0.002817498752847314,
    0.005965056654531509,
    0.005826677195727825,
    0.004545636533293873,
    0.0025418839844254153,
    0.0021043815456020334,
    0.006615728624941161,
    0.004965072652945916,
    0.0026218850010385113,
    0.004158930678386241,
    0.005165933961203943,
    0.0015899688199472923,
    0.0034797062010814748,
    0.005014026033071181,
    0.0025922436422357955,
    0.002466806210577488,
    0.003439091592251013,
    0.002765821263892576,
    0.0011942752559358876,
    0.001716729544568807,
    0.0010590491098506998,
    0.002290592664697518,
    0.001712383207632229,
    0.0018891826233205695,
    0.0012339872288672875,
    0.004255157856581112,
    0.0019784256971130767,
    0.0021633346914313734,
    0.002326844318304211,
    0.0015227659217392404,
    0.0018747582313759874,
    0.0011985278591358413,
    0.001695465762168169,
    0.0012465430287799488,
    0.0026626831386238332,
    0.0019036710824972638,
    0.0059695047966670245,
    0.0019621535126740732,
    0.0018946152510276686,
    0.003008674869003395,
    0.0015496262349188328,
    0.0023759128913904233
  ],
  "val_loss": [
    3.193608283996582,
    2.73390132188797,
    0.8797420859336853,
    0.24973082542419434,
    0.4120130389928818,
    0.5475662052631378,
    0.589406281709671,
    0.27062562853097916,
    0.19178465753793716,
    0.22470135241746902,
    0.19391844421625137,
    0.188435897231102,
    0.18934405595064163,
    0.1852267049252987,
    0.18992158398032188,
    0.19182157516479492,
    0.18434345722198486,
    0.1954386904835701,
    0.18479802086949348,
    0.18367872759699821,
    0.18345516547560692,
    0.1894862875342369,
    0.1834123320877552,
    0.18380827456712723,
    0.1836053729057312,
    0.18509799987077713,
    0.1838247813284397,
    0.18327637761831284,
    0.1842254064977169,
    0.1872233971953392,
    0.1885703094303608,
    0.18355028331279755,
    0.18397214636206627,
    0.18328889086842537,
    0.184393510222435,
    0.1830904334783554,
    0.18434106931090355,
    0.1831028312444687,
    0.18336407840251923,
    0.18382494524121284,
    0.1829729676246643,
    0.18350209668278694,
    0.18425016477704048,
    0.1829194836318493,
    0.18343116715550423,
    0.1829802580177784,
    0.18355509638786316,
    0.18287547677755356,
    0.18295643851161003,
    0.18290624022483826,
    0.18277757242321968,
    0.1841070018708706,
    0.18312694877386093,
    0.18409613519906998,
    0.18301350995898247,
    0.18377873674035072,
    0.1828821785748005,
    0.18312865868210793,
    0.18330411985516548,
    0.18296921625733376,
    0.18420206010341644,
    0.1832541637122631,
    0.18302227929234505,
    0.18289341777563095,
    0.18298699334263802,
    0.18279576301574707,
    0.18512890115380287,
    0.18294648081064224,
    0.1830153614282608,
    0.18403103947639465,
    0.1845877580344677
  ],