{
  "epochs": [
    1,
    2,
    3,
    4,
    5,
    6,
    7,
    8,
    9,
    10,
    11,
    12,
    13,
    14,
    15,
    16,
    17,
    18,
    19,
    20,
    21,
    22,
    23,
    24,
    25,
    26,
    27,
    28,
    29,
    30,
    31,
    32,
    33,
    34,
    35,
    36,
    37,
    38,
    39,
    40,
    41,
    42,
    43,
    44,
    45,
    46,
    47,
    48,
    49
  ],
  "loss": [
    3674095312.0,
    2817227102.6666665,
    1132257660.0,
    107962898.83333333,
    75979409.66666667,
    210480065.83333334,
    96547157.33333333,
    60319741.83333333,
    130051387.16666667,
    22673081.916666668,
    39218570.5,
    64839031.416666664,
    19909656.583333336,
    17854682.666666664,
    31811780.375,
    17785318.145833336,
    24543229.531249996,
    14656611.864583334,
    4223918.838541667,
    12861118.999999998,
    2157985.96875,
    11213204.395833332,
    8694434.53125,
    4274616.447916667,
    12650602.9375,
    8506669.479166666,
    25685127.791666668,
    17787729.5,
    7025228.744791666,
    35370265.625,
    22049922.567708332,
    9183189.708333334,
    3907074.270833334,
    16444710.000000002,
    14141315.041666666,
    19541114.770833332,
    5966642.875,
    5528706.020833333,
    1129026.4635416665,
    5887440.687500001,
    9410521.604166668,
    10295101.614583332,
    8217187.677083333,
    8235908.583333334,
    4724503.951822917,
    17318117.333333336,
    21868379.687499996,
    17795256.395833332,
    11360272.322916666
  ],
  "data_loss": [
    1.0122932295004525,
    1.0268525183200836,
    1.0643826723098755,
    1.0298356115818024,
    1.0461692313353221,
    1.059887687365214,
    1.0685262878735862,
    1.0281402071317036,
    0.9898858368396758,
    1.0268036325772603,
    1.0507164696852367,
    1.0388922989368439,
    0.9963051676750182,
    1.0251500805219016,
    1.0492463608582816,
    1.0993045965830484,
    1.0054961840311687,
    1.049857715765635,
    1.069931834936142,
    1.08881680170695,
    1.069013625383377,
    1.0338892539342244,
    1.0627521872520445,
    1.065359463294347,
    1.0991700887680054,
    1.0269787510236104,
    1.0601154168446858,
    1.0523304343223572,
    1.0658492942651114,
    1.0992335478464763,
    1.057915190855662,
    0.9963629643122355,
    1.0650454858938851,
    1.0553313493728638,
    1.0527886152267456,
    1.0291918814182281,
    1.0651084383328755,
    1.0084524055322013,
    1.0316865742206573,
    0.9804343978563945,
    1.0553478797276816,
    1.009128987789154,
    1.0587162574132285,
    1.0165380636850994,
    1.0365422268708546,
    0.9872696002324423,
    1.0055991808573403,
    1.057779679695765,
    1.0183403690656028
  ],
  "physics_loss": [
    5248707536.0,
    4024610106.666667,
    1617510952.0,
    154232714.6666667,
    108542016.0,
    300685813.3333333,
    137924512.0,
    86171062.0,
    185787701.1666667,
    32390117.25,
    56026529.833333336,
    92627188.16666667,
    28442366.833333332,
    25506689.833333336,
    45445400.75,
    25407597.0625,
    35061755.47916667,
    20938017.395833332,
    6034169.380208333,
    18373027.333333332,
    3082836.78125,
    16018863.854166668,
    12420620.354166668,
    6106594.458333333,
    18072290.541666668,
    12152385.020833336,
    36693040.708333336,
    25411042.833333332,
    10036040.666666668,
    50528951.04166667,
    31499890.494791668,
    13118842.4375,
    5581534.229166666,
    23492443.208333332,
    20201878.208333336,
    27915879.125000004,
    8523775.6875,
    7898151.166666666,
    1612894.5104166667,
    8410629.260416668,
    13443601.833333334,
    14707287.9375,
    11738839.114583332,
    11765583.765625,
    6749290.9765625,
    24740168.427083336,
    31240542.479166664,
    25421794.916666668,
    16228960.125
  ],
  "val_loss": [
    6450351104.0,
    150183604.0,
    116319505.0,
    172042256.0,
    171745022.0,
    142092017.75,
    37190521.0,
    51216985.0,
    12230020.75,
    13632173.0,
    3724648.0625,
    25652230.5,
    27548471.0,
    56312090.0,
    7256749.40625,
    10810232.75,
    20178733.51171875,
    18897254.875,
    787610.609375,
    1501465.6875,
    4470793.0,
    29983985.875,
    2608636.8125,
    2276689.0,
    2471047.625,
    1102278.34375,
    3507820.8046875,
    12662147.21875,
    669795.59375,
    8987739.0,
    4683417.0625,
    3946744.75,
    2042241.59375,
    5328956.125,
    23675293.0,
    6793953.5,
    2574174.5625,
    1642348.4375,
    1444296.53125,
    1379876.8125,
    9527620.5703125,
    4678279.5625,
    1877197.5625,
    17001830.0,
    4629755.75,
    7131267.125,
    2067048.296875,
    1263122.15625,
    4766761.875
  ],
  "val_data_loss": [
    0.06781500577926636,
    0.06781500577926636,
    0.06781500577926636,
    0.06781494617462158,
    0.06781500577926636,
    0.06781500577926636,
    0.06781503558158875,
    0.06781500577926636,
    0.06781500577926636,
    0.06781500577926636,
    0.06781500577926636,
    0.06781497597694397,
    0.06781500577926636,
    0.06781497597694397,
    0.06781500577926636,
    0.06781497597694397,
    0.06781500577926636,
    0.06781494617462158,
    0.06781494617462158,
    0.06781494617462158,
    0.06781494617462158,
    0.06781494617462158,
    0.06781497597694397,
    0.06781500577926636,
    0.06781500577926636,
    0.06781494617462158,
    0.06781500577926636,
    0.06781500577926636,
    0.06781497597694397,
    0.06781503558158875,
    0.06781497597694397,
    0.06781494617462158,
    0.06781500577926636,
    0.06781500577926636,
    0.06781500577926636,
    0.06781500577926636,
    0.06781500577926636,
    0.06781497597694397,
    0.06781494617462158,
    0.06781500577926636,
    0.06781503558158875,
    0.06781500577926636,
    0.06781500577926636,
    0.06781497597694397,
    0.06781494617462158,
    0.06781500577926636,
    0.06781497597694397,
    0.06781497597694397,
    0.06781500577926636
  ],
  "val_physics_loss": [
    9214787072.0,
    214548008.0,
    166170724.0,
    245774656.0,
    245350040.0,
    202988608.25,
    53129316.0,
    73167124.0,
    17471459.0,
    19474532.5,
    5320925.75,
    36646044.0,
    39354959.0,
    80445846.0,
    10366784.5625,
    15443189.5,
    28826763.42578125,
    26996078.8125,
    1125157.96875,
    2144951.09375,
    6386847.25,
    42834267.5,
    3726623.9375,
    3252413.0,
    3530068.125,
    1574683.25,
    5011172.71875,
    18088781.5625,
    956850.796875,
    12839627.5,
    6690595.75,
    5638206.875,
    2917487.9375,
    7612794.25,
    33821847.0,
    9705647.75,
    3677392.25,
    2346212.0,
    2063280.78125,
    1971252.53125,
    13610887.5234375,
    6683256.375,
    2681710.84375,
    24288329.0,
    6613937.0,
    10187525.0,
    2952926.125,
    1804460.1875,
    6809659.75
  ],