{
  "epochs": [
    1,
    2,
    3,
    4,
    5,
    6,
    7,
    8,
    9,
    10,
    11,
    12,
    13,
    14,
    15,
    16,
    17,
    18,
    19,
    20,
    21,
    22,
    23,
    24,
    25,
    26,
    27,
    28,
    29,
    30,
    31,
    32,
    33,
    34,
    35,
    36,
    37,
    38,
    39,
    40,
    41,
    42,
    43,
    44,
    45,
    46,
    47,
    48,
    49,
    50,
    51,
    52,
    53,
    54,
    55,
    56,
    57
  ],
  "loss": [
    33837827882.666668,
    7868114218.666667,
    7281026048.000001,
    1483663617.3333333,
    370714873.3333333,
    784050101.3333335,
    438822374.0,
    502352361.3333334,
    267501708.0,
    337256436.6666666,
    150840655.33333334,
    79098564.33333334,
    37673105.0,
    29874838.999999996,
    43418361.416666664,
    31028444.333333332,
    29769012.625,
    29409232.833333332,
    14470985.208333332,
    16581720.375,
    35946982.33333333,
    20281747.375,
    8559230.104166666,
    8923097.458333334,
    14424386.90625,
    9972690.166666668,
    10100995.708333334,
    11296945.500000002,
    21373713.020833332,
    11572350.3125,
    5350146.375,
    7811824.041666666,
    9525720.125,
    6364574.916666667,
    5733391.208333333,
    2830287.3125,
    9403333.208333332,
    19700878.583333336,
    9659542.020833332,
    9030496.833333332,
    22329729.875,
    22123070.541666668,
    12556255.25,
    21973052.5,
    28715451.083333336,
    7500758.875,
    16802236.375,
    2256556.947916667,
    11371059.458333334,
    18229747.25,
    4758600.3125,
    19175379.8125,
    16710077.833333334,
    9770432.604166668,
    13754220.5,
    7759538.916666666,
    6028308.916666667
  ],
  "data_loss": [
    1.1207852760950723,
    1.0891573925813038,
    1.0773050487041473,
    1.1221555769443512,
    1.1134468913078308,
    1.1018372376759846,
    1.1057650347550712,
    1.0909851392110188,
    1.1053427557150521,
    1.1635237534840903,
    1.1146670877933502,
    1.1499370336532593,
    1.1213413576285045,
    1.1145767867565155,
    1.144474724928538,
    1.073322743177414,
    1.1080044408639271,
    1.0687530040740967,
    1.1777370969454448,
    1.1443798939387004,
    1.0583329598108926,
    1.1405749718348186,
    1.1406346956888835,
    1.1417576173941295,
    1.089672366778056,
    1.059760719537735,
    1.0874930322170258,
    1.0954226553440094,
    1.0619350671768188,
    1.1516192555427551,
    1.1469802657763164,
    1.0660125017166138,
    1.1153139571348827,
    1.1012039681275685,
    1.0751923422018685,
    1.1319976449012756,
    1.0737475554148355,
    1.155578871568044,
    1.139231483141581,
    1.1626836856206257,
    1.1332630415757499,
    1.0806645154953003,
    1.1495248277982077,
    1.0283289949099224,
    1.1678604086240132,
    1.063684304555257,
    1.032210518916448,
    1.149124006430308,
    1.0397031803925831,
    1.0601638158162434,
    1.1326334476470947,
    1.12785400946935,
    1.082688997189204,
    1.0966092149416606,
    1.0539293388525643,
    1.1254588862260184,
    1.1254452466964722
  ],
  "physics_loss": [
    48339753984.0,
    11240163285.333334,
    10401466026.666666,
    2119519504.0,
    529592682.6666667,
    1120071589.3333333,
    626889101.3333334,
    717646222.6666667,
    382145306.6666667,
    481794912.0,
    215486652.6666667,
    112997949.0,
    53818723.33333333,
    42678342.0,
    62026231.58333333,
    44326348.75,
    42527160.91666667,
    42013190.333333336,
    20672835.833333336,
    23688172.208333332,
    51352833.166666664,
    28973925.25,
    12227471.604166668,
    12747281.75,
    20606267.458333336,
    14246700.166666668,
    14429993.75,
    16138493.166666666,
    30533876.083333336,
    16531929.083333332,
    7643065.708333333,
    11159748.395833334,
    13608172.062500002,
    9092249.479166666,
    8190558.583333333,
    4043267.0625,
    13433333.416666666,
    28144111.8125,
    13799345.625,
    12900709.708333334,
    31899615.395833332,
    31604387.208333336,
    17937508.0,
    31390075.66666667,
    41022073.20833333,
    10715369.583333332,
    24003194.1875,
    3223652.3229166665,
    16244370.333333334,
    26042495.895833336,
    6798000.041666666,
    27393399.458333336,
    23871539.916666668,
    13957760.708333332,
    19648886.395833332,
    11085055.75,
    8611869.375
  ],
  "val_loss": [
    11168356864.0,
    1065883664.0,
    795691808.0,
    632863808.0,
    156962092.0,
    368941184.0,
    1025953040.0,
    103097609.5,
    72368646.0,
    450175104.0,
    46342861.0,
    47812678.0,
    50902327.0,
    9908825.75,
    54129581.0,
    24126883.5,
    1888092.1875,
    25272661.0,
    5835990.375,
    2975094.5625,
    1632343.40625,
    8603103.25,
    26092395.5,
    5161812.375,
    17987693.75,
    6427202.25,
    1485717.5546875,
    4497902.25,
    18371107.0,
    1288379.375,
    8054572.5,
    3177523.5625,
    3590776.3125,
    9066960.625,
    3130524.5,
    5027482.625,
    590482.421875,
    47592984.0,
    5699429.75,
    46318679.9375,
    49186649.0,
    7140848.25,
    3899005.0,
    12452959.125,
    12556672.25,
    903538.46875,
    28722810.5,
    11894576.078125,
    3457523.25,
    3121430.1875,
    18662208.375,
    4299071.0,
    4502722.875,
    11355329.5625,
    8950075.125,
    2036338.6875,
    2620465.4375
  ],
  "val_data_loss": [
    0.8536262363195419,
    0.853626161813736,
    0.853626161813736,
    0.8536262363195419,
    0.8536262959241867,
    0.853626161813736,
    0.853626161813736,
    0.8536262959241867,
    0.8536262363195419,
    0.8536261916160583,
    0.8536262363195419,
    0.853626161813736,
    0.8536261022090912,
    0.8536262363195419,
    0.8536262363195419,
    0.8536262363195419,
    0.853626161813736,
    0.8536262363195419,
    0.8536261767148972,
    0.853626161813736,
    0.8536262363195419,
    0.8536261767148972,
    0.8536262661218643,
    0.8536262363195419,
    0.8536262214183807,
    0.853626161813736,
    0.8536262959241867,
    0.853626161813736,
    0.8536262363195419,
    0.853626161813736,
    0.853626161813736,
    0.8536261767148972,
    0.8536262363195419,
    0.853626161813736,
    0.853626161813736,
    0.853626161813736,
    0.853626161813736,
    0.853626161813736,
    0.8536262959241867,
    0.8536262214183807,
    0.853626161813736,
    0.853626161813736,
    0.853626161813736,
    0.853626161813736,
    0.8536262363195419,
    0.8536262363195419,
    0.8536262363195419,
    0.8536262363195419,
    0.853626161813736,
    0.8536262363195419,
    0.8536262363195419,
    0.853626161813736,
    0.8536262214183807,
    0.8536262363195419,
    0.853626161813736,
    0.853626161813736,
    0.8536262363195419
  ],
  "val_physics_loss": [
    15954796032.0,
    1522691008.0,
    1136702592.0,
    904091168.0,
    224231556.0,
    527058824.0,
    1465647264.0,
    147282304.0,
    103383780.0,
    643107296.0,
    66204088.0,
    68303826.0,
    72717612.0,
    14155465.75,
    77327975.0,
    34466976.0,
    2697274.375,
    36103802.0,
    8337129.125,
    4250134.75,
    2331918.875,
    12290147.25,
    37274852.0,
    7374017.5,
    25696705.5,
    9181717.25,
    2122453.390625,
    6425574.0,
    26244438.0,
    1840541.6875,
    11506532.25,
    4539319.125,
    5129680.125,
    12952801.25,
    4472177.546875,
    7182117.5,
    843545.953125,
    67989977.0,
    8142042.5,
    66169544.375,
    70266644.0,
    10201212.0,
    5570006.75,
    17789942.0625,
    17938103.0,
    1290768.9375,
    41032585.625,
    16992251.28125,
    4939318.6875,
    4459185.625,
    26660299.0,
    6141530.0,
    6432460.75,
    16221898.9375,
    12785821.25,
    2909055.0625,
    3743521.8125
  ],