{
  "epochs": [
    1,
    2,
    3,
    4,
    5,
    6,
    7,
    8,
    9,
    10,
    11,
    12,
    13,
    14,
    15,
    16,
    17,
    18,
    19,
    20,
    21,
    22,
    23,
    24,
    25,
    26,
    27,
    28,
    29,
    30,
    31,
    32,
    33,
    34,
    35,
    36,
    37,
    38,
    39,
    40,
    41,
    42,
    43,
    44,
    45,
    46,
    47,
    48,
    49,
    50,
    51,
    52,
    53,
    54,
    55,
    56,
    57,
    58,
    59,
    60,
    61,
    62,
    63,
    64,
    65,
    66,
    67,
    68,
    69,
    70
  ],
  "loss": [
    6.523923794428507,
    4.316650132338205,
    1.39812703927358,
    1.4783377349376678,
    0.9892528553803762,
    0.776296963294347,
    0.5698083639144897,
    0.5272184709707896,
    0.5262476553519567,
    0.4223104019959768,
    0.34677172700564063,
    0.360533744096756,
    0.3684311211109161,
    0.3362840761741002,
    0.3334880570570628,
    0.33090624709924066,
    0.3375547379255295,
    0.3463753660519918,
    0.3552413533131281,
    0.31182647744814557,
    0.3277430087327957,
    0.3349000463883082,
    0.33266745011011756,
    0.3475767324368159,
    0.3493376423915227,
    0.3283015886942546,
    0.3600199967622757,
    0.3409317135810852,
    0.33919500807921094,
    0.3436603049437205,
    0.3424567977587382,
    0.33454300463199615,
    0.3361665507157644,
    0.33649306495984393,
    0.35296214123566944,
    0.34333960711956024,
    0.3261062453190486,
    0.35304922858874,
    0.35146211584409076,
    0.331065833568573,
    0.3363075902064641,
    0.32312220583359397,
    0.32604722927014035,
    0.3201383451620738,
    0.333107054233551,
    0.33417396744092304,
    0.3363189399242401,
    0.32614800333976746,
    0.33019061883290607,
    0.3430137485265732,
    0.34877902766068775,
    0.3356698155403137,
    0.33085321883360547,
    0.33519507944583893,
    0.31439126779635745,
    0.32834356278181076,
    0.3327111055453619,
    0.33490604658921563,
    0.34657399356365204,
    0.33773073057333625,
    0.34545481204986567,
    0.3509395072857539,
    0.3356972138086955,
    0.3438335905472437,
    0.3549549778302511,
    0.3269294251998266,
    0.35736567775408423,
    0.3266988297303518,
    0.34737208982308704,
    0.3436494568983714
  ],
  "data_loss": [
    1.0526616374651592,
    1.090584655602773,
    1.1379424035549164,
    1.1241210997104645,
    1.08489590883255,
    1.1665886441866555,
    1.0558117926120758,
    1.0725866456826527,
    1.1535468697547913,
    1.1330282588799796,
    1.0629402299722037,
    1.1583954691886902,
    1.133343329032262,
    1.0752695500850677,
    1.1029703219731648,
    1.0930243730545044,
    1.113851437966029,
    1.1443994243939717,
    1.1701891819636028,
    1.0345030426979065,
    1.0864752531051636,
    1.1054149170716603,
    1.1045841872692108,
    1.1540214220682778,
    1.1578066051006317,
    1.0795023341973624,
    1.193778912226359,
    1.1326501071453094,
    1.117087076107661,
    1.136157323916753,
    1.1372519433498383,
    1.111019343137741,
    1.1117967069149017,
    1.116514394680659,
    1.1663427154223125,
    1.1413892110188804,
    1.083319177230199,
    1.162633498509725,
    1.1657524108886719,
    1.0990434686342876,
    1.1153969764709473,
    1.0739063421885173,
    1.0826817452907564,
    1.0625474750995636,
    1.1078275938828785,
    1.1057877639929454,
    1.1172941426436107,
    1.0844200948874156,
    1.0956436395645142,
    1.138319472471873,
    1.1589142282803855,
    1.1149858931700387,
    1.0982932845751445,
    1.111456423997879,
    1.0409979224205017,
    1.089088350534439,
    1.102308879295985,
    1.105943739414215,
    1.1490487058957417,
    1.103947361310323,
    1.1315725247065227,
    1.153048644463221,
    1.105618377526601,
    1.1397411425908406,
    1.177558680375417,
    1.0746857623259225,
    1.1776818434397378,
    1.083730161190033,
    1.1492694814999898,
    1.140785276889801
  ],
  "physics_loss": [
    8.868750636776289,
    5.699249734481176,
    1.5096347083648045,
    1.6301448891560233,
    0.9482629708945751,
    0.609029075751702,
    0.3615211496750514,
    0.29348924631873763,
    0.25740510473648703,
    0.11771700531244278,
    0.039842347614467144,
    0.01859299202139179,
    0.04061159864068031,
    0.019575987535063177,
    0.0037099386099725966,
    0.00428417088308682,
    0.004856125762065252,
    0.004365039484885831,
    0.0059779825775573645,
    0.0021079332606556513,
    0.0025720303722967706,
    0.004679383632416526,
    0.00184597618257006,
    0.001957565196789801,
    0.0028509340287807086,
    0.006358400181246301,
    0.002694729269326975,
    0.001623820726914952,
    0.005812672956380993,
    0.004018714438037326,
    0.0018302916820781927,
    0.0017674062789107363,
    0.003753606152410309,
    0.002198197180405259,
    0.0043704578808198375,
    0.0013183305854909122,
    0.0015864057932049036,
    0.006084522892100115,
    0.0024805398425087333,
    0.0019325441874874134,
    0.002412129348764817,
    0.001357562995205323,
    0.0017752872469524543,
    0.0019629880165060363,
    0.0010839555179700255,
    0.0034823169310887656,
    0.0016152611933648584,
    0.001174224424175918,
    0.002139305094412218,
    0.0021684175396027667,
    0.0015782046248205004,
    0.0016771968415317435,
    0.0019503098834926884,
    0.002511622093152255,
    0.0029883927782066166,
    0.002310071819617103,
    0.0028834767484416566,
    0.004461305409980317,
    0.002656249368252854,
    0.009352162257224942,
    0.00854721178378289,
    0.007178423848624031,
    0.00573099433677271,
    0.002730338756615917,
    0.002410521730780602,
    0.0064624092386414604,
    0.005801596271339804,
    0.002256823102167497,
    0.0037017642947224276,
    0.0020197984510256597
  ],
  "val_loss": [
    1.033357411623001,
    2.981805920600891,
    0.5936915576457977,
    1.1601572334766388,
    0.35085736215114594,
    0.26007462851703167,
    0.34395137801766396,
    0.28904421627521515,
    0.15848881751298904,
    0.16232940927147865,
    0.15444474387913942,
    0.17263397760689259,
    0.14657881204038858,
    0.14689066540449858,
    0.14631449058651924,
    0.14789738319814205,
    0.14667044393718243,
    0.14597472175955772,
    0.14377369731664658,
    0.14372249878942966,
    0.14592036604881287,
    0.14383593015372753,
    0.14501811005175114,
    0.1455585230141878,
    0.14550763554871082,
    0.14375996123999357,
    0.14812413603067398,
    0.14372140215709805,
    0.1437833085656166,
    0.144241563975811,
    0.14511637762188911,
    0.1496246587485075,
    0.14517965726554394,
    0.1437786715105176,
    0.14413933735340834,
    0.1438438668847084,
    0.14390144171193242,
    0.1439123135060072,
    0.1435937355272472,
    0.14357598964124918,
    0.14732694812119007,
    0.14468503464013338,
    0.1438179686665535,
    0.14484662609174848,
    0.14832144044339657,
    0.14357388066127896,
    0.14375857077538967,
    0.1435425137169659,
    0.1438639322295785,
    0.14346249541267753,
    0.14350402308627963,
    0.14371942542493343,
    0.1436012457124889,
    0.1442797826603055,
    0.14349171007052064,
    0.1465131677687168,
    0.14353754837065935,
    0.14374721376225352,
    0.16718439012765884,
    0.14539230708032846,
    0.14579658675938845,
    0.14664598274976015,
    0.14431633241474628,
    0.14530713856220245,
    0.14443005435168743,
    0.14359068125486374,
    0.1444577593356371,
    0.14412950072437525,
    0.14401649683713913,
    0.14456752501428127
  ],