{
  "epochs": [
    1,
    2,
    3,
    4,
    5,
    6,
    7,
    8,
    9,
    10,
    11,
    12,
    13,
    14,
    15,
    16,
    17,
    18,
    19,
    20,
    21,
    22,
    23,
    24,
    25,
    26,
    27,
    28,
    29,
    30,
    31,
    32,
    33,
    34,
    35,
    36,
    37,
    38,
    39,
    40,
    41,
    42,
    43,
    44,
    45
  ],
  "loss": [
    8.59916983048121,
    2.812691042820612,
    0.7897801846265793,
    0.8853741089502971,
    0.7457713385423025,
    0.43141842881838477,
    0.45342020690441126,
    0.3516867905855179,
    0.3374353696902593,
    0.38755566378434503,
    0.34020658334096276,
    0.3858826706806819,
    0.3287500987450282,
    0.3537051950891813,
    0.37141380707422894,
    0.31007080028454465,
    0.3396801104148229,
    0.3425343930721283,
    0.3169721613327662,
    0.3405147815744082,
    0.33614797393480933,
    0.30679419388373697,
    0.3368458201487859,
    0.32966958979765576,
    0.3202728380759557,
    0.3400433808565139,
    0.31866220136483514,
    0.3374539166688919,
    0.31431006143490475,
    0.3287034779787063,
    0.34588854511578876,
    0.30746588359276456,
    0.3209481090307236,
    0.3240142862002055,
    0.32191550731658936,
    0.3310279250144958,
    0.35458209613958996,
    0.38192901015281683,
    0.36082680523395533,
    0.3535071313381195,
    0.3363533864418666,
    0.34099815289179486,
    0.3357333689928055,
    0.3437546342611313,
    0.3722123354673386
  ],
  "data_loss": [
    1.054676781098048,
    1.058572421471278,
    1.0643103818098703,
    1.0752538541952767,
    1.0440330704053242,
    1.0521022776762645,
    1.0598330199718475,
    1.0644234716892242,
    1.0258813699086509,
    1.098511278629303,
    1.0585514903068542,
    1.0984479586283367,
    0.9831077754497528,
    1.0550134281317392,
    1.0860321720441184,
    0.9848708311716715,
    1.0403614739576976,
    1.0346611042817433,
    1.0361991723378499,
    1.0285205145676932,
    1.0313378870487213,
    1.0019638935724893,
    1.042600969473521,
    1.0402971804141998,
    1.0238934556643167,
    1.049400915702184,
    1.0355251928170524,
    1.0609788298606873,
    1.0129534900188446,
    1.0541828870773315,
    1.05766299366951,
    0.9479958117008209,
    1.0042481621106467,
    1.0619590183099112,
    1.026565353075663,
    1.0315215984980266,
    1.0286500851313272,
    1.0560439825057983,
    1.0291360020637512,
    1.0992511510849,
    1.061814179023107,
    1.0552781621615093,
    1.0555761655171714,
    1.0004370411237082,
    1.0153396824995675
  ],
  "physics_loss": [
    11.832523902257284,
    3.5644562045733132,
    0.6721243982513746,
    0.8039970447619755,
    0.6179448540012042,
    0.16541104918966693,
    0.1935289899508158,
    0.04622818995267153,
    0.04238707176409662,
    0.08286036970093848,
    0.032344468558828034,
    0.08049752454583843,
    0.0483110777180021,
    0.05314449197612703,
    0.06514877119722466,
    0.02087076380848885,
    0.03938808556025227,
    0.04590863827615976,
    0.008731990858602027,
    0.04565517612112065,
    0.03820942528545857,
    0.008864310880502064,
    0.03437929963304972,
    0.025114891080496214,
    0.018721121654380113,
    0.036032989659967526,
    0.011435181756193439,
    0.027371799030030765,
    0.014891426699856918,
    0.01778372679837048,
    0.040842334584643446,
    0.032953034659537174,
    0.02810521051287651,
    0.007752244865211347,
    0.01992268862280374,
    0.030816337481761973,
    0.06569580295278381,
    0.0930225709453225,
    0.07440855245416363,
    0.03390252605701486,
    0.025441606529057026,
    0.03487813045891623,
    0.02722928890337547,
    0.062319295170406505,
    0.09658630828683576
  ],
  "val_loss": [
    3.5030490159988403,
    0.14263653010129929,
    0.4016301855444908,
    0.2230716496706009,
    0.04025759547948837,
    0.22956621646881104,
    0.10752758383750916,
    0.06922509893774986,
    0.07043661177158356,
    0.10788816958665848,
    0.20619316399097443,
    0.10286160185933113,
    0.04157598316669464,
    0.06529691070318222,
    0.03565160185098648,
    0.07361239194869995,
    0.0697825700044632,
    0.04102306067943573,
    0.026695430278778076,
    0.06410735845565796,
    0.0260271355509758,
    0.024150259792804718,
    0.041271746158599854,
    0.022777490317821503,
    0.021642982959747314,
    0.03451409935951233,
    0.03329656273126602,
    0.022749081254005432,
    0.0939982682466507,
    0.10754524171352386,
    0.024812355637550354,
    0.037161149084568024,
    0.06962044537067413,
    0.08036955073475838,
    0.06344649940729141,
    0.13442862033843994,
    0.08046838641166687,
    0.030201539397239685,
    0.04115890711545944,
    0.05270342528820038,
    0.023915685713291168,
    0.06933480501174927,
    0.0530133917927742,
    0.04215317964553833,
    0.03846348822116852
  ],
  "val_data_loss": [
    0.06781500577926636,
    0.06781500577926636,
    0.06781494617462158,
    0.06781503558158875,
    0.06781500577926636,
    0.06781500577926636,
    0.06781497597694397,
    0.06781497597694397,
    0.06781500577926636,
    0.06781500577926636,
    0.06781500577926636,
    0.06781500577926636,
    0.06781500577926636,
    0.06781494617462158,
    0.06781500577926636,
    0.06781500577926636,
    0.06781500577926636,
    0.0678149163722992,
    0.06781500577926636,
    0.06781500577926636,
    0.06781500577926636,
    0.06781500577926636,
    0.06781500577926636,
    0.06781503558158875,
    0.06781503558158875,
    0.06781500577926636,
    0.06781497597694397,
    0.06781500577926636,
    0.06781500577926636,
    0.06781500577926636,
    0.06781500577926636,
    0.06781494617462158,
    0.06781500577926636,
    0.06781500577926636,
    0.06781500577926636,
    0.06781500577926636,
    0.06781500577926636,
    0.0678149163722992,
    0.06781500577926636,
    0.06781497597694397,
    0.06781503558158875,
    0.06781500577926636,
    0.0678149163722992,
    0.06781500577926636,
    0.06781500577926636
  ],
  "val_physics_loss": [
    4.975292205810547,
    0.17470289766788483,
    0.5446938723325729,
    0.28961019217967987,
    0.028447262477129698,
    0.29888816177845,
    0.12454726779833436,
    0.06982943508774042,
    0.07156016025692225,
    0.12506239605136216,
    0.26549809891730547,
    0.11788158118724823,
    0.03033069521188736,
    0.06421775941271335,
    0.02186727849766612,
    0.07609699619933963,
    0.07062581554055214,
    0.02954084746306762,
    0.009072749759070575,
    0.06251836381852627,
    0.00811804155819118,
    0.005436796112917364,
    0.029896055813878775,
    0.0034756759996525943,
    0.0018549432279542089,
    0.020242286729626358,
    0.018502952647395432,
    0.0034351046779192984,
    0.10521967010572553,
    0.1245724968612194,
    0.006382643710821867,
    0.024023811798542738,
    0.07039420772343874,
    0.08575007691979408,
    0.06157428212463856,
    0.16297732293605804,
    0.08589125936850905,
    0.014081526547670364,
    0.02973485318943858,
    0.04622704442590475,
    0.005101666785776615,
    0.06998614966869354,
    0.046669892501086,
    0.03115525422617793,
    0.02588427159935236
  ],