{
  "epochs": [
    1,
    2,
    3,
    4,
    5,
    6,
    7,
    8,
    9,
    10,
    11,
    12,
    13,
    14,
    15,
    16,
    17,
    18,
    19,
    20,
    21,
    22,
    23,
    24,
    25,
    26,
    27,
    28,
    29,
    30,
    31,
    32,
    33,
    34,
    35,
    36,
    37,
    38,
    39,
    40,
    41,
    42
  ],
  "loss": [
    7681387370.666667,
    4341790848.0,
    1406153861.333333,
    3048347322.0,
    767997381.3333334,
    126463701.74999999,
    432649405.3333333,
    270667300.0,
    67432816.33333333,
    35839492.58333333,
    19437364.333333332,
    25350970.416666668,
    40678652.625,
    64713538.33333334,
    20948250.083333332,
    23867731.708333336,
    29921632.020833332,
    18070692.020833336,
    13435070.114583332,
    9647771.270833332,
    23580283.437499996,
    5845988.427083333,
    6371224.25,
    12311546.75,
    28237902.125,
    9096395.677083332,
    8611009.859375,
    7098955.822916666,
    12447195.510416668,
    7953162.770833334,
    7432767.458333334,
    10970431.701822916,
    2914676.1901041665,
    14323522.984375,
    8072840.958333332,
    12765150.822916666,
    7819413.578125,
    3072658.6927083335,
    2910980.0572916665,
    9118105.203125,
    11730677.645833334,
    8969555.28125
  ],
  "data_loss": [
    1.167316347360611,
    1.2691903710365295,
    1.1629226207733154,
    1.2456351319948833,
    1.1042915880680084,
    1.229743808507919,
    1.2697524825731914,
    1.2115178207556407,
    1.2262537777423859,
    1.1734656890233357,
    1.2274947762489319,
    1.1628997226556141,
    1.2084654569625852,
    1.1620217561721802,
    1.1629922489325206,
    1.0529201030731201,
    1.1266022523244221,
    1.2062214414278667,
    1.1635496020317078,
    1.232857475678126,
    1.2705137729644775,
    1.1752154231071472,
    1.1419227222601571,
    1.1553777654965718,
    1.196764498949051,
    1.2171998620033264,
    1.212551732858022,
    1.143206536769867,
    1.21262921889623,
    1.1354029774665833,
    1.2709400852521262,
    1.2256350616614025,
    1.2561426361401875,
    1.1845876971880596,
    1.165164202451706,
    1.1573014259338381,
    1.2012373904387157,
    1.1695343653361001,
    1.1335827708244324,
    1.1862965226173403,
    1.0773164331912994,
    1.0777328312397003
  ],
  "physics_loss": [
    10973410730.666668,
    6202558506.666666,
    2008791296.0000002,
    4354781822.666667,
    1097139109.3333333,
    180662431.0,
    618070581.3333334,
    386667572.0,
    96332599.0,
    51199276.49999999,
    27767663.5,
    36215671.916666664,
    58112362.97916667,
    92447912.6875,
    29926071.833333332,
    34096759.5,
    42745190.520833336,
    25815274.458333332,
    19192956.770833336,
    13782529.833333334,
    33686119.479166664,
    8351411.499999999,
    9101748.6875,
    17587923.4375,
    40339861.20833333,
    12994850.25,
    12301442.546875002,
    10141365.46875,
    17781707.708333336,
    11361660.916666668,
    10618238.958333332,
    15672045.0859375,
    4163822.7890625005,
    20462175.359375,
    11532629.640625,
    18235929.291666668,
    11170590.6796875,
    4389511.880208333,
    4158542.40625,
    13025864.354166666,
    16758111.166666668,
    12813650.291666668
  ],
  "val_loss": [
    3934176000.0,
    2552133376.0,
    52393118.0,
    348150640.0,
    227336258.0,
    90366720.0,
    44406000.0,
    117108438.0,
    6927440.0625,
    22869049.5,
    28187515.5,
    2214839.5625,
    5356231.40625,
    58833005.25,
    17390977.75,
    2035853.1953125,
    46266931.6875,
    1006807.765625,
    4838619.5,
    12902773.5,
    609492.4609375,
    196518.8046875,
    8260497.25,
    6060688.8125,
    1543303.59375,
    9329813.734375,
    23679099.984375,
    27970291.28125,
    17167867.5,
    1518670.3125,
    3376663.375,
    2074752.140625,
    1858295.09375,
    224558.76171875,
    6142005.0390625,
    1081562.8125,
    456017.7109375,
    952445.9375,
    3116467.9375,
    1927882.625,
    3177586.4375,
    2164200.84375
  ],
  "val_data_loss": [
    0.607215091586113,
    0.6072150617837906,
    0.6072152107954025,
    0.6072150617837906,
    0.6072150617837906,
    0.607215091586113,
    0.6072152107954025,
    0.6072150617837906,
    0.6072150617837906,
    0.6072150617837906,
    0.6072150617837906,
    0.607215091586113,
    0.6072150617837906,
    0.6072152107954025,
    0.6072152107954025,
    0.6072150617837906,
    0.6072150617837906,
    0.607215091586113,
    0.607215166091919,
    0.6072150617837906,
    0.607215166091919,
    0.6072150617837906,
    0.6072150617837906,
    0.6072150617837906,
    0.6072150617837906,
    0.607215166091919,
    0.6072151213884354,
    0.607215017080307,
    0.607215091586113,
    0.6072151213884354,
    0.6072150617837906,
    0.6072150617837906,
    0.607215017080307,
    0.6072150617837906,
    0.6072150617837906,
    0.607215091586113,
    0.607215091586113,
    0.6072150468826294,
    0.607215017080307,
    0.607215091586113,
    0.607215017080307,
    0.607215017080307
  ],
  "val_physics_loss": [
    5620251264.0,
    3645904896.0,
    74847312.0,
    497358064.0,
    324766084.0,
    129095320.0,
    63437146.0,
    167297770.0,
    9896343.0,
    32670072.5,
    40267880.0,
    3164056.375,
    7651758.875,
    84047152.5,
    24844254.125,
    2908361.4140625,
    66095616.5,
    1438296.5859375,
    6912313.375,
    18432534.0,
    870703.265625,
    280740.8984375,
    11800709.75,
    8658127.0625,
    2204719.3125,
    13328305.015625,
    33827286.078125,
    39957560.515625,
    24525526.0,
    2169528.75,
    4823804.75,
    2963931.515625,
    2654707.0625,
    320797.96875,
    8774293.26171875,
    1545089.46875,
    651453.609375,
    1360636.75,
    4452096.96875,
    2754117.875,
    4539409.03125,
    3091715.40625
  ],
  "alpha": [
    0.050005458295345306,
    0.04999558627605438,
    0.049902353435754776,
    0.04982808232307434,
    0.04982256144285202,
    0.04981808364391327,
    0.049805186688899994,
    0.049768246710300446,
    0.04973011091351509,
    0.049712494015693665,
    0.04971195012331009,
    0.04971560090780258,
    0.049711037427186966,
    0.04970293119549751,
    0.04970160499215126,
    0.04970569163560867,
    0.049705978482961655,
    0.04969512298703194,
    0.049676526337862015,
    0.04966177046298981,
    0.049652714282274246,
    0.04964258149266243,
    0.049627162516117096,
    0.04961341619491577,
    0.049606576561927795,
    0.04959224537014961,
    0.04956988990306854,
    0.04955095052719116,
    0.04953371733427048,
    0.04951075464487076,
    0.04949241131544113,
    0.049475353211164474,
    0.049456942826509476,
    0.049438998103141785,
    0.0494234561920166,
    0.0494031198322773,
    0.04938559606671333,
    0.04936736077070236,
    0.04934542626142502,
    0.049324195832014084,
    0.04931149631738663,
    0.0492982380092144
  ],
  "sigma": [
    0.0,
    0.0,
    0.0,
    0.0,
    0.0,
    0.0,
    0.0,
    0.0,
    0.0,
    0.0,
    0.0,
    0.0,
    0.0,
    0.0,
    0.0,
    0.0,
    0.0,
    0.0,
    0.0,
    0.0,
    0.0,
    0.0,
    0.0,
    0.0,
    0.0,
    0.0,
    0.0,
    0.0,
    0.0,
    0.0,
    0.0,
    0.0,
    0.0,
    0.0,
    0.0,
    0.0,
    0.0,
    0.0,
    0.0,
    0.0,
    0.0,
    0.0
  ],