{
  "epochs": [
    1,
    2,
    3,
    4,
    5,
    6,
    7,
    8,
    9,
    10,
    11,
    12,
    13,
    14,
    15,
    16,
    17,
    18,
    19,
    20,
    21,
    22,
    23,
    24,
    25,
    26,
    27,
    28,
    29,
    30,
    31,
    32,
    33,
    34,
    35,
    36,
    37,
    38,
    39,
    40,
    41,
    42,
    43,
    44,
    45,
    46,
    47,
    48,
    49,
    50,
    51,
    52,
    53,
    54,
    55,
    56,
    57,
    58,
    59,
    60,
    61,
    62,
    63,
    64,
    65,
    66,
    67,
    68,
    69,
    70
  ],
  "loss": [
    7.361958007017771,
    4.517204975088437,
    1.8120342989762626,
    1.0295153558254244,
    0.7093063592910767,
    0.5656766295433044,
    0.395128255089124,
    0.41110702852408093,
    0.5832056701183319,
    0.3798384914795558,
    0.45495423674583435,
    0.394710473716259,
    0.36579690376917523,
    0.38273588319619495,
    0.3575969785451889,
    0.37695719053347904,
    0.38231858114401496,
    0.36278434097766876,
    0.37669193744659424,
    0.3671182841062546,
    0.37069189548492426,
    0.35510095457235974,
    0.32668414463599516,
    0.3594170386592547,
    0.3774714022874832,
    0.3382798333962758,
    0.33813450485467916,
    0.35065678755442303,
    0.33603087067604065,
    0.3464269265532493,
    0.3732300599416097,
    0.3909553041060766,
    0.3696771413087845,
    0.37214161455631256,
    0.34557256102561956,
    0.35738223294417065,
    0.34883161882559455,
    0.3659239610036214,
    0.34011479467153555,
    0.3377266153693199,
    0.3554619699716568,
    0.3513536130388578,
    0.3440465827782948,
    0.35552369554837543,
    0.34025996426741284,
    0.35804200669129693,
    0.34239188581705093,
    0.33823053538799286,
    0.37606978416442866,
    0.3814767549435298,
    0.36011359592278797,
    0.3524547765652339,
    0.37775589028994244,
    0.37209213276704156,
    0.34874054292837775,
    0.36438822249571484,
    0.37574358781178796,
    0.34893007576465607,
    0.37223081290721893,
    0.3250266835093498,
    0.3696974863608678,
    0.3453134099642436,
    0.373475432395935,
    0.3307795325915019,
    0.3506978899240493,
    0.3811854769786199,
    0.3581806768973669,
    0.3776172747214635,
    0.33669553200403846,
    0.3634349157412847
  ],
  "data_loss": [
    1.1774020493030548,
    1.2047346929709115,
    1.1944638093312583,
    1.2660370270411174,
    1.2362323105335236,
    1.1789219876130421,
    1.18805330991745,
    1.1286790668964386,
    1.2373967170715334,
    1.1371992329756417,
    1.2608850399653115,
    1.1524359782536824,
    1.1388000349203746,
    1.1757325331370037,
    1.1627650757630668,
    1.217436283826828,
    1.2398100097974143,
    1.1762097875277202,
    1.2331695357958476,
    1.2052843769391377,
    1.2281930545965831,
    1.1779983242352803,
    1.0701685845851898,
    1.1915208498636882,
    1.2458043297131856,
    1.096703459819158,
    1.1210361818472543,
    1.1510527531305947,
    1.1094882984956107,
    1.149043321609497,
    1.2371946573257446,
    1.295787751674652,
    1.2210721174875896,
    1.2339392801125846,
    1.121300866206487,
    1.1795882284641266,
    1.1549059748649597,
    1.2141247987747192,
    1.1251790424187977,
    1.1219854950904846,
    1.180203547080358,
    1.1635440389315286,
    1.1406346360842385,
    1.1808088918526969,
    1.1283940374851227,
    1.1829224129517872,
    1.1367038389046986,
    1.1220436493555703,
    1.2477575043837228,
    1.2675574620564778,
    1.1919555962085724,
    1.1709968547026315,
    1.2439188957214355,
    1.2349196473757427,
    1.1531387269496918,
    1.211342215538025,
    1.2447717984517415,
    1.151785324017207,
    1.232393701871236,
    1.0790433287620544,
    1.2270094255606334,
    1.1475409269332886,
    1.2415901720523834,
    1.098909169435501,
    1.1657822827498117,
    1.267793893814087,
    1.190745860338211,
    1.2561162312825522,
    1.1197032829125724,
    1.207053581873576
  ],
  "physics_loss": [
    10.01248212531209,
    5.936834953725338,
    2.07670737306277,
    0.9281489302714666,
    0.4834809536114335,
    0.302857148150603,
    0.05530321085825563,
    0.10357613613208136,
    0.30283806566148996,
    0.055255301141490534,
    0.10955530917271972,
    0.06997094800074895,
    0.03450982226058841,
    0.04288016403249154,
    0.012524925172328949,
    0.016751847811974585,
    0.014822236766728263,
    0.014173415450689694,
    0.009630083610924583,
    0.007904211001005024,
    0.0031913831480778754,
    0.0024306373670697212,
    0.008047930838074535,
    0.002801095329535504,
    0.005328696550956617,
    0.013241130276583133,
    0.0026051896857097745,
    0.00762992148520425,
    0.004549096144425372,
    0.002448449765021602,
    0.0029594910447485745,
    0.003169961351280411,
    0.004793564168115457,
    0.0027997488505207,
    0.013117545167915523,
    0.005008223990444094,
    0.003371162243032207,
    0.0024092858851266405,
    0.003658661677036435,
    0.0016156585770659149,
    0.002001269448858996,
    0.003271971674015125,
    0.0026516898845632872,
    0.0018300266820006073,
    0.0024882087600417435,
    0.004521808936260641,
    0.001972462749108672,
    0.0023106232013863823,
    0.002489311426567535,
    0.0017278496137199302,
    0.003609865865049263,
    0.0016510121446723738,
    0.006543154556614658,
    0.0023089104603665573,
    0.003998456173576415,
    0.0014079120301175863,
    0.0033028875671637556,
    0.004849239291312794,
    0.0035895579300510394,
    0.0018766819266602397,
    0.0022780699849439165,
    0.0015016106384185453,
    0.001426234657022481,
    0.0015810944605618715,
    0.0013759853900410235,
    0.0012104255535329382,
    0.0013670016778632998,
    0.0011177045234944671,
    0.0011207598824209224,
    0.0018840335057272266
  ],
  "val_loss": [
    2.0748297572135925,
    0.49342671036720276,
    1.0422928929328918,
    0.23988700658082962,
    0.3209177255630493,
    0.23423653841018677,
    0.3060934767127037,
    0.27229010313749313,
    0.23362129926681519,
    0.18838007375597954,
    0.2643195912241936,
    0.18387282639741898,
    0.18366878852248192,
    0.18414612114429474,
    0.18567023426294327,
    0.19011355936527252,
    0.18472841754555702,
    0.2035444676876068,
    0.18564771488308907,
    0.18628879636526108,
    0.1837179698050022,
    0.18312745168805122,
    0.1832868494093418,
    0.1862313337624073,
    0.1874462440609932,
    0.18455444648861885,
    0.18316148221492767,
    0.18349088728427887,
    0.18313029408454895,
    0.18492597714066505,
    0.1838427111506462,
    0.18662986159324646,
    0.18375708907842636,
    0.18556609749794006,
    0.18523063883185387,
    0.18318068608641624,
    0.1866518072783947,
    0.18472837284207344,
    0.18338095396757126,
    0.1886567622423172,
    0.18467359989881516,
    0.18291344493627548,
    0.18327287584543228,
    0.1832035928964615,
    0.18360136076807976,
    0.18327778205275536,
    0.18369918689131737,
    0.18316349014639854,
    0.18346193060278893,
    0.1828921101987362,
    0.18290084600448608,
    0.1830812767148018,
    0.1833755187690258,
    0.1829947642982006,
    0.18360372260212898,
    0.1834929995238781,
    0.185867790132761,
    0.18290701881051064,
    0.18494505062699318,
    0.18315479904413223,
    0.1835228018462658,
    0.18355076014995575,
    0.18324847146868706,
    0.18303031846880913,
    0.1829189732670784,
    0.18327375501394272,
    0.18294701725244522,
    0.18302782997488976,
    0.1832464262843132,
    0.18296032026410103
  ],