{
  "epochs": [
    1,
    2,
    3,
    4,
    5,
    6,
    7,
    8,
    9,
    10,
    11,
    12,
    13,
    14,
    15,
    16,
    17,
    18,
    19,
    20,
    21,
    22,
    23,
    24,
    25,
    26,
    27,
    28,
    29,
    30,
    31,
    32,
    33,
    34,
    35,
    36,
    37,
    38,
    39,
    40,
    41,
    42,
    43,
    44,
    45,
    46,
    47,
    48,
    49,
    50,
    51,
    52,
    53,
    54,
    55,
    56,
    57,
    58,
    59,
    60,
    61
  ],
  "loss": [
    20706399744.0,
    8797533376.0,
    3764819349.3333335,
    1945064306.6666665,
    1263300656.0,
    801603357.9999999,
    216773616.66666666,
    145457197.3333333,
    86946606.66666667,
    168021185.16666666,
    71585202.0,
    40012784.83333333,
    51484700.5,
    32924516.125,
    14228113.166666666,
    5463065.875,
    14609874.895833332,
    8871398.541666668,
    6989524.958333334,
    3825054.833333334,
    1805406.2604166665,
    5758065.104166667,
    2844460.5078125,
    1262705.4583333335,
    3621760.984375,
    1173563.71875,
    2431781.583333333,
    3875315.65625,
    1827464.5,
    4518937.583333333,
    2351786.578125,
    2013573.2187500002,
    1786775.2447916667,
    2631433.1250000005,
    2110678.3125,
    851910.8645833333,
    1653041.7604166667,
    1030615.5052083333,
    624859.546875,
    1249723.1614583333,
    1440905.0520833333,
    772224.2838541667,
    1849665.3385416667,
    1221238.2291666665,
    1376149.604166667,
    1100910.9622395833,
    743957.9140625001,
    918708.3255208335,
    1138512.6822916667,
    3021586.322916667,
    670534.140625,
    2389510.372395833,
    1158570.203125,
    1547945.6354166665,
    782682.734375,
    1282222.2682291667,
    911079.6354166666,
    1895794.0703125,
    926243.0520833334,
    527365.1692708334,
    475644.61458333326
  ],
  "data_loss": [
    1.2195035020510356,
    1.1319699585437775,
    1.0879589915275574,
    1.147531012694041,
    1.0942118962605794,
    1.1668128967285156,
    1.1726668874422708,
    1.117541640996933,
    1.1210729281107585,
    1.208356241385142,
    1.1287704606850943,
    1.1643699208895366,
    1.1768898367881775,
    1.043645292520523,
    1.104877730210622,
    1.0893771449724832,
    1.1529473662376404,
    1.2207001248995464,
    1.1900580922762554,
    1.1842477122942605,
    1.1580856442451477,
    1.2139195799827576,
    1.112696369489034,
    1.1779318253199258,
    1.1244734823703766,
    1.1769424676895142,
    1.0793310503164926,
    1.2139490644137063,
    1.1287942230701447,
    1.1647399564584098,
    1.1701977749665577,
    1.1276188294092815,
    1.1622942388057709,
    1.0873841245969136,
    1.1687733034292855,
    1.1767415901025136,
    1.1206548313299816,
    1.1968708435694375,
    1.0850555102030437,
    1.2204549312591555,
    1.1900610129038494,
    1.1737180749575298,
    1.1767179568608601,
    1.1463419695695243,
    1.1591809292634327,
    1.056996077299118,
    1.1061860918998718,
    1.159215162197749,
    1.1644197801748912,
    1.1185050706068675,
    1.1737434267997742,
    1.157865752776464,
    1.190082013607025,
    1.1115474601586661,
    1.146898130575816,
    1.1968241532643635,
    1.1771316528320312,
    1.0968737701574962,
    1.1767953236897788,
    1.1531610985596976,
    1.1353733142217
  ],
  "physics_loss": [
    29580570709.333336,
    12567904981.333332,
    5378313450.666667,
    2778663370.666667,
    1804715242.6666665,
    1145147678.0000002,
    309676598.6666666,
    207795997.33333334,
    124209442.0,
    240030268.33333334,
    102264574.33333333,
    57161122.583333336,
    73549571.0,
    47035024.04166667,
    20325875.916666668,
    7804379.708333334,
    20871250.0,
    12673426.354166666,
    9985035.333333332,
    5464363.588541667,
    2579151.25,
    8225807.145833333,
    4063514.4713541665,
    1803864.4479166667,
    5173943.84375,
    1676519.1458333335,
    3473973.2187499995,
    5536164.75,
    2610663.0416666665,
    6455624.5625,
    3359694.5833333335,
    2876532.7760416665,
    2552535.6015625,
    3759189.791666667,
    3015254.333333333,
    1217015.0833333333,
    2361487.7708333335,
    1472307.3489583333,
    892656.0468749999,
    1785318.3333333335,
    2058435.2916666667,
    1103177.0572916665,
    2642378.5729166665,
    1744625.6354166665,
    1965927.4583333333,
    1572729.5416666667,
    1062796.5104166667,
    1312439.9895833333,
    1626446.1979166665,
    4316551.291666666,
    957905.4375000001,
    3413585.9244791665,
    1655099.8020833333,
    2211350.458333333,
    1118117.75,
    1831745.6354166667,
    1301541.8854166667,
    2708277.026041667,
    1323203.8489583333,
    753378.3020833333,
    679491.8489583333
  ],
  "val_loss": [
    8334926592.0,
    2980394048.0,
    1289156736.0,
    1876133952.0,
    371699656.0,
    940913458.0,
    16299218.0,
    138561736.0,
    25451525.625,
    24264837.0,
    139566904.0,
    66722258.75,
    4893567.5,
    1662255.9375,
    10007402.25,
    13699685.5,
    7275396.75,
    4479661.5,
    3082988.5,
    3882034.625,
    597272.375,
    2984458.5625,
    933847.5625,
    549484.515625,
    496811.125,
    446026.328125,
    6457595.5625,
    2383867.15625,
    2369933.6484375,
    708889.84375,
    473964.640625,
    1941708.984375,
    1082272.484375,
    1476872.640625,
    1214864.5625,
    686464.5625,
    1188702.8125,
    4592107.84375,
    1228540.5,
    455396.703125,
    351559.65625,
    1718974.1875,
    401943.578125,
    524407.6875,
    433949.96875,
    833434.9375,
    408232.203125,
    1635013.2890625,
    1663480.65625,
    1123396.09375,
    402193.65625,
    1060788.890625,
    442627.515625,
    2745471.2109375,
    678750.875,
    998511.53125,
    3464497.625,
    823438.0625,
    558342.765625,
    1720202.125,
    1158961.0625
  ],
  "val_data_loss": [
    0.9241582453250885,
    0.924158126115799,
    0.9241581857204437,
    0.9241581857204437,
    0.9241582453250885,
    0.924158126115799,
    0.9241582453250885,
    0.924158126115799,
    0.924158126115799,
    0.924158126115799,
    0.9241581857204437,
    0.924158126115799,
    0.9241581857204437,
    0.924158126115799,
    0.9241581857204437,
    0.9241581857204437,
    0.924158126115799,
    0.9241581857204437,
    0.924158126115799,
    0.9241581857204437,
    0.9241581857204437,
    0.9241581857204437,
    0.924158126115799,
    0.9241581857204437,
    0.9241581857204437,
    0.9241581857204437,
    0.9241581857204437,
    0.924158126115799,
    0.924158126115799,
    0.9241581857204437,
    0.924158126115799,
    0.924158126115799,
    0.9241582453250885,
    0.924158126115799,
    0.9241581857204437,
    0.9241582453250885,
    0.9241581857204437,
    0.924158126115799,
    0.924158126115799,
    0.924158126115799,
    0.9241582453250885,
    0.9241582453250885,
    0.9241581857204437,
    0.924158126115799,
    0.924158126115799,
    0.9241581857204437,
    0.9241581857204437,
    0.9241581857204437,
    0.9241581857204437,
    0.9241582453250885,
    0.924158126115799,
    0.9241581857204437,
    0.9241582453250885,
    0.9241581857204437,
    0.924158126115799,
    0.9241581857204437,
    0.9241581857204437,
    0.9241581857204437,
    0.9241582453250885,
    0.9241581857204437,
    0.924158126115799
  ],