{
  "epochs": [
    1,
    2,
    3,
    4,
    5,
    6,
    7,
    8,
    9,
    10,
    11,
    12,
    13,
    14,
    15,
    16,
    17,
    18,
    19,
    20,
    21,
    22,
    23,
    24,
    25,
    26,
    27,
    28,
    29,
    30,
    31,
    32,
    33,
    34,
    35,
    36,
    37,
    38,
    39,
    40,
    41,
    42,
    43,
    44,
    45,
    46,
    47,
    48,
    49,
    50,
    51,
    52,
    53,
    54,
    55,
    56,
    57,
    58,
    59,
    60,
    61,
    62,
    63,
    64,
    65,
    66,
    67,
    68
  ],
  "loss": [
    5098983178.666667,
    2707972170.6666665,
    5685884021.333334,
    235711228.0,
    310269912.6666667,
    249145643.33333334,
    207537890.1666667,
    293705961.6666666,
    357225430.6666667,
    106789357.66666666,
    65286132.166666664,
    28421726.333333332,
    16488583.625,
    56043695.5,
    31898014.5,
    49340429.645833336,
    29634447.958333332,
    5298202.416666667,
    26673023.3125,
    9742784.916666666,
    24318707.838541668,
    24908533.541666664,
    6308288.5,
    13625495.166666668,
    5125171.5625,
    6424616.567708334,
    2145000.09375,
    2454552.9479166665,
    2370416.0260416665,
    1755547.5520833335,
    2636434.6380208335,
    1186194.4114583335,
    1915446.0520833333,
    819322.2968750001,
    5990559.6484375,
    2740301.5625,
    3280922.7656250005,
    3642970.625,
    3049664.3802083335,
    1600267.2604166667,
    2034902.03125,
    1203866.6796875,
    799651.8619791666,
    579226.1770833334,
    398520.2486979166,
    1417003.3684895833,
    3973736.96875,
    706423.2760416666,
    2319083.513020833,
    2130536.942708333,
    1162658.3723958335,
    618364.2486979166,
    1452065.8645833333,
    1871217.4804687498,
    4454754.561848958,
    5020706.690104168,
    5490749.640625,
    4770862.390625,
    4038451.203125,
    11674704.8125,
    9379605.302083332,
    9533842.291666666,
    31557451.739583336,
    27321043.885416668,
    18220313.135416664,
    43180690.01041667,
    32547700.291666664,
    17842476.15625
  ],
  "data_loss": [
    1.1050509611765542,
    1.1324549317359924,
    1.1341403921445212,
    1.1573686003684998,
    1.1103987495104473,
    1.0947488645712535,
    1.1536700228850045,
    1.1350643734137218,
    1.0898637076218924,
    1.1254679759343464,
    1.037512093782425,
    1.1810068488121033,
    1.1098953187465668,
    1.1367311676343284,
    1.097102701663971,
    1.0082163910071056,
    1.1245547831058502,
    1.062532643477122,
    1.1378259559472403,
    1.1255526443322499,
    1.0962622265021007,
    1.1040999492009482,
    1.11355130871137,
    1.1451889475186667,
    1.1521514852841697,
    1.1284049451351166,
    1.0954761008421579,
    1.1127380430698395,
    1.1183877388636272,
    1.132252722978592,
    1.0929851631323497,
    1.1464333534240723,
    1.1846627791722617,
    1.135934273401896,
    1.1048982441425323,
    1.1456640561421714,
    1.1319391926129658,
    1.1252678831418355,
    1.1267768144607544,
    1.0944957534472148,
    1.0808007419109344,
    1.1175472736358643,
    1.09023650487264,
    1.0122228960196178,
    1.1368530591328938,
    1.0158894658088684,
    1.1271891295909882,
    1.1378003756205242,
    1.1392089327176411,
    1.055160234371821,
    1.1363741556803386,
    1.086725761493047,
    1.1584308445453644,
    1.0968664785226185,
    1.1418699622154236,
    1.1537811855475106,
    1.151930352052053,
    1.0767391920089722,
    1.1874594887097676,
    1.133035957813263,
    1.0801566044489543,
    1.0337216754754384,
    1.0265978078047433,
    1.1057551006476085,
    1.1358069082101185,
    1.1781769593556721,
    1.1222911576430001,
    1.0439950128396354
  ],
  "physics_loss": [
    7284261589.333332,
    3868531765.333333,
    8122691514.666667,
    336730326.6666667,
    443242740.0,
    355922350.0,
    296482705.99999994,
    419579955.99999994,
    510322055.3333333,
    152556228.0,
    93265904.66666667,
    40602466.25,
    23555119.750000004,
    80062422.33333333,
    45568592.66666667,
    70486327.15625,
    42334925.375,
    7568860.5,
    38104317.833333336,
    13918264.302083332,
    34741011.375,
    35583619.166666664,
    9011840.541666666,
    19464992.625,
    7321673.25,
    9178023.447916668,
    3064285.3854166665,
    3506503.7760416665,
    3386308.1874999995,
    2507924.78125,
    3766334.9687500005,
    1694562.9895833333,
    2736351.104166667,
    1170459.9322916667,
    8557942.322916666,
    3914716.2604166665,
    4687032.093750001,
    5204243.468749999,
    4356662.916666667,
    2286095.6614583335,
    2907002.4895833335,
    1719809.0989583333,
    1142359.3880208333,
    827465.5494791667,
    569314.15625,
    2024290.0494791665,
    5676766.713541666,
    1009175.6510416667,
    3312975.963541667,
    3043623.729166667,
    1660940.1119791665,
    883377.0364583334,
    2074379.3645833333,
    2673167.3958333335,
    6363934.692708334,
    7172437.924479166,
    7843927.661458333,
    6815517.442708333,
    5769215.479166667,
    16678149.729166668,
    13399435.916666666,
    13619774.2421875,
    45082075.35416667,
    39030062.98958333,
    26029019.083333336,
    61686700.052083336,
    46496714.75000001,
    25489252.078125
  ],
  "val_loss": [
    263469888.0,
    2929374528.0,
    295488960.0,
    307484752.0,
    151681973.0,
    292635664.0,
    99691737.0,
    311909908.0,
    425546476.25,
    9212845.375,
    7131070.25,
    178367160.0,
    77595748.0,
    21698351.25,
    3650976.875,
    31334750.25,
    2894449.125,
    8403708.75,
    1004485.5625,
    457277.890625,
    8850443.75,
    852674.953125,
    2313676.8125,
    4721574.4375,
    1010239.578125,
    401879.328125,
    859268.40625,
    2865903.0,
    398674.5,
    3219966.8125,
    1903816.3125,
    349604.3046875,
    2147434.40625,
    942519.21875,
    1866717.8125,
    656609.09375,
    678848.5625,
    1468133.171875,
    3435574.6484375,
    2356385.0625,
    1678335.875,
    3135823.765625,
    825585.7734375,
    165245.7421875,
    119156.42578125,
    629164.5625,
    2585709.34375,
    110971.513671875,
    389149.984375,
    145428.60546875,
    502318.71875,
    3552816.84375,
    116393.40234375,
    2276301.8125,
    2463070.578125,
    4636327.25,
    900139.4375,
    2741891.625,
    40418596.625,
    29550671.0,
    5580759.0,
    853053.71875,
    2083720.375,
    452743.3984375,
    913912.25,
    4481762.6875,
    25484930.5,
    10777067.0
  ],