{
  "epochs": [
    1,
    2,
    3,
    4,
    5,
    6,
    7,
    8,
    9,
    10,
    11,
    12,
    13,
    14,
    15,
    16,
    17,
    18,
    19,
    20,
    21,
    22,
    23,
    24,
    25,
    26,
    27,
    28,
    29,
    30,
    31,
    32,
    33,
    34,
    35,
    36,
    37,
    38,
    39,
    40,
    41,
    42,
    43,
    44
  ],
  "loss": [
    2.112185249725978,
    2.0862224102020264,
    2.1157389481862388,
    1.0501335859298706,
    1.076944887638092,
    0.6750596811374029,
    0.49928771952788037,
    0.4964935680230459,
    0.36277701954046887,
    0.3507297684748968,
    0.345439816514651,
    0.35249324639638263,
    0.3393807510534922,
    0.3429516504208247,
    0.34340478976567584,
    0.31683580329020816,
    0.3230474144220352,
    0.3379883070786794,
    0.34156457086404163,
    0.3168674483895302,
    0.3168678234020869,
    0.3219130535920461,
    0.3212603976329168,
    0.33659493426481885,
    0.3359703371922175,
    0.34961722294489544,
    0.3385406931241353,
    0.30039095381895703,
    0.31912972778081894,
    0.3192924658457438,
    0.3527226646741231,
    0.3282543420791626,
    0.3398151968916257,
    0.35346701244513196,
    0.3585354685783386,
    0.35755638778209686,
    0.34815119703610736,
    0.34610344966252643,
    0.3260643258690834,
    0.34909223516782123,
    0.3277124265829722,
    0.3323895335197448,
    0.3392944385608037,
    0.34714503586292267
  ],
  "data_loss": [
    0.9931741952896117,
    1.1008663773536682,
    1.1064549783865611,
    1.117863029241562,
    1.1210068464279175,
    1.152826299269994,
    1.0726776123046875,
    1.1513796548048654,
    1.1228558719158173,
    1.0976030826568604,
    1.1386291980743408,
    1.0866612394650776,
    1.0799849232037861,
    1.1247243384520211,
    1.1173476775487265,
    1.0309508542219799,
    1.0650207996368408,
    1.0999126831690471,
    1.1227823098500571,
    1.0476626058419545,
    1.051492263873418,
    1.0519468287626903,
    1.0463503748178482,
    1.107548306385676,
    1.0963394244511921,
    1.1548481583595276,
    1.1251376469930012,
    0.9742493182420731,
    1.0457233587900796,
    1.0583567917346954,
    1.1624447305997212,
    1.086959719657898,
    1.0889398852984111,
    1.134051670630773,
    1.1838524142901103,
    1.1579836010932922,
    1.1436191896597545,
    1.1458493570486705,
    1.081490655740102,
    1.1581177016099293,
    1.0841882526874542,
    1.103522708018621,
    1.1256926357746124,
    1.1489941676457724
  ],
  "physics_loss": [
    2.5917614102363586,
    2.5085178837180138,
    2.5482891599337263,
    1.0211066976189613,
    1.0580612073342006,
    0.4703025681277116,
    0.2535491629193226,
    0.2158280862495303,
    0.03702893271110952,
    0.03064117910495649,
    0.0055014857595476006,
    0.03784980309622672,
    0.02197894190127651,
    0.007906176809531948,
    0.011714961030520497,
    0.010786480765091257,
    0.005058795233101894,
    0.011449269911584754,
    0.006756950596657892,
    0.003669508034363389,
    0.002028755863041927,
    0.009041437248621756,
    0.010507533773003768,
    0.006186326432119435,
    0.010097837541252373,
    0.004518231124772379,
    0.00142771887476556,
    0.011594496434554458,
    0.007732446334557608,
    0.0025506033950174847,
    0.0056988990982063115,
    0.00309488444084612,
    0.018761743694388617,
    0.018930730797971286,
    0.004828189363858352,
    0.014516142720822247,
    0.007236316518780465,
    0.003355189886254569,
    0.002310165592158834,
    0.002367005654377863,
    0.0035084759874735023,
    0.0019038700847886505,
    0.002266626290899391,
    0.0034953839397833994
  ],
  "val_loss": [
    3.7435722053050995,
    1.2060869000852108,
    0.7102590203285217,
    0.9954109787940979,
    0.24671744368970394,
    0.5220954120159149,
    0.14572352822870016,
    0.14852854423224926,
    0.19648952409625053,
    0.14422043412923813,
    0.15670282393693924,
    0.1451970348134637,
    0.14885270595550537,
    0.1448500221595168,
    0.1742973756045103,
    0.14373130816966295,
    0.15484293270856142,
    0.14413151517510414,
    0.14423670712858438,
    0.1503711650148034,
    0.14344346523284912,
    0.15297304466366768,
    0.14398477785289288,
    0.14322631293907762,
    0.1437825821340084,
    0.14351282082498074,
    0.14667815761640668,
    0.1449565291404724,
    0.14453693758696318,
    0.14483892219141126,
    0.1439795820042491,
    0.14417175762355328,
    0.1445159469731152,
    0.15168857295066118,
    0.14912578277289867,
    0.14472295064479113,
    0.14703784324228764,
    0.14428945444524288,
    0.14328374713659286,
    0.14357438450679183,
    0.143405438400805,
    0.15438315318897367,
    0.1456059981137514,
    0.14328414667397738
  ],
  "val_data_loss": [
    0.47586722299456596,
    0.47586722299456596,
    0.4758671931922436,
    0.47586722299456596,
    0.47586722299456596,
    0.4758672546595335,
    0.47586722299456596,
    0.4758672546595335,
    0.47586722299456596,
    0.47586722299456596,
    0.47586722299456596,
    0.47586725279688835,
    0.4758672546595335,
    0.4758671931922436,
    0.47586725279688835,
    0.4758671894669533,
    0.4758672546595335,
    0.47586722299456596,
    0.4758672844618559,
    0.4758671931922436,
    0.4758672546595335,
    0.4758672248572111,
    0.47586722299456596,
    0.47586710564792156,
    0.4758672546595335,
    0.4758672546595335,
    0.4758672844618559,
    0.47586722299456596,
    0.47586722299456596,
    0.47586725279688835,
    0.47586722299456596,
    0.4758672844618559,
    0.4758672844618559,
    0.47586722299456596,
    0.47586722299456596,
    0.4758672546595335,
    0.4758672546595335,
    0.4758673142641783,
    0.47586722299456596,
    0.47586725279688835,
    0.4758671894669533,
    0.47586722299456596,
    0.4758672844618559,
    0.4758672844618559
  ],
  "val_physics_loss": [
    5.144017279148102,
    1.5190381780266762,
    0.8107126653194427,
    1.2180725634098053,
    0.14851037226617336,
    0.541907474398613,
    0.004233355866745114,
    0.00824050884693861,
    0.07675620983354747,
    0.00208608980756253,
    0.019918063655495644,
    0.0034812308149412274,
    0.008703600498847663,
    0.0029855220345780253,
    0.045053133741021156,
    0.0013873421121388674,
    0.017261071712709963,
    0.0019590541487559676,
    0.0021093003160785884,
    0.01087285834364593,
    0.0009761066175997257,
    0.014589819067623466,
    0.0017494336934760213,
    0.0006659552454948425,
    0.0014605786127503961,
    0.0010752121452242136,
    0.00559710490051657,
    0.0031376377446576953,
    0.002538238710258156,
    0.002969638560898602,
    0.0017420091317035258,
    0.0020165227469988167,
    0.00250823306851089,
    0.012754846829921007,
    0.009093731991015375,
    0.0028039480675943196,
    0.006110931863076985,
    0.0021846526069566607,
    0.000747952057281509,
    0.001163156470283866,
    0.0009218220948241651,
    0.016604245029157028,
    0.004065445042215288,
    0.0007485079695470631
  ],