{
  "epochs": [
    1,
    2,
    3,
    4,
    5,
    6,
    7,
    8,
    9,
    10,
    11,
    12,
    13,
    14,
    15,
    16,
    17,
    18,
    19,
    20,
    21,
    22,
    23,
    24,
    25,
    26,
    27,
    28,
    29,
    30,
    31,
    32,
    33,
    34,
    35,
    36,
    37,
    38,
    39,
    40,
    41,
    42,
    43,
    44,
    45,
    46,
    47,
    48,
    49,
    50,
    51,
    52,
    53,
    54,
    55,
    56,
    57,
    58,
    59,
    60,
    61,
    62,
    63,
    64,
    65,
    66,
    67,
    68,
    69,
    70,
    71,
    72
  ],
  "loss": [
    14522179669.333332,
    3517590282.6666665,
    1886601568.0000002,
    1922060245.3333335,
    2295080256.0,
    1134935733.3333333,
    1532804704.0,
    1418303599.9999998,
    508348412.0,
    792658004.3333334,
    103927330.33333333,
    344609130.66666675,
    153377091.33333334,
    145285084.41666666,
    45790332.25,
    65243654.08333333,
    43740245.666666664,
    22344720.833333336,
    14970100.583333334,
    29578749.354166664,
    29121843.416666664,
    11340612.833333334,
    16231353.333333334,
    9639509.833333334,
    10647937.375,
    10348408.875,
    16868316.604166668,
    5763393.916666667,
    5455219.020833333,
    7323889.833333333,
    3275178.9166666665,
    9063785.645833334,
    10590508.895833334,
    3806689.479166667,
    5485918.125,
    4910000.25,
    7224676.901041667,
    1662782.6536458335,
    2971062.9583333335,
    3830618.3854166665,
    2031355.6145833333,
    735644.109375,
    7056755.953125,
    4960370.992187501,
    2032376.7291666667,
    4003811.901041666,
    4635735.393229166,
    1908582.1458333333,
    5871384.958333333,
    3974932.921875,
    5988163.1875,
    3614688.2916666665,
    2552572.4583333335,
    7782072.971354167,
    1966570.9739583335,
    757751.0,
    1181289.0390625,
    1594411.9583333333,
    1217326.53125,
    2124120.3671875,
    963109.3020833333,
    691916.2864583334,
    1363920.3854166665,
    1109373.4895833335,
    2514470.2604166665,
    1511692.1562500002,
    2538710.5989583335,
    2521703.125,
    2707060.2916666665,
    2530278.1041666665,
    7543251.447916666,
    4677426.958333334
  ],
  "data_loss": [
    1.1806930402914682,
    1.1808279156684875,
    1.147134433190028,
    1.1523722608884177,
    1.1358630061149597,
    1.0924874345461528,
    1.1652739544709523,
    1.1673724055290222,
    1.1719922820727031,
    1.1445032159487407,
    1.1960686643918355,
    1.1158636411031086,
    1.0980030596256256,
    1.2200522025426228,
    1.176165690024694,
    1.1764248609542847,
    1.022556761900584,
    1.175978809595108,
    1.1615734994411469,
    1.11905441681544,
    1.1603162288665771,
    1.13461368282636,
    1.1842894852161407,
    1.1719013452529907,
    1.2010751763979595,
    1.1967837810516357,
    1.1920783023039498,
    1.179708272218704,
    1.1960055033365884,
    1.1765822569529216,
    1.2199474175771077,
    1.1970670024553935,
    1.1523781816164653,
    1.2205995122591653,
    1.1676257848739626,
    1.1309900085131328,
    1.1761534909407296,
    1.0712590416272483,
    1.0930348634719849,
    1.1044414043426514,
    1.1093143026034038,
    1.179844299952189,
    1.2141823967297871,
    1.1804986198743186,
    1.1895952224731443,
    1.1382075150807698,
    1.1592489580313363,
    1.1559286018212636,
    1.1961124539375305,
    1.0527466734250386,
    1.1761443614959717,
    1.1770417292912803,
    1.159967303276062,
    1.0924519896507263,
    1.1122747858365376,
    1.1086816589037576,
    1.1769349575042725,
    1.1639515956242878,
    1.163753608862559,
    1.1806576152642567,
    1.2199371457099917,
    1.1762671371301014,
    1.2011324763298035,
    1.1524213353792827,
    1.107022225856781,
    1.109711686770121,
    1.157414396603902,
    1.1797623733679454,
    1.1762648920218148,
    1.2206854621569314,
    1.0615038176377614,
    1.1283312439918518
  ],
  "physics_loss": [
    20745971541.333336,
    5025129045.333333,
    2695145173.3333335,
    2745800384.0,
    3278686101.3333335,
    1621336762.6666667,
    2189721066.6666665,
    2026148029.3333333,
    726212021.3333334,
    1132368592.0,
    148467615.3333333,
    492298781.3333334,
    219110130.0,
    207550130.5,
    65414761.83333332,
    93205221.25,
    62486067.33333333,
    31921030.5,
    21385858.0,
    42255357.9375,
    41602634.833333336,
    16200875.5,
    23187647.333333332,
    13770728.291666666,
    15211339.5,
    14783440.999999998,
    24097595.458333336,
    8233419.333333334,
    7793169.729166667,
    10462699.583333334,
    4678826.583333334,
    12948265.1875,
    15129298.479166666,
    5438127.229166667,
    7837025.354166666,
    7014285.645833333,
    10320966.859375,
    2375403.3020833335,
    4244375.270833333,
    5472311.588541666,
    2901936.1458333335,
    1050919.6458333333,
    10081079.359375,
    7086244.156249999,
    2903394.7916666665,
    5719731.109375,
    6622478.937499999,
    2726545.4583333335,
    8387692.416666667,
    5678475.322916667,
    8554518.916666668,
    5163839.895833333,
    3646531.5416666665,
    11117247.317708334,
    2809386.7083333335,
    1082500.9635416665,
    1687555.28125,
    2277730.8958333335,
    1739037.4531250002,
    3034457.216145833,
    1375869.9114583333,
    988451.3489583333,
    1948457.2031250002,
    1584818.8385416667,
    3592100.104166667,
    2159559.765625,
    3626728.9791666665,
    3602432.458333333,
    3867228.4583333335,
    3614682.4895833335,
    10776073.270833336,
    6682038.083333334
  ],
  "val_loss": [
    2147903104.0,
    1792958736.0,
    1301577632.0,
    309635504.0,
    569677440.0,
    307974700.0,
    1154154208.0,
    277461750.0,
    606905380.0,
    126576904.0,
    57517255.0,
    144972196.0,
    27347662.0,
    71131984.0,
    34321896.0,
    34433025.125,
    17521417.5,
    27440318.8125,
    30803167.0,
    16435607.25,
    14441519.0,
    29892219.0,
    27429940.3125,
    7585254.125,
    3343523.375,
    2702357.1875,
    1285785.03125,
    9227032.75,
    6355224.1875,
    7110267.0,
    25443110.25,
    4484641.0,
    9139744.625,
    2895621.0,
    2828341.546875,
    7127534.75,
    1522816.8125,
    740441.046875,
    441612.265625,
    11473837.375,
    1793880.03125,
    2957073.75,
    2712926.359375,
    2664107.1875,
    6755098.125,
    1326711.578125,
    6178393.375,
    813936.09375,
    1597339.1875,
    3743128.25,
    1978167.5,
    137597.453125,
    2165054.984375,
    2481043.96875,
    489081.640625,
    500812.625,
    1348540.5625,
    387906.015625,
    723460.1484375,
    688151.625,
    1739260.0,
    4427675.84375,
    718067.4375,
    13317104.484375,
    862432.59375,
    1951272.4375,
    364612.234375,
    1516111.1875,
    1181664.03125,
    941161.34375,
    526410.140625,
    1683848.21875
  ],