{
  "epochs": [
    1,
    2,
    3,
    4,
    5,
    6,
    7,
    8,
    9,
    10,
    11,
    12,
    13,
    14,
    15,
    16,
    17,
    18,
    19,
    20,
    21,
    22,
    23,
    24,
    25,
    26,
    27,
    28,
    29,
    30,
    31,
    32,
    33,
    34,
    35,
    36,
    37
  ],
  "loss": [
    1.9619272152582803,
    1.5638060073057811,
    0.8103758891423543,
    0.40501350661118823,
    0.6708701302607855,
    0.35857055584589637,
    0.5033975889285405,
    0.3402497818072637,
    0.3640650908152262,
    0.3542073617378871,
    0.33481731017430627,
    0.35417235891024273,
    0.31201163679361343,
    0.3437759280204773,
    0.3311203916867574,
    0.3320797433455785,
    0.3290100196997324,
    0.3054552525281906,
    0.33336795866489416,
    0.340801735719045,
    0.3311432202657064,
    0.33917406698067987,
    0.36009784042835236,
    0.32999321321646374,
    0.3400697608788808,
    0.3120224177837372,
    0.34025677541891736,
    0.34152782460053766,
    0.3308981681863467,
    0.3291207104921341,
    0.34246234595775604,
    0.351211075981458,
    0.31377366185188293,
    0.3519573907057444,
    0.33768369754155475,
    0.3493370215098063,
    0.3406354834636052
  ],
  "data_loss": [
    1.130693048238754,
    1.1213054160277047,
    1.1047454476356506,
    1.125057339668274,
    1.1156217654546103,
    1.1316319108009338,
    1.1290687421957653,
    1.0963801344235737,
    1.10262464483579,
    1.0971240798632305,
    1.0952892998854318,
    1.1314888894557953,
    1.0018957356611888,
    1.1288893719514212,
    1.091363400220871,
    1.103157142798106,
    1.0821090340614319,
    1.0096307396888733,
    1.0968678792317708,
    1.128820925951004,
    1.098563512166341,
    1.1229932506879172,
    1.193248669306437,
    1.0899101197719574,
    1.1273790101210275,
    1.036651392777761,
    1.1304290195306144,
    1.1358122030893962,
    1.0990579028924305,
    1.0920272469520569,
    1.1381743649641674,
    1.1580177942911785,
    1.0229059755802155,
    1.1368258794148762,
    1.118538866440455,
    1.1552924315134683,
    1.1276721060276031
  ],
  "physics_loss": [
    2.3181703786055246,
    1.7534491469462714,
    0.6842175079509616,
    0.0964232680077354,
    0.48026227702697116,
    0.02725854003801942,
    0.23525278378898898,
    0.016193900878230732,
    0.04753956183170279,
    0.035814455943182104,
    0.008900718220199147,
    0.021036688665238522,
    0.01634700557527443,
    0.007298711260470251,
    0.005301937771340212,
    0.0016179780844443787,
    0.0062532807933166614,
    0.0036657503223977987,
    0.0061536770275173085,
    0.0030791975441388786,
    0.0022487857495434582,
    0.003251527562194193,
    0.003033172882472475,
    0.004314511238286893,
    0.0026514880009926856,
    0.001467129128286615,
    0.0016115142595178138,
    0.0011202155728824437,
    0.0016868355063100657,
    0.002160749873534466,
    0.0014429059519898146,
    0.005436751651965703,
    0.009859799106682962,
    0.015585171699058264,
    0.0030314545535172024,
    0.003927546689131607,
    0.003334054199513048
  ],
  "val_loss": [
    1.1857559382915497,
    1.8544703722000122,
    0.19267084449529648,
    0.5364561229944229,
    0.3418187350034714,
    0.17280778475105762,
    0.6402553617954254,
    0.18142731860280037,
    0.16009222902357578,
    0.1462446954101324,
    0.14673629216849804,
    0.14972139801830053,
    0.14425317663699389,
    0.14626884274184704,
    0.14513014163821936,
    0.14849473163485527,
    0.1433415887877345,
    0.1438469858840108,
    0.14915007259696722,
    0.14427211042493582,
    0.14429790992289782,
    0.14362489618360996,
    0.14493947243317962,
    0.1447304729372263,
    0.14507394284009933,
    0.1436560619622469,
    0.143355387263,
    0.14425419084727764,
    0.14360118005424738,
    0.14408330339938402,
    0.14336884021759033,
    0.14537934493273497,
    0.15114546101540327,
    0.15259606391191483,
    0.1435904810205102,
    0.14357732376083732,
    0.15016513410955667
  ],
  "val_data_loss": [
    0.47586721926927567,
    0.47586722299456596,
    0.47586722299456596,
    0.47586725279688835,
    0.47586722299456596,
    0.4758672248572111,
    0.475867073982954,
    0.4758673142641783,
    0.4758670758455992,
    0.4758673142641783,
    0.4758672546595335,
    0.4758672248572111,
    0.4758671931922436,
    0.4758672248572111,
    0.4758671894669533,
    0.47586721926927567,
    0.4758672546595335,
    0.4758672248572111,
    0.47586725279688835,
    0.4758672248572111,
    0.47586728259921074,
    0.4758673142641783,
    0.4758671931922436,
    0.4758673142641783,
    0.4758671894669533,
    0.4758673142641783,
    0.4758671596646309,
    0.4758672844618559,
    0.4758672546595335,
    0.4758672248572111,
    0.47586722299456596,
    0.4758671931922436,
    0.4758671894669533,
    0.47586725279688835,
    0.47586725279688835,
    0.47586734406650066,
    0.47586710564792156
  ],
  "val_physics_loss": [
    1.4899940192699432,
    2.445300415158272,
    0.07130094990134239,
    0.5624227970838547,
    0.284369383007288,
    0.04292515944689512,
    0.7107074856758118,
    0.0552387461066246,
    0.024760154075920582,
    0.00497785210609436,
    0.005680156988091767,
    0.009944604826159775,
    0.002132885332684964,
    0.005012386362068355,
    0.0033856789232231677,
    0.008192236186005175,
    0.0008305837400257587,
    0.0015525868511758745,
    0.009128432720899582,
    0.0021599046303890646,
    0.002196747198468074,
    0.0012352883350104094,
    0.0031133050797507167,
    0.002814683015458286,
    0.0033053982187993824,
    0.0012798017996829003,
    0.000850340147735551,
    0.0021342711115721613,
    0.0012014097010251135,
    0.0018901976000051945,
    0.0008695116848684847,
    0.0037416894629132003,
    0.011978995520621538,
    0.014051259960979223,
    0.0011861511738970876,
    0.0011673072876874357,
    0.010578557616099715
  ],
  "alpha": [
    0.04976249113678932,
    0.04970354959368706,
    0.049531932920217514,
    0.049374282360076904,
    0.049249518662691116,
    0.04913380742073059,
    0.04902159422636032,
    0.048923760652542114,
    0.04884606972336769,
    0.048781465739011765,
    0.04872504621744156,
    0.04866880550980568,
    0.04860609397292137,
    0.04854350909590721,
    0.04848439246416092,
    0.048426445573568344,
    0.048365890979766846,
    0.04830269515514374,
    0.0482419952750206,
    0.048181600868701935,
    0.048118818551301956,
    0.04805456101894379,
    0.0479893796145916,
    0.04792289063334465,
    0.047854430973529816,
    0.04778559133410454,
    0.047717224806547165,
    0.04764792323112488,
    0.04757702350616455,
    0.04750519245862961,
    0.047432899475097656,
    0.04735732451081276,
    0.0472833588719368,
    0.047207899391651154,
    0.04713042452931404,
    0.04705724120140076,
    0.04698299616575241
  ],
  "sigma": [
    99.43113708496094,
    98.98872375488281,
    98.6257095336914,
    98.38873291015625,
    98.20054626464844,
    98.0632553100586,
    97.96011352539062,
    97.88250732421875,
    97.83174133300781,
    97.79470825195312,
    97.77064514160156,
    97.75391387939453,
    97.74016571044922,
    97.7300033569336,
    97.72315216064453,
    97.7187271118164,
    97.7152328491211,
    97.712158203125,
    97.70941162109375,
    97.70665740966797,
    97.70451354980469,
    97.70246887207031,
    97.70074462890625,
    97.69841003417969,
    97.69654846191406,
    97.69506072998047,
    97.69393920898438,
    97.69305419921875,
    97.69221496582031,
    97.69123840332031,
    97.6903076171875,
    97.6883544921875,
    97.6851806640625,
    97.67884826660156,
    97.6711196899414,
    97.66590118408203,
    97.66180419921875
  ],