{
  "epochs": [
    1,
    2,
    3,
    4,
    5,
    6,
    7,
    8,
    9,
    10,
    11,
    12,
    13,
    14,
    15,
    16,
    17,
    18,
    19,
    20,
    21,
    22,
    23,
    24,
    25,
    26,
    27,
    28,
    29,
    30,
    31,
    32,
    33,
    34,
    35,
    36,
    37,
    38,
    39,
    40,
    41,
    42,
    43,
    44,
    45,
    46,
    47,
    48,
    49,
    50,
    51,
    52,
    53,
    54,
    55,
    56,
    57,
    58,
    59,
    60,
    61,
    62,
    63
  ],
  "loss": [
    12424367872.000002,
    4856257359.0,
    6066860586.666667,
    1338344565.3333333,
    1218673365.3333333,
    482187826.6666667,
    232125002.66666666,
    150123822.0,
    41208941.666666664,
    88312306.0,
    24318443.541666664,
    21580522.166666668,
    9622449.541666668,
    8287558.791666666,
    16313040.5,
    7697931.166666666,
    4780139.281249999,
    3528985.265625,
    15530297.583333334,
    8524493.541666666,
    6109083.458333332,
    1392283.7447916667,
    9662106.072916668,
    4451739.822916666,
    4797618.843749999,
    2332217.791666667,
    1143996.9583333333,
    1192995.8020833333,
    1274542.1666666667,
    1656174.2604166665,
    796357.9583333333,
    1843758.296875,
    1741271.6041666667,
    899366.0234375001,
    1296048.4270833335,
    1014879.1614583333,
    753469.2057291667,
    1325399.5,
    518997.5130208333,
    1144437.8854166667,
    843011.3645833333,
    1222090.0833333333,
    772686.5052083334,
    521368.2135416667,
    971983.6875,
    711009.6536458334,
    698492.3984375,
    492230.6783854166,
    1215785.1510416665,
    572498.1354166666,
    542861.0,
    423049.08984375,
    1351028.453125,
    790932.4088541666,
    2175627.8255208335,
    790650.0963541667,
    304605.2239583333,
    4646476.289062499,
    1692235.5833333335,
    944680.203125,
    1075703.9166666665,
    439947.1067708334,
    525708.4544270834
  ],
  "data_loss": [
    1.0610968271891277,
    1.0152699848016102,
    1.068252662817637,
    1.054244836171468,
    1.0472650229930878,
    1.0420515537261963,
    1.0023687779903412,
    1.042291522026062,
    1.0401921272277832,
    1.0370010832945507,
    0.9852455953756968,
    1.0636860728263855,
    1.0621604919433594,
    1.0066690842310588,
    1.029728094736735,
    1.052526374657949,
    1.056328316529592,
    0.9575337767601014,
    1.051802615324656,
    1.0625189344088235,
    1.051541765530904,
    1.0196602543195088,
    1.0151266952355702,
    1.0559942523638408,
    1.0492793222268424,
    1.0306913455327351,
    1.010981192191442,
    0.8965859760840734,
    1.040975918372472,
    1.0520283977190654,
    1.048568864663442,
    1.033673365910848,
    1.049528479576111,
    0.9489927987257639,
    0.9045120527346928,
    1.0577500263849895,
    1.04896413286527,
    1.0115473568439484,
    1.0574832359949748,
    1.0443930327892303,
    1.0503352681795757,
    1.0242084165414174,
    1.0401305258274078,
    1.0463977257410684,
    1.0404902497927346,
    0.8989266504844029,
    1.0409055749575298,
    1.0544697841008503,
    1.0126406351725261,
    1.0628268718719482,
    0.94925257563591,
    1.0391830205917358,
    1.0436462263266244,
    1.062455177307129,
    1.059589664141337,
    1.054966469605764,
    1.0517958799997964,
    0.9610729515552521,
    1.0042551457881927,
    1.0682970682779946,
    0.956611047188441,
    0.9687234262625376,
    1.0318702260653179
  ],
  "physics_loss": [
    17749097472.0,
    6937510735.333333,
    8666943914.666668,
    1911920805.3333335,
    1740961984.0,
    688839770.6666666,
    331607154.6666667,
    214462609.33333334,
    58869916.00000001,
    126160439.0,
    34740634.333333336,
    30829318.208333336,
    13746356.083333336,
    11839369.479166668,
    23304344.166666664,
    10997044.25,
    6828769.947916667,
    5041407.21875,
    22186139.666666664,
    12177847.6875,
    8727261.6875,
    1988976.3854166665,
    13803008.708333332,
    6359628.041666667,
    6853740.989583332,
    3331739.375,
    1634280.9270833335,
    1704279.3437499998,
    1820774.1041666665,
    2365962.8125,
    1137653.8020833335,
    2633939.9166666665,
    2487530.385416667,
    1284808.2421875,
    1851497.3776041665,
    1449826.921875,
    1076384.109375,
    1893427.46875,
    741424.5416666667,
    1634910.84375,
    1204301.4895833335,
    1745842.5937499998,
    1103837.4166666667,
    744811.3020833334,
    1388547.6927083335,
    1015727.7083333333,
    997845.8854166667,
    703186.2291666667,
    1736835.4348958333,
    817854.0156249999,
    775515.3125,
    604355.421875,
    1930040.2395833333,
    1129903.03125,
    3108039.4114583335,
    1129499.6770833333,
    435149.8723958333,
    6637823.119791667,
    2417478.9375,
    1349542.7057291665,
    1536719.4791666665,
    628495.4557291667,
    751011.6354166666
  ],
  "val_loss": [
    3560462976.0,
    1324782272.0,
    715434024.0,
    388272890.0,
    532765280.0,
    277278212.0,
    55027556.0,
    50984262.0,
    109926541.0,
    3370780.1875,
    10532973.25,
    12826470.75,
    5167780.875,
    6437434.75,
    2722977.625,
    9800262.0,
    23120984.875,
    4427324.125,
    2368906.0,
    2859181.0625,
    938978.8515625,
    3674560.75,
    1332706.4375,
    1714164.4375,
    1582228.5625,
    1644532.8125,
    1146817.40625,
    1536588.125,
    1423187.34375,
    2584706.03125,
    331044.15625,
    1301230.3125,
    1310690.7265625,
    1616569.8125,
    668130.46875,
    139334.44140625,
    1359975.34375,
    431323.671875,
    392597.390625,
    345235.6875,
    909684.5,
    877477.734375,
    120973.91015625,
    564474.34375,
    137479.90234375,
    1230235.453125,
    156367.0546875,
    256500.03125,
    735243.640625,
    1513489.03125,
    1529419.25,
    377187.484375,
    144120.1953125,
    3445439.375,
    1434488.75,
    756100.44921875,
    959192.57421875,
    122369.828125,
    333524.6796875,
    1459712.25,
    1474711.80859375,
    1219235.0625,
    1050246.609375
  ],
  "val_data_loss": [
    0.505827322602272,
    0.5058605819940567,
    0.5058273524045944,
    0.505827322602272,
    0.5058272927999496,
    0.505827322602272,
    0.505827322602272,
    0.5058272629976273,
    0.5058272927999496,
    0.5058272927999496,
    0.5058272033929825,
    0.505827322602272,
    0.5058272629976273,
    0.5058272927999496,
    0.5058272331953049,
    0.5058272927999496,
    0.5058272927999496,
    0.5058272927999496,
    0.5058272927999496,
    0.5058272331953049,
    0.5058272927999496,
    0.5058272927999496,
    0.5058272927999496,
    0.5058272927999496,
    0.5058272331953049,
    0.505827322602272,
    0.5058272331953049,
    0.505827322602272,
    0.5058272927999496,
    0.5058273524045944,
    0.5058272927999496,
    0.5058272033929825,
    0.505827322602272,
    0.505827322602272,
    0.505827322602272,
    0.5058272629976273,
    0.5058274120092392,
    0.5058272927999496,
    0.5058272927999496,
    0.5058273822069168,
    0.5058272927999496,
    0.5058272927999496,
    0.5058272331953049,
    0.5058272331953049,
    0.505827322602272,
    0.5058272927999496,
    0.5058272331953049,
    0.5058272927999496,
    0.5058272331953049,
    0.5058272927999496,
    0.5058272331953049,
    0.5058272927999496,
    0.5058272927999496,
    0.5058272331953049,
    0.5058272927999496,
    0.5058272331953049,
    0.5058272331953049,
    0.5058272331953049,
    0.5058272927999496,
    0.505827322602272,
    0.5058272927999496,
    0.5058272927999496,
    0.505827322602272
  ],