{
  "epochs": [
    1,
    2,
    3,
    4,
    5,
    6,
    7,
    8,
    9,
    10,
    11,
    12,
    13,
    14,
    15,
    16,
    17,
    18,
    19,
    20,
    21,
    22,
    23,
    24,
    25,
    26,
    27,
    28,
    29,
    30,
    31,
    32,
    33,
    34
  ],
  "loss": [
    2.928405086199443,
    1.0298851827780406,
    0.555796797076861,
    0.5237703124682109,
    0.4902060528596242,
    0.4325780222813289,
    0.37071118752161664,
    0.4040359258651734,
    0.34459832807381946,
    0.33558117846647895,
    0.33057478566964466,
    0.3177221740285555,
    0.32834899922211963,
    0.32088045775890345,
    0.33099405964215595,
    0.31951412558555603,
    0.3295701046784719,
    0.31395377218723297,
    0.3282464047273,
    0.32264337440331775,
    0.30520906796058017,
    0.3188697745402654,
    0.29077067971229553,
    0.3097863644361496,
    0.3052203183372815,
    0.31538168092568714,
    0.3143548220396042,
    0.322592834631602,
    0.3208346118529638,
    0.32859593133131665,
    0.3019148583213488,
    0.3142603188753128,
    0.3158121158679326,
    0.32431081930796307
  ],
  "data_loss": [
    1.0689300696055095,
    0.9836543500423431,
    1.0236965815226235,
    1.0803492267926533,
    1.0543935696283977,
    1.0284141103426616,
    1.0603508551915486,
    1.0191450317700705,
    1.0528373916943867,
    1.000403662522634,
    0.9926297863324484,
    0.9944564799467723,
    1.0711600482463837,
    1.0551997423171997,
    1.0607846279939015,
    1.0456829567750296,
    1.023485283056895,
    1.034748524427414,
    1.0298465092976887,
    1.065853754679362,
    1.0086953143278756,
    1.045123279094696,
    0.9563676019509635,
    1.0258616507053375,
    1.010351538658142,
    1.0317848324775696,
    1.0390773117542267,
    1.0712821185588837,
    1.0637569228808086,
    1.0887721578280132,
    1.0008469223976135,
    1.0433282951513927,
    1.0483074883619943,
    1.0730529626210532
  ],
  "physics_loss": [
    3.725322862466176,
    1.049698367714882,
    0.3552682983378569,
    0.2852364778518677,
    0.24841139093041417,
    0.17721969028934836,
    0.07515130859489241,
    0.14041772593433657,
    0.04106729291379452,
    0.0506572339994212,
    0.046836925515284136,
    0.02769316965714097,
    0.010001394005181888,
    0.006172168592456728,
    0.018226645324223988,
    0.008298890005486706,
    0.03217787547813108,
    0.005041715300952395,
    0.027560621111964185,
    0.004124631678375105,
    0.003714943168840061,
    0.007618262490723282,
    0.005514837122367074,
    0.0028969397147496543,
    0.0030212084529921412,
    0.008351726961943012,
    0.00375943888987725,
    0.001725984582056602,
    0.002439321794857581,
    0.0028061086583572132,
    0.0023725190743183093,
    0.0018026012500437596,
    0.001885506596105794,
    0.003421305174318453
  ],
  "val_loss": [
    1.2373182773590088,
    1.4444220066070557,
    0.22367443144321442,
    0.13549477607011795,
    0.14766965806484222,
    0.10282428190112114,
    0.15494118630886078,
    0.02527248114347458,
    0.07588623464107513,
    0.07074946165084839,
    0.037705644965171814,
    0.02286260575056076,
    0.023960180580615997,
    0.021158523857593536,
    0.02235773205757141,
    0.023691773414611816,
    0.02313680201768875,
    0.02216331660747528,
    0.023828059434890747,
    0.021861642599105835,
    0.021701142191886902,
    0.02331240475177765,
    0.02227632701396942,
    0.021539561450481415,
    0.02132958173751831,
    0.021656587719917297,
    0.025360234081745148,
    0.0236244797706604,
    0.023910939693450928,
    0.023782677948474884,
    0.021376654505729675,
    0.02126554399728775,
    0.02303393930196762,
    0.021638676524162292
  ],
  "val_data_loss": [
    0.06781500577926636,
    0.06781497597694397,
    0.06781500577926636,
    0.06781503558158875,
    0.06781500577926636,
    0.06781500577926636,
    0.06781500577926636,
    0.06781494617462158,
    0.06781494617462158,
    0.06781497597694397,
    0.06781500577926636,
    0.06781497597694397,
    0.06781497597694397,
    0.06781497597694397,
    0.06781500577926636,
    0.06781500577926636,
    0.06781500577926636,
    0.06781500577926636,
    0.06781503558158875,
    0.06781497597694397,
    0.06781494617462158,
    0.06781500577926636,
    0.06781500577926636,
    0.06781500577926636,
    0.06781497597694397,
    0.06781500577926636,
    0.06781500577926636,
    0.06781500577926636,
    0.06781500577926636,
    0.06781503558158875,
    0.06781497597694397,
    0.06781500577926636,
    0.06781500577926636,
    0.06781494617462158
  ],
  "val_physics_loss": [
    1.7385340332984924,
    2.0343964099884033,
    0.29047132236883044,
    0.16450038831681013,
    0.18189306743443012,
    0.11782826110720634,
    0.19228099286556244,
    0.0070400049444288015,
    0.07934538088738918,
    0.07200709590688348,
    0.024801641702651978,
    0.0035972989862784743,
    0.005165272508747876,
    0.0011628982028923929,
    0.002876044251024723,
    0.004781812895089388,
    0.00398899323772639,
    0.0025983090745285153,
    0.004976480035111308,
    0.0021673550945706666,
    0.0019380867597647011,
    0.004239856032654643,
    0.0027597424923442304,
    0.0017072216141968966,
    0.0014072568737901747,
    0.0018744037952274084,
    0.007165325339883566,
    0.004685677587985992,
    0.005094907828606665,
    0.0049116507871076465,
    0.0014745132066309452,
    0.0013157723005861044,
    0.003842056030407548,
    0.001848845451604575
  ],
  "alpha": [
    0.049703121185302734,
    0.04941518232226372,
    0.04918983578681946,
    0.049023840576410294,
    0.048888735473155975,
    0.048790689557790756,
    0.04870842397212982,
    0.0486191101372242,
    0.04853807017207146,
    0.048464156687259674,
    0.048383329063653946,
    0.04829786717891693,
    0.0482170432806015,
    0.048141781240701675,
    0.04806993901729584,
    0.047999002039432526,
    0.047925978899002075,
    0.04784523695707321,
    0.04775840416550636,
    0.04767473042011261,
    0.04759490117430687,
    0.04750973731279373,
    0.047421351075172424,
    0.04733392223715782,
    0.04724861681461334,
    0.047161586582660675,
    0.047076836228370667,
    0.046992942690849304,
    0.0469043031334877,
    0.046812623739242554,
    0.04672117158770561,
    0.04662691801786423,
    0.046528805047273636,
    0.046433545649051666
  ],
  "sigma": [
    99.45347595214844,
    99.05421447753906,
    98.79302978515625,
    98.61013793945312,
    98.4676284790039,
    98.36166381835938,
    98.28833770751953,
    98.22925567626953,
    98.18327331542969,
    98.14769744873047,
    98.11788940429688,
    98.09599304199219,
    98.08097839355469,
    98.0710220336914,
    98.0632553100586,
    98.0555419921875,
    98.04544067382812,
    98.03717041015625,
    98.02786254882812,
    98.01996612548828,
    98.01496887207031,
    98.01029205322266,
    98.00655364990234,
    98.00375366210938,
    98.00169372558594,
    97.999267578125,
    97.99623107910156,
    97.99388885498047,
    97.99225616455078,
    97.99071502685547,
    97.9894027709961,
    97.98847198486328,
    97.98757934570312,
    97.98655700683594
  ],
  "mu_eq": [
    2799.994873046875,
    2799.990478515625,
    2799.986083984375,
    2799.983154296875,
    2799.9814453125,
    2799.97998046875,
    2799.978515625,
    2799.978271484375,
    2799.978271484375,
    2799.978271484375,
    2799.978271484375,
    2799.978271484375,
    2799.978271484375,
    2799.978271484375,
    2799.978271484375,
    2799.978271484375,
    2799.978271484375,
    2799.978271484375,
    2799.978271484375,
    2799.978271484375,
    2799.978271484375,
    2799.978271484375,
    2799.978271484375,
    2799.978271484375,
    2799.978271484375,
    2799.978271484375,
    2799.978271484375,
    2799.978271484375,
    2799.978271484375,
    2799.978271484375,
    2799.978271484375,
    2799.978271484375,
    2799.978271484375,
    2799.978271484375
  ],
  "gamma": [],