{
  "epochs": [
    1,
    2,
    3,
    4,
    5,
    6,
    7,
    8,
    9,
    10,
    11,
    12,
    13,
    14,
    15,
    16,
    17,
    18,
    19,
    20,
    21,
    22,
    23,
    24,
    25,
    26,
    27,
    28,
    29,
    30,
    31,
    32,
    33,
    34,
    35,
    36,
    37,
    38
  ],
  "loss": [
    12719393312.000002,
    9283806229.333334,
    3344768202.666667,
    1229412485.3333333,
    849995738.6666667,
    741585305.9999999,
    592257130.6666667,
    190402319.08333334,
    128888797.91666666,
    47383567.666666664,
    32776849.041666664,
    36691346.375,
    87780211.58333333,
    43327314.666666664,
    42320561.458333336,
    39329634.458333336,
    34963416.125,
    24310316.9375,
    96968189.5,
    86700534.79166667,
    35641283.20833333,
    20579321.75,
    16040682.375,
    27820680.645833332,
    7808429.250000001,
    5617232.250000001,
    17323254.302083332,
    73492366.83333333,
    22729481.875,
    93895182.83333334,
    69430150.75,
    89706654.39583333,
    76285923.66666667,
    9388741.833333334,
    30898036.166666664,
    15135745.333333334,
    14476319.895833332,
    6973657.239583333
  ],
  "data_loss": [
    1.0835150082906089,
    1.152319033940633,
    1.1301037073135376,
    0.9973279386758804,
    1.1584176421165466,
    1.1424787441889444,
    1.123651921749115,
    1.1149117151896157,
    1.0793342192967732,
    1.146607259909312,
    1.1433116594950357,
    1.0829204519589741,
    1.1146232982476552,
    1.1150896151860556,
    1.121587832768758,
    1.1648484071095786,
    1.0903764367103577,
    1.1615554094314575,
    1.1006959875424704,
    1.0961960653463998,
    1.1492225527763367,
    1.0963621139526367,
    1.1635743379592896,
    1.140404760837555,
    1.1025995115439098,
    1.1278110245863597,
    1.1409546534220376,
    1.141554037729899,
    1.0894384880860648,
    1.1334126393000286,
    1.148704787095388,
    1.1553060015042624,
    1.146457850933075,
    1.155338704586029,
    1.1105782787005105,
    1.1139718890190125,
    1.1462890903155007,
    1.1707413991292317
  ],
  "physics_loss": [
    18170562453.333332,
    13262580650.666664,
    4778240426.666666,
    1756303525.3333333,
    1214279658.6666667,
    1059407621.3333334,
    846081621.3333334,
    272003317.4166666,
    184126858.0,
    67690811.16666666,
    46824071.0,
    52416210.66666667,
    125400303.41666666,
    61896164.0,
    60457947.58333333,
    56185192.708333336,
    49947737.29166667,
    34729024.77083333,
    138525988.47916666,
    123857909.33333333,
    50916119.25,
    29399030.75,
    22915260.624999996,
    39743830.083333336,
    11154898.833333334,
    8024617.208333334,
    24747505.708333332,
    104989093.58333333,
    32470687.916666664,
    134135974.33333334,
    99185930.75,
    128152365.64583333,
    108979892.16666666,
    13412488.083333334,
    44140052.66666667,
    21622494.166666668,
    20680457.635416668,
    9962367.427083334
  ],
  "val_loss": [
    16169095424.0,
    10082360320.0,
    3787190752.0,
    1077577056.0,
    129639788.0,
    751253181.0,
    161725321.8125,
    85236506.0,
    6711469.75,
    2078677.640625,
    231656016.0,
    24723818.0,
    40919207.625,
    6050917.390625,
    52342953.75,
    18959072.6875,
    76469333.65625,
    931754.15625,
    15889398.125,
    9769614.625,
    1620345.3125,
    22881269.5,
    2443834.03125,
    1936675.9375,
    6072533.9375,
    3544151.625,
    32908205.875,
    96689559.0,
    44777796.0,
    230623022.5,
    80622803.75,
    54747157.0,
    8874077.25,
    3424778.796875,
    8266720.25,
    3513989.375,
    9297277.0,
    1172715.0
  ],
  "val_data_loss": [
    0.8536262363195419,
    0.8536262363195419,
    0.853626161813736,
    0.8536262363195419,
    0.853626161813736,
    0.853626161813736,
    0.853626161813736,
    0.853626161813736,
    0.8536262363195419,
    0.853626161813736,
    0.8536262363195419,
    0.853626161813736,
    0.853626161813736,
    0.8536262363195419,
    0.8536262363195419,
    0.853626161813736,
    0.8536262363195419,
    0.853626161813736,
    0.8536262363195419,
    0.8536262363195419,
    0.8536262363195419,
    0.8536262661218643,
    0.853626161813736,
    0.853626161813736,
    0.853626161813736,
    0.853626161813736,
    0.8536262363195419,
    0.8536262363195419,
    0.853626161813736,
    0.8536262363195419,
    0.8536262363195419,
    0.853626161813736,
    0.8536262363195419,
    0.8536262363195419,
    0.8536262363195419,
    0.8536262959241867,
    0.853626161813736,
    0.8536262363195419
  ],
  "val_physics_loss": [
    23098707968.0,
    14403372288.0,
    5410272448.0,
    1539395808.0,
    185199700.0,
    1073218839.0,
    231036187.625,
    121766436.0,
    9587813.875,
    2969539.15625,
    330937160.0,
    35319740.0,
    58456012.5,
    8644167.375,
    74775649.25,
    27084389.1875,
    109241903.8125,
    1331077.0,
    22699140.625,
    13956592.25,
    2314778.8125,
    32687529.25,
    3491191.3125,
    2766679.65625,
    8675048.75,
    5063073.75,
    47011723.75,
    138127939.25,
    63968282.0,
    329461474.5,
    115175433.0,
    78210228.0,
    12677253.5,
    4892540.8125,
    11809600.5,
    5019984.5,
    13281824.0,
    1675306.8125
  ],
  "alpha": [
    0.05002289265394211,
    0.049899496138095856,
    0.04971128702163696,
    0.04963388293981552,
    0.04963850975036621,
    0.04963961988687515,
    0.04960023984313011,
    0.04957503080368042,
    0.0495733916759491,
    0.04957866296172142,
    0.04958032816648483,
    0.049577679485082626,
    0.04957333207130432,
    0.04956575483083725,
    0.049562860280275345,
    0.04956117272377014,
    0.049557071179151535,
    0.049546755850315094,
    0.049535688012838364,
    0.049532026052474976,
    0.04953404888510704,
    0.04953211173415184,
    0.04952186346054077,
    0.04951128363609314,
    0.04950955882668495,
    0.049509018659591675,
    0.049499139189720154,
    0.04947526007890701,
    0.049456823617219925,
    0.04945402964949608,
    0.04944995045661926,
    0.04943675920367241,
    0.04942987859249115,
    0.04941050708293915,
    0.04939107224345207,
    0.04938514903187752,
    0.04938109964132309,
    0.04936690255999565
  ],
  "sigma": [
    0.0,
    0.0,
    0.0,
    0.0,
    0.0,
    0.0,
    0.0,
    0.0,
    0.0,
    0.0,
    0.0,
    0.0,
    0.0,
    0.0,
    0.0,
    0.0,
    0.0,
    0.0,
    0.0,
    0.0,
    0.0,
    0.0,
    0.0,
    0.0,
    0.0,
    0.0,
    0.0,
    0.0,
    0.0,
    0.0,
    0.0,
    0.0,
    0.0,
    0.0,
    0.0,
    0.0,
    0.0,
    0.0
  ],
  "mu_eq": [
    2799.9990234375,
    2799.99560546875,
    2799.9912109375,
    2799.989013671875,
    2799.988525390625,
    2799.98828125,
    2799.98681640625,
    2799.986328125,
    2799.986328125,
    2799.986328125,
    2799.986328125,
    2799.986328125,
    2799.986328125,
    2799.986328125,
    2799.986328125,
    2799.986328125,
    2799.986328125,
    2799.986328125,
    2799.986328125,
    2799.986328125,
    2799.986328125,
    2799.986328125,
    2799.986328125,
    2799.986328125,
    2799.986328125,
    2799.986328125,
    2799.986328125,
    2799.986328125,
    2799.986328125,
    2799.986328125,
    2799.986328125,
    2799.986328125,
    2799.986328125,
    2799.986328125,
    2799.986328125,
    2799.986328125,
    2799.986328125,
    2799.986328125
  ],