{
  "epochs": [
    1,
    2,
    3,
    4,
    5,
    6,
    7,
    8,
    9,
    10,
    11,
    12,
    13,
    14,
    15,
    16,
    17,
    18,
    19,
    20,
    21,
    22,
    23,
    24,
    25,
    26,
    27,
    28,
    29,
    30,
    31,
    32,
    33,
    34,
    35,
    36,
    37,
    38,
    39,
    40,
    41,
    42,
    43,
    44,
    45,
    46,
    47,
    48,
    49,
    50,
    51,
    52,
    53,
    54,
    55,
    56,
    57,
    58,
    59,
    60,
    61,
    62,
    63,
    64,
    65,
    66,
    67
  ],
  "loss": [
    17269501952.0,
    2132067573.3333335,
    3493477034.6666665,
    372867133.3333333,
    935043494.6666667,
    205140490.0,
    144195304.5,
    52226149.33333333,
    150906387.3333333,
    38369591.666666664,
    17851257.395833332,
    12277123.229166668,
    7334823.041666668,
    12475889.229166668,
    23664907.322916668,
    67745243.0,
    35245892.5,
    43065384.541666664,
    12495425.875,
    50959918.541666664,
    12970857.791666668,
    15676306.166666666,
    11609428.729166668,
    8366686.666666667,
    4817083.875000001,
    7469212.067708334,
    5788278.541666667,
    6532356.541666667,
    2090755.8645833335,
    4743947.8125,
    7763661.21875,
    32719357.3125,
    33718264.333333336,
    26096245.812499996,
    21015053.75,
    11104122.25,
    14733209.750000002,
    17518173.5,
    12684019.416666668,
    16172575.083333336,
    5291905.645833334,
    5044335.833333333,
    15157255.541666668,
    9096347.333333334,
    2258564.145833333,
    1161691.0052083335,
    4684368.364583334,
    9152507.40625,
    5658808.312499999,
    5033866.791666666,
    7707558.174479166,
    6297622.3125,
    3285214.916666667,
    4524487.041666667,
    3933047.7708333335,
    4026000.53125,
    639424.7395833334,
    3344631.9947916665,
    7352461.895833334,
    9448876.1875,
    23609772.921874996,
    8324098.854166667,
    10641623.000000002,
    9373016.375,
    10074812.666666666,
    7507400.416666666,
    21698447.71875
  ],
  "data_loss": [
    1.0974813203016918,
    1.1223615209261577,
    1.0914120276769002,
    1.0649910966555276,
    1.1195924778779347,
    1.1406188607215881,
    1.0528247555096943,
    1.1014875769615173,
    1.0938855111598969,
    1.152248203754425,
    1.1400290330251057,
    1.1468531986077628,
    1.0551091432571411,
    1.1770052115122478,
    1.1200866202513378,
    1.1134210030237834,
    1.077619900306066,
    1.1042578518390656,
    1.107053518295288,
    1.1441357533137002,
    1.093425949414571,
    1.1567049821217856,
    1.0902094046274822,
    1.1110674540201821,
    1.1589112480481467,
    1.1170197526613872,
    1.1402441461881003,
    1.1309224863847096,
    1.1242417593797047,
    1.088819642861684,
    1.1193972428639731,
    1.1059458553791046,
    1.1605837146441143,
    1.0688532789548237,
    1.141194681326548,
    1.1046248873074849,
    1.1123408277829487,
    1.0961801409721375,
    1.1845245162645976,
    1.134319971005122,
    1.1299840410550435,
    1.0771836340427399,
    1.0249732434749603,
    1.155262033144633,
    1.091764251391093,
    1.1187808414300284,
    1.1414634188016255,
    1.0951565106709797,
    1.0925899942715964,
    1.1411762436230979,
    1.1251033445199332,
    1.0995913346608481,
    1.1186378399531047,
    1.1493236521879833,
    1.1073787609736123,
    1.108714481194814,
    1.1047744850317636,
    1.1146380106608074,
    1.1113367974758148,
    1.1166053911050162,
    1.1431193351745605,
    1.0701437592506409,
    1.173607130845388,
    1.1247718930244446,
    1.111358493566513,
    0.999865025281906,
    1.0687648952007294
  ],
  "physics_loss": [
    24670717781.333336,
    3045810816.0,
    4990681685.333332,
    532667347.99999994,
    1335776426.6666665,
    293057842.6666667,
    205993294.1666667,
    74608784.16666666,
    215580551.0,
    54813703.666666664,
    25501796.083333336,
    17538747.25,
    10478318.645833332,
    17822698.697916668,
    33807010.47916667,
    96778919.25,
    50351273.5,
    61521978.791666664,
    17850608.666666668,
    72799884.08333333,
    18529796.75,
    22394722.916666668,
    16584897.979166666,
    11952409.645833334,
    6881548.208333333,
    10670302.8125,
    8268969.104166667,
    9331937.875,
    2986793.5625,
    6777068.041666666,
    11090944.260416666,
    46741939.6875,
    48168949.16666667,
    37280351.5,
    30021504.520833336,
    15863031.8125,
    21047442.791666664,
    25025962.833333332,
    18120027.666666664,
    23103679.583333336,
    7559864.937500001,
    7206193.5,
    21653221.541666668,
    12994782.083333334,
    3226519.8750000005,
    1659558.2005208335,
    6691954.427083334,
    13075010.833333332,
    8084011.354166666,
    7191238.083333334,
    11010796.916666664,
    8996603.083333332,
    4693163.869791666,
    6463552.583333333,
    5618639.375000001,
    5751428.9375,
    913463.4244791667,
    4778045.1875,
    10503516.854166666,
    13498394.354166666,
    33728247.791666664,
    11891569.854166668,
    15202318.416666666,
    13390023.4375,
    14392589.25,
    10724857.645833332,
    30997783.791666668
  ],
  "val_loss": [
    2534853888.0,
    1652333792.0,
    736091824.0,
    787596424.0,
    554224960.0,
    344148856.0,
    7263566.25,
    24066687.0,
    12923153.0,
    46978791.0,
    9935776.0,
    147984016.0,
    7148564.875,
    14167188.75,
    12887176.5,
    317610000.0,
    8303499.3125,
    25712259.5,
    14878372.5,
    28817211.125,
    1766623.8125,
    7452979.25,
    3256996.6875,
    3740323.25,
    12324301.34375,
    873045.5,
    73652214.75,
    4302832.5,
    2551339.375,
    9925023.0,
    64038651.25,
    3071679.375,
    72442310.0,
    9336695.125,
    14148436.875,
    32492350.71875,
    18359270.84375,
    10425456.5,
    25184634.0,
    30384107.875,
    4323019.75,
    9989080.25,
    3465686.75,
    4734386.625,
    6020539.125,
    665529.875,
    559494.046875,
    3893742.75,
    5079625.875,
    1398773.078125,
    8522653.46875,
    1290699.5,
    1637330.3125,
    931087.390625,
    3255588.5,
    3122965.3125,
    5810151.4140625,
    1332130.4375,
    9790428.234375,
    30258204.0,
    10783847.0,
    8119841.375,
    2618299.71875,
    6671134.5625,
    15263730.0,
    28047536.0,
    29455000.328125
  ],
  "val_data_loss": [
    0.47586722299456596,
    0.4758671894669533,
    0.47586722299456596,
    0.4758672546595335,
    0.47586722299456596,
    0.4758671894669533,
    0.47586722299456596,
    0.4758671931922436,
    0.4758671894669533,
    0.47586722299456596,
    0.4758672546595335,
    0.4758672546595335,
    0.4758672546595335,
    0.4758672546595335,
    0.47586722299456596,
    0.4758671931922436,
    0.4758672546595335,
    0.4758672546595335,
    0.4758672546595335,
    0.4758672546595335,
    0.4758672248572111,
    0.47586722299456596,
    0.4758672844618559,
    0.4758672546595335,
    0.4758672546595335,
    0.47586721926927567,
    0.4758672546595335,
    0.4758672546595335,
    0.4758672844618559,
    0.47586722299456596,
    0.4758672546595335,
    0.4758672844618559,
    0.47586722299456596,
    0.4758671596646309,
    0.4758672546595335,
    0.47586725279688835,
    0.475867073982954,
    0.4758673142641783,
    0.4758672546595335,
    0.4758672546595335,
    0.47586725279688835,
    0.4758672546595335,
    0.47586722299456596,
    0.47586722299456596,
    0.4758672546595335,
    0.47586722299456596,
    0.4758671894669533,
    0.47586722299456596,
    0.47586725279688835,
    0.47586722299456596,
    0.4758672546595335,
    0.4758672546595335,
    0.4758672546595335,
    0.4758671894669533,
    0.4758671931922436,
    0.475867073982954,
    0.4758671596646309,
    0.4758671931922436,
    0.4758672546595335,
    0.4758672546595335,
    0.4758672844618559,
    0.4758672844618559,
    0.4758672546595335,
    0.4758672844618559,
    0.47586721926927567,
    0.4758672248572111,
    0.47586722299456596
  ],