{
  "epochs": [
    1,
    2,
    3,
    4,
    5,
    6,
    7,
    8,
    9,
    10,
    11,
    12,
    13,
    14,
    15,
    16,
    17,
    18,
    19,
    20,
    21,
    22,
    23,
    24,
    25,
    26,
    27,
    28,
    29,
    30,
    31,
    32,
    33,
    34,
    35,
    36,
    37,
    38,
    39,
    40,
    41,
    42,
    43,
    44,
    45,
    46,
    47,
    48,
    49,
    50,
    51,
    52,
    53,
    54,
    55,
    56,
    57,
    58,
    59,
    60,
    61,
    62,
    63,
    64,
    65,
    66,
    67,
    68
  ],
  "loss": [
    4.133367478847504,
    2.5232686599095664,
    1.0379072924455006,
    0.7578400572141011,
    0.5534118264913559,
    0.4347099562486013,
    0.4289278686046601,
    0.3742072582244873,
    0.4055465360482534,
    0.37782159447669983,
    0.3628642012675603,
    0.3250809560219447,
    0.36923833191394806,
    0.36150749524434406,
    0.3500105415781339,
    0.3463260779778162,
    0.34848471979300183,
    0.36431695024172467,
    0.32027032971382136,
    0.33220750590165454,
    0.34219341476758325,
    0.3486776053905487,
    0.3494814982016881,
    0.3332098921140035,
    0.3488132705291112,
    0.3174369037151337,
    0.35190314054489136,
    0.34736887613932294,
    0.3377119426925977,
    0.3360723281900088,
    0.3477920889854431,
    0.35080210864543915,
    0.3399328043063482,
    0.33252231776714325,
    0.3206104189157486,
    0.3441199113925298,
    0.33549777170022327,
    0.3420953005552292,
    0.3464026798804601,
    0.3470290501912435,
    0.34151041011015576,
    0.3436954965194067,
    0.3386469682057699,
    0.3283695528904597,
    0.35194263855616253,
    0.3444069077571233,
    0.35298057893912,
    0.35120710730552673,
    0.3511383980512619,
    0.3372558355331421,
    0.3413188109795252,
    0.3524681528409322,
    0.3577673633893331,
    0.33927910029888153,
    0.3444706698258718,
    0.33857005337874096,
    0.3425133054455121,
    0.3463978171348572,
    0.36165060599644977,
    0.35241554180781043,
    0.34022384136915207,
    0.3393479585647583,
    0.35030363003412884,
    0.35845189789930976,
    0.3701861649751663,
    0.3505602777004242,
    0.35958031316598255,
    0.36415068805217743
  ],
  "data_loss": [
    1.145788888136546,
    1.1024166345596313,
    1.0551942388216655,
    1.1282792886098225,
    1.1433991988499959,
    1.1450949311256409,
    1.1338863571484883,
    1.064428279797236,
    1.1687226692835488,
    1.1239937941233316,
    1.1551656126976013,
    1.0524822572867074,
    1.152248779932658,
    1.1710182627042136,
    1.1034426391124725,
    1.1359418034553528,
    1.1231460273265836,
    1.144133468468984,
    1.0358291169007618,
    1.097363402446111,
    1.124034841855367,
    1.1527048746744792,
    1.1529845197995503,
    1.101626624663671,
    1.151860197385152,
    1.0475535591443381,
    1.1624425649642944,
    1.1435819963614144,
    1.112347513437271,
    1.1059329509735107,
    1.1439483165740967,
    1.1604523261388142,
    1.1231422821680703,
    1.1008156339327495,
    1.0553304553031921,
    1.140531023343404,
    1.1114436189333599,
    1.1324971119562783,
    1.1499536434809368,
    1.147171676158905,
    1.1290082136789956,
    1.137550930182139,
    1.1185760696729026,
    1.0853599707285564,
    1.1620079676310222,
    1.1389576991399128,
    1.1695793469746907,
    1.165157397588094,
    1.1610394914944968,
    1.1105130513509114,
    1.1325842241446178,
    1.1415685216585796,
    1.1257630983988445,
    1.0716636876265209,
    1.1055243909358978,
    1.1076595187187195,
    1.0609474082787833,
    1.1109200318654378,
    1.1624221603075664,
    1.1371632913748424,
    1.0747856696446738,
    1.1075670023759205,
    1.1352431078751883,
    1.1094315350055695,
    1.1141460537910461,
    1.110955466826757,
    1.1209031740824382,
    1.1422781546910603
  ],
  "physics_loss": [
    5.413758238156636,
    3.132205267747243,
    1.0304986039797466,
    0.5990804036458333,
    0.3005600869655609,
    0.13025923818349838,
    0.12680279805014533,
    0.07839823700487612,
    0.07847102405503392,
    0.058033489001293986,
    0.023306439242636163,
    0.01333752480180313,
    0.033662412936488785,
    0.01457428540258358,
    0.027111053156356014,
    0.007919318275526166,
    0.016486997056442004,
    0.030109855540407203,
    0.013602259956921142,
    0.004283521790057421,
    0.0071185092674568295,
    0.004094478868258496,
    0.0051230361180690425,
    0.003888422429251174,
    0.004650281354164084,
    0.004529745958279818,
    0.004529090132564306,
    0.0061346680352774765,
    0.0057252553912500535,
    0.006132054065043728,
    0.006582271036071082,
    0.0038091309058169522,
    0.004271576607910296,
    0.003253742897262176,
    0.005730375608739754,
    0.002800851594656706,
    0.002949537030265977,
    0.003351654469346007,
    0.002023677322237442,
    0.004110766865778714,
    0.004011329418669144,
    0.0034717185966049633,
    0.004391623331078639,
    0.0039450722591330605,
    0.004771774149655054,
    0.0038851269443208976,
    0.003009654872585088,
    0.002371259673964232,
    0.004037922481074929,
    0.00585986145112353,
    0.002205038928271582,
    0.014282253386530405,
    0.028626322435835995,
    0.025399973383173343,
    0.018304783540467422,
    0.008960261203659078,
    0.034612958785146475,
    0.018745438583816092,
    0.01846278055260579,
    0.01609506489088138,
    0.025411611733337242,
    0.010111217154189944,
    0.013900979228007296,
    0.03660346214504291,
    0.05134619461993376,
    0.02467660536058247,
    0.03329908188122014,
    0.030667466887583334
  ],
  "val_loss": [
    3.532196283340454,
    1.9028671979904175,
    0.49229881167411804,
    0.3435431942343712,
    0.2773468568921089,
    0.2732952833175659,
    0.3165407329797745,
    0.3126280978322029,
    0.28233204036951065,
    0.31453241407871246,
    0.262619249522686,
    0.2642838880419731,
    0.26959236711263657,
    0.27341995388269424,
    0.26223599165678024,
    0.26274317502975464,
    0.2592959329485893,
    0.2596844956278801,
    0.2577992230653763,
    0.2612726017832756,
    0.2574108839035034,
    0.2592848315834999,
    0.25811082124710083,
    0.2577048987150192,
    0.25734520703554153,
    0.25747084617614746,
    0.2571917772293091,
    0.25982996076345444,
    0.25798502564430237,
    0.25935131311416626,
    0.25968102365732193,
    0.25716928392648697,
    0.25817468017339706,
    0.2592538371682167,
    0.2573629096150398,
    0.25804343819618225,
    0.2600431889295578,
    0.26094627380371094,
    0.25733691453933716,
    0.2580907791852951,
    0.25788992643356323,
    0.25721748173236847,
    0.2600133866071701,
    0.2616242989897728,
    0.25736813247203827,
    0.25981825590133667,
    0.25779201835393906,
    0.25715678185224533,
    0.2625654265284538,
    0.2598237916827202,
    0.26690855622291565,
    0.30225541442632675,
    0.26123202592134476,
    0.25864262878894806,
    0.29315389692783356,
    0.2747708037495613,
    0.2688170224428177,
    0.2693648338317871,
    0.2573525756597519,
    0.26750998944044113,
    0.2573760896921158,
    0.2685207650065422,
    0.339742936193943,
    0.2621696963906288,
    0.2611294165253639,
    0.2719988375902176,
    0.26518694311380386,
    0.28463201224803925
  ],