{
  "epochs": [
    1,
    2,
    3,
    4,
    5,
    6,
    7,
    8,
    9,
    10,
    11,
    12,
    13,
    14,
    15,
    16,
    17,
    18,
    19,
    20,
    21,
    22,
    23,
    24,
    25,
    26,
    27,
    28,
    29,
    30,
    31,
    32,
    33,
    34,
    35,
    36,
    37,
    38,
    39,
    40,
    41,
    42,
    43,
    44,
    45,
    46,
    47,
    48,
    49,
    50,
    51,
    52,
    53,
    54,
    55
  ],
  "loss": [
    3.052891294161479,
    1.823005676269531,
    6.555125455061595,
    1.19245254000028,
    1.4549334049224854,
    0.8918466518322626,
    0.5785422871510187,
    0.4100770403941472,
    0.35560067494710285,
    0.3711071312427521,
    0.3959551403919856,
    0.36855598042408627,
    0.3640103191137314,
    0.3472346812486649,
    0.368782639503479,
    0.359329288204511,
    0.3626421143611272,
    0.3564637949069341,
    0.3684481779734294,
    0.3477878247698148,
    0.3578973213831584,
    0.35269939899444575,
    0.3607199837764104,
    0.32987363139788306,
    0.35741611818472546,
    0.3645365436871847,
    0.362716202934583,
    0.3646254936854044,
    0.33460945387681323,
    0.3503078669309616,
    0.3609880556662877,
    0.33787063260873157,
    0.34728969633579254,
    0.3468450556198756,
    0.3317347367604574,
    0.334481842815876,
    0.33650081853071845,
    0.35019836326440174,
    0.34821389615535736,
    0.36138269801934564,
    0.35596708953380585,
    0.35065596302350366,
    0.352068156003952,
    0.3468323151270548,
    0.35355449716250104,
    0.3497211560606957,
    0.33849447468916577,
    0.351056436697642,
    0.368046169479688,
    0.3458028882741928,
    0.3234984477361043,
    0.3588854918877284,
    0.3650835454463958,
    0.32746122777462,
    0.34939370552698773
  ],
  "data_loss": [
    1.0947258373101554,
    1.105653444925944,
    1.157609224319458,
    1.134101758400599,
    1.1415371298789978,
    1.1285223563512166,
    1.196785032749176,
    1.1610889534155528,
    1.136473685503006,
    1.1133878926436105,
    1.164143015940984,
    1.1322658161322277,
    1.1594316959381104,
    1.146628737449646,
    1.1924161314964294,
    1.1700001955032349,
    1.1924610634644828,
    1.1515205105145774,
    1.201780339082082,
    1.1441347400347393,
    1.1779940724372864,
    1.1699982285499573,
    1.1965416471163433,
    1.0909277598063152,
    1.1800426642100015,
    1.177006095647812,
    1.202654500802358,
    1.2026929457982383,
    1.1047339836756387,
    1.164152572552363,
    1.194525122642517,
    1.1149533291657765,
    1.152633011341095,
    1.1526751518249512,
    1.1002072791258495,
    1.1072678069273632,
    1.1191107630729675,
    1.160844256480535,
    1.1576300859451294,
    1.2013577620188396,
    1.1803744733333588,
    1.1645351449648538,
    1.1657885015010834,
    1.1465982894102733,
    1.172339598337809,
    1.1556656459967296,
    1.1204131344954174,
    1.1625352402528126,
    1.2206335465113323,
    1.144669532775879,
    1.0687189102172852,
    1.1930046478907268,
    1.2136418024698894,
    1.0866671800613403,
    1.1607951124509177
  ],
  "physics_loss": [
    3.8921050230662027,
    2.130442321300506,
    8.868346452713014,
    1.2174600089589755,
    1.5892461637655892,
    0.7904141619801521,
    0.3135810913518071,
    0.08821479572604099,
    0.02094078878872097,
    0.0529867756801347,
    0.06673174386378378,
    0.04125174588989466,
    0.023115424361700814,
    0.004637205527008821,
    0.015796831032882135,
    0.011898881425925842,
    0.007005403478009004,
    0.01572518690954894,
    0.011305801880856354,
    0.00649627154537787,
    0.006427257088944316,
    0.0024284538909948115,
    0.002510680070069308,
    0.0037075612926855683,
    0.004861861816607416,
    0.016335295261039086,
    0.002742620718587811,
    0.005453700995227942,
    0.004556067132701476,
    0.0015172612135453771,
    0.0037578721918786564,
    0.004835165241577973,
    0.002142543797769273,
    0.0014892825468753774,
    0.0023893533119310937,
    0.0032878474836858613,
    0.001096533650221924,
    0.002778668111811082,
    0.0013212127572235963,
    0.0013933661587846777,
    0.0026496136949087186,
    0.001850577905618896,
    0.0033308393515956896,
    0.004075457885240515,
    0.0026465740908558173,
    0.004316352928678195,
    0.003386466317654898,
    0.003279798159686228,
    0.0026515608090752116,
    0.003431461945486565,
    0.004118224159659197,
    0.0014058330076901862,
    0.0014157083836228896,
    0.002087225972597177,
    0.0016502221114933489
  ],
  "val_loss": [
    3.501198470592499,
    2.1356599926948547,
    0.8980303406715393,
    1.2817081958055496,
    0.3395039439201355,
    0.28299370408058167,
    0.4683902859687805,
    0.4280785173177719,
    0.3602643609046936,
    0.28891098499298096,
    0.2844696044921875,
    0.2877153754234314,
    0.32497144490480423,
    0.28008535504341125,
    0.2981823831796646,
    0.2837239056825638,
    0.27806027233600616,
    0.2807854935526848,
    0.2796752229332924,
    0.27805644273757935,
    0.27789945900440216,
    0.2786158546805382,
    0.27919334173202515,
    0.2803553268313408,
    0.2812618315219879,
    0.2781658470630646,
    0.2817433923482895,
    0.2811858579516411,
    0.27987220138311386,
    0.2784637436270714,
    0.27815472334623337,
    0.2777671068906784,
    0.2786480039358139,
    0.27835188806056976,
    0.2777646705508232,
    0.27776890248060226,
    0.2788771465420723,
    0.2781738117337227,
    0.281612828373909,
    0.2783903330564499,
    0.2780727669596672,
    0.27925970405340195,
    0.27781611680984497,
    0.27805788069963455,
    0.27833979576826096,
    0.2787724956870079,
    0.27891869843006134,
    0.2792017310857773,
    0.2782325968146324,
    0.279182605445385,
    0.2810770273208618,
    0.2782050743699074,
    0.27847643941640854,
    0.27805110067129135,
    0.2779690697789192
  ],
  "val_data_loss": [
    0.924158126115799,
    0.924158126115799,
    0.9241582453250885,
    0.9241582453250885,
    0.9241582453250885,
    0.9241581857204437,
    0.9241581857204437,
    0.9241581857204437,
    0.9241581857204437,
    0.9241581857204437,
    0.9241581857204437,
    0.924158126115799,
    0.924158126115799,
    0.924158126115799,
    0.9241581857204437,
    0.9241582453250885,
    0.9241581857204437,
    0.9241581857204437,
    0.9241581857204437,
    0.924158126115799,
    0.9241581857204437,
    0.9241581857204437,
    0.9241581857204437,
    0.9241581857204437,
    0.9241582453250885,
    0.924158126115799,
    0.9241580665111542,
    0.9241581857204437,
    0.924158126115799,
    0.924158126115799,
    0.9241581857204437,
    0.9241581857204437,
    0.924158126115799,
    0.924158126115799,
    0.924158126115799,
    0.924158126115799,
    0.9241581857204437,
    0.9241581857204437,
    0.9241581857204437,
    0.924158126115799,
    0.9241581857204437,
    0.9241581857204437,
    0.924158126115799,
    0.9241582453250885,
    0.9241581857204437,
    0.9241580665111542,
    0.924158126115799,
    0.9241581857204437,
    0.9241581857204437,
    0.9241581857204437,
    0.924158126115799,
    0.9241581857204437,
    0.9241581857204437,
    0.924158126115799,
    0.924158126115799
  ],