{
  "epochs": [
    1,
    2,
    3,
    4,
    5,
    6,
    7,
    8,
    9,
    10,
    11,
    12,
    13,
    14,
    15,
    16,
    17,
    18,
    19,
    20,
    21,
    22,
    23,
    24,
    25,
    26,
    27,
    28,
    29,
    30,
    31,
    32,
    33,
    34,
    35,
    36,
    37,
    38,
    39,
    40,
    41,
    42,
    43,
    44,
    45,
    46,
    47,
    48,
    49,
    50,
    51,
    52,
    53,
    54,
    55,
    56,
    57,
    58,
    59,
    60,
    61,
    62,
    63,
    64,
    65,
    66,
    67,
    68,
    69
  ],
  "loss": [
    8503658175.999999,
    5672792277.333333,
    4005021741.333333,
    3222347472.0000005,
    2108284005.3333335,
    400575992.6666666,
    283248646.6666666,
    108208807.66666667,
    106828178.5,
    33880431.5,
    60773974.666666664,
    45400031.95833334,
    96914438.58333331,
    101162490.33333333,
    38723704.625,
    18602061.833333332,
    22095974.958333332,
    36023660.0,
    22274903.125,
    8353280.333333334,
    21741912.583333332,
    4595001.833333333,
    7568767.583333334,
    3121986.364583333,
    11806288.744791666,
    4738746.703125,
    1404595.5052083335,
    4711537.765625,
    1950405.8541666665,
    4310868.864583333,
    1237146.96875,
    3911152.65625,
    3187345.510416667,
    7604903.28125,
    3249450.229166667,
    5941414.729166667,
    828979.4322916666,
    2372669.333333333,
    2179515.640625,
    1336306.8020833333,
    2130536.234375,
    766047.4062499999,
    670318.84375,
    2256520.3020833335,
    1566703.046875,
    919051.5729166666,
    1219190.9479166665,
    1301828.3020833333,
    782202.0286458333,
    2873863.8229166665,
    746934.73046875,
    881577.6875,
    1435725.8671875,
    1326792.9166666667,
    744894.9010416666,
    1106453.4427083333,
    930080.4557291666,
    1754620.2656250002,
    749598.0182291666,
    1950271.6302083335,
    1610227.5664062498,
    2773131.783854167,
    755841.6549479167,
    364090.15901692706,
    2611345.8697916665,
    1111762.8828125,
    3075867.59375,
    3670883.619791667,
    902437.8059895834
  ],
  "data_loss": [
    1.1094250480333965,
    1.0878570477167766,
    1.1755611499150593,
    1.0993995269139607,
    1.0943266451358795,
    1.1137783527374268,
    1.127080609401067,
    1.1305895447731018,
    1.149038851261139,
    1.1395194133122761,
    1.1030940810839334,
    1.0845587154229481,
    1.1247603694597879,
    1.1587806542714438,
    1.1062708099683125,
    1.1633071303367615,
    1.16361403465271,
    1.0699123044808705,
    1.1016661822795868,
    1.0951429903507233,
    1.1020421385765076,
    1.0889172752698262,
    1.1334482034047444,
    1.1343491474787395,
    1.111476093530655,
    1.1733016967773438,
    1.1243664522965748,
    1.0771411160628002,
    1.1057684620221457,
    1.112648864587148,
    1.147816777229309,
    1.1008643905321756,
    1.099402278661728,
    1.0966211557388306,
    1.1082659562428794,
    1.146950364112854,
    1.144501507282257,
    1.129545440276464,
    1.1313643058141074,
    1.0821253756682079,
    1.048764705657959,
    1.106040745973587,
    1.0596371293067932,
    1.0615490873654685,
    1.081871291001638,
    1.1821859876314798,
    1.1112381219863892,
    1.080953449010849,
    1.144954800605774,
    1.1555410226186118,
    1.0938329299290976,
    1.153032620747884,
    1.144671102364858,
    1.161645452181498,
    1.0525538325309753,
    1.1086911956469219,
    1.1221207578976948,
    1.1238231658935547,
    1.1453894674777985,
    1.1338889996210733,
    1.089495599269867,
    1.0971303482850392,
    1.1137007474899292,
    1.1032624244689941,
    1.1250250538190205,
    1.1060994863510132,
    1.061931977669398,
    1.1279298067092896,
    1.0873753229777017
  ],
  "physics_loss": [
    12148083306.666666,
    8103989098.666667,
    5721459714.666667,
    4603353546.666666,
    3011834400.0,
    572251412.0,
    404640933.3333334,
    154584011.0,
    152611683.50000003,
    48400616.83333334,
    86819964.66666667,
    64857189.85416667,
    138449195.08333334,
    144517845.8333333,
    55319578.708333336,
    26574374.958333336,
    31565679.583333332,
    51462372.333333336,
    31821291.27083333,
    11933257.125,
    31059875.166666668,
    6564287.708333333,
    10812524.729166666,
    4459980.109375,
    16866126.880208332,
    6769637.864583333,
    2006564.5416666665,
    6730767.979166667,
    2786293.7083333335,
    6158384.020833333,
    1767352.3958333335,
    5587360.578125,
    4553350.536458334,
    10864147.4375,
    4642071.489583333,
    8487735.083333334,
    1184255.8541666667,
    3389527.125,
    3113593.317708333,
    1909009.3229166667,
    3043622.817708333,
    1094352.9791666667,
    957597.890625,
    3223600.09375,
    2238146.864583333,
    1312930.328125,
    1741700.9375,
    1859754.2916666667,
    1117430.9687500002,
    4105519.364583333,
    1067049.1861979165,
    1259396.1770833333,
    2051036.3697916665,
    1895417.9192708335,
    1064135.140625,
    1580647.375,
    1328685.8958333335,
    2506599.911458333,
    1070853.796875,
    2786101.744791667,
    2300324.651041667,
    3961616.5833333335,
    1079773.4166666665,
    520128.3505859375,
    3730493.7812499995,
    1588232.2526041667,
    4394096.187499999,
    5244119.018229166,
    1289196.4296875
  ],
  "val_loss": [
    5578152128.0,
    1173391648.0,
    4395956288.0,
    1712899168.0,
    234711607.5,
    317614912.0,
    11611001.0,
    31446354.0,
    79713468.0,
    84522690.5,
    13737830.375,
    3365891.875,
    4514576.8125,
    2152878.53125,
    904708.15625,
    1812527.828125,
    33934762.125,
    4282358.9375,
    2496697.15625,
    12507160.25,
    682236.96875,
    19141632.5625,
    13623115.0,
    3180145.84375,
    2620470.5625,
    2114484.03125,
    5281451.625,
    1369883.140625,
    731019.328125,
    1016577.0,
    1491690.0625,
    708565.5625,
    1455087.421875,
    458705.765625,
    424032.0,
    2754676.78125,
    1360324.1875,
    370577.125,
    904318.3125,
    481981.03125,
    258000.3125,
    1345414.9375,
    319918.173828125,
    713835.046875,
    1394794.609375,
    1809752.947265625,
    1151532.796875,
    508910.390625,
    79453.232421875,
    304119.02734375,
    4383137.3125,
    5400620.8203125,
    1604859.68359375,
    348681.4296875,
    1592231.25,
    588571.2109375,
    3047233.53125,
    227487.828125,
    737560.83984375,
    582234.515625,
    814365.82421875,
    298915.109375,
    221683.9453125,
    1017011.03125,
    1066019.0859375,
    329345.234375,
    581743.6640625,
    9246965.05078125,
    447747.015625
  ],