{
  "epochs": [
    1,
    2,
    3,
    4,
    5,
    6,
    7,
    8,
    9,
    10,
    11,
    12,
    13,
    14,
    15,
    16,
    17,
    18,
    19,
    20,
    21,
    22,
    23,
    24,
    25,
    26,
    27,
    28,
    29,
    30,
    31,
    32,
    33,
    34,
    35,
    36,
    37,
    38,
    39,
    40,
    41,
    42,
    43,
    44,
    45,
    46,
    47,
    48,
    49,
    50,
    51,
    52,
    53,
    54,
    55,
    56,
    57,
    58,
    59,
    60,
    61,
    62,
    63,
    64,
    65,
    66,
    67,
    68,
    69,
    70,
    71,
    72
  ],
  "loss": [
    5154927445.333334,
    5449018794.666666,
    3858924629.333333,
    1018767029.3333334,
    427673342.0,
    439224258.6666667,
    430594388.0833334,
    79904570.37499999,
    34869490.208333336,
    85732514.0,
    16673082.416666666,
    16825414.541666664,
    43692272.666666664,
    78291556.875,
    78341569.95833333,
    89141483.16666667,
    9693888.088541666,
    36557000.52083333,
    5081378.229166666,
    16852589.583333336,
    3615772.5000000005,
    2004148.6562499998,
    7423569.932291667,
    4117819.244791666,
    4435587.682291666,
    3145397.375,
    11547065.989583332,
    6788569.013020833,
    1251858.9270833335,
    4724279.541666667,
    1702027.2291666667,
    4098814.614583333,
    2822778.625,
    1988232.5911458333,
    504204.6328125,
    11512592.567708334,
    3674071.0807291665,
    3372203.5833333335,
    8633381.46875,
    7206952.365885417,
    4516098.557291666,
    2322968.354166667,
    1161436.546875,
    2643256.013020833,
    1912044.5885416667,
    1381338.9635416665,
    1174699.8072916667,
    273214.34765625,
    1291926.6197916667,
    2189461.171875,
    1788104.0546875002,
    1165489.1061197915,
    1875102.2916666667,
    772262.8828124999,
    1764153.7356770835,
    406445.7740885417,
    2706778.7565104165,
    3446553.6158854165,
    5032385.513020833,
    2793800.2864583335,
    3528164.2499999995,
    3809506.1666666665,
    3158962.841145833,
    2136225.0677083335,
    2154234.265625,
    991776.0872395831,
    701530.5833333333,
    4016370.705729166,
    2279274.0833333335,
    7327752.145833333,
    3995458.4479166665,
    4670509.583333333
  ],
  "data_loss": [
    1.1339906851450603,
    1.164648691813151,
    1.084598074356715,
    1.0932804644107819,
    1.0838111241658528,
    0.9826444685459137,
    1.143750270207723,
    1.0945294598738353,
    1.1261171400547028,
    1.1343357463677726,
    1.1136346658070881,
    1.0851478278636932,
    1.0771217942237854,
    1.1303967634836833,
    1.1282059252262115,
    1.1301087141036987,
    1.092634210983912,
    1.1819523970286052,
    1.0971801578998566,
    1.1382862627506258,
    1.1421653032302856,
    1.1441286007563274,
    1.1535868446032207,
    1.1399805943171182,
    1.1166767875353496,
    1.132458249727885,
    1.1568791270256042,
    1.0712794065475464,
    1.1346211433410645,
    1.1194609304269154,
    1.091420869032542,
    1.081325779358546,
    1.106677919626236,
    1.1511797308921814,
    1.1662003993988037,
    1.1707469026247659,
    1.147920827070872,
    1.116492599248886,
    1.1495193839073181,
    1.1723257303237915,
    1.1265160044034321,
    1.1022672951221466,
    1.0653890371322632,
    1.101602812608083,
    1.0395583113034566,
    1.0446248948574066,
    1.0916825433572133,
    1.1698633829752605,
    1.123404860496521,
    1.1169182062149048,
    1.1618672013282776,
    1.1457444032033286,
    1.0565375487009685,
    1.142900953690211,
    1.156627615292867,
    1.1438247561454773,
    1.094309369723002,
    1.117940535147985,
    1.1250256498654685,
    1.1407455603281655,
    0.9626336495081583,
    1.1777788003285725,
    1.1444004376729329,
    1.1680988868077598,
    1.1446577608585358,
    1.1591740846633911,
    1.1476565400759378,
    1.156909147898356,
    1.0848120252291362,
    1.0635127623875937,
    1.100176364183426,
    1.1342469255129495
  ],
  "physics_loss": [
    7364182016.0,
    7784312832.0,
    5512749557.333334,
    1455381522.6666667,
    610961916.6666667,
    627463224.3333334,
    615134832.8333334,
    114149388.9375,
    49813557.83333334,
    122475021.41666666,
    23818688.625000004,
    24036306.041666668,
    62417534.416666664,
    111845079.33333333,
    111916528.41666667,
    127344977.66666667,
    13848411.583333332,
    52224285.208333336,
    7259111.375000001,
    24075127.708333332,
    5165388.708333333,
    2863069.0,
    10605099.598958334,
    5882598.546875,
    6336553.510416667,
    4493424.520833334,
    16495808.020833334,
    9697955.479166666,
    1788369.4375,
    6748970.291666668,
    2431466.9479166665,
    5855449.020833334,
    4032540.5208333335,
    2840331.8424479165,
    720291.8385416666,
    16446560.395833334,
    5248672.640625,
    4817433.375,
    12333402.177083334,
    10295645.919270832,
    6451569.208333333,
    3318525.7500000005,
    1659194.5833333335,
    3776079.6145833335,
    2731491.799479167,
    1973341.0156249998,
    1678142.153645833,
    390305.7109375,
    1845609.0260416665,
    3127801.2864583335,
    2554433.9348958335,
    1664983.8645833335,
    2678717.1770833335,
    1103232.2578125,
    2520219.1640624995,
    580636.3307291666,
    3866826.4296875,
    4923647.63671875,
    7189121.700520834,
    3991142.7604166665,
    5040234.3125,
    5442151.354166667,
    4512803.687499999,
    3051749.755208333,
    3077476.9947916665,
    1416822.546875,
    1002186.0260416667,
    5737671.994791666,
    3256105.3749999995,
    10468216.812500002,
    5707797.572916667,
    6672156.395833334
  ],
  "val_loss": [
    78355814.0,
    781005727.0,
    401498384.0,
    989607392.0,
    405312456.0,
    223361254.0,
    131458866.0,
    53168963.0,
    66596212.0,
    16415579.75,
    82079237.5,
    29078996.5,
    12922180.25,
    21231112.5,
    3756387.1875,
    37777285.0,
    16302443.90625,
    4621726.875,
    3811763.125,
    4805819.125,
    1689397.765625,
    8441012.46875,
    941946.40625,
    4089981.0625,
    21883147.5,
    577472.703125,
    5541210.0,
    634352.03125,
    151421.3828125,
    312450.2265625,
    418072.5234375,
    1331836.3125,
    932093.46875,
    189733.8828125,
    1079591.71875,
    448077.15625,
    509665.875,
    6021655.8125,
    1263498.921875,
    18504564.0,
    769935.28125,
    1232003.390625,
    596764.875,
    1587912.5625,
    128776.23046875,
    933693.4375,
    415078.578125,
    303829.1640625,
    115576.64453125,
    749984.72265625,
    190947.828125,
    77180.859375,
    77392.97265625,
    1180424.078125,
    227877.5859375,
    1794566.7109375,
    379118.375,
    14995090.40625,
    926737.328125,
    463512.96875,
    1020803.734375,
    1695277.25,
    741752.03125,
    380065.34375,
    426843.8125,
    378495.90625,
    1772471.0625,
    5945364.1875,
    11319581.84375,
    3556948.125,
    2137144.765625,
    923928.4375
  ],