{
  "epochs": [
    1,
    2,
    3,
    4,
    5,
    6,
    7,
    8,
    9,
    10,
    11,
    12,
    13,
    14,
    15,
    16,
    17,
    18,
    19,
    20,
    21,
    22,
    23,
    24,
    25,
    26,
    27,
    28,
    29,
    30,
    31,
    32,
    33,
    34,
    35,
    36,
    37,
    38,
    39,
    40,
    41,
    42,
    43,
    44,
    45,
    46,
    47,
    48,
    49,
    50,
    51,
    52,
    53,
    54,
    55,
    56,
    57,
    58
  ],
  "loss": [
    4939393482.666667,
    668089592.0,
    2548813232.0,
    2203162032.0,
    476708123.3333333,
    393957849.3333334,
    613077429.3333333,
    198562058.66666666,
    150039220.0,
    119898186.0,
    21042139.666666664,
    57636015.66666667,
    47001762.833333336,
    33798410.0,
    20520073.791666668,
    17340273.5,
    6197916.791666667,
    5479538.541666666,
    12962408.958333334,
    3158211.4583333335,
    8578640.104166666,
    16316074.333333332,
    8742245.083333334,
    2885378.5624999995,
    1977423.0625,
    2928137.973958333,
    4473384.348958333,
    6106766.249999999,
    3499538.984375,
    3072275.2812500005,
    634090.578125,
    2235292.2044270835,
    3444914.0625,
    801142.4427083334,
    1086278.5520833333,
    877341.484375,
    558494.8828125,
    669026.3697916666,
    4461570.03125,
    2775215.3958333335,
    2618502.0468750005,
    3949848.541666667,
    2147781.265625,
    8316871.020833333,
    8822301.541666668,
    5872206.333333334,
    4385199.296875,
    7207006.84375,
    9354162.0625,
    8979814.09375,
    6444831.3125,
    7436924.927083334,
    20281212.0,
    21964678.333333332,
    7856220.666666667,
    12452541.520833334,
    7553682.916666666,
    7847986.208333334
  ],
  "data_loss": [
    1.2101704676946003,
    1.2340638836224873,
    1.0982064604759216,
    1.1314190427462258,
    1.1567961772282918,
    1.230512688557307,
    1.2189073363939922,
    1.146852006514867,
    1.1796692907810211,
    1.2100158234437306,
    1.0892061392466226,
    1.1902127365271251,
    1.191282739241918,
    1.1245714326699574,
    1.158438185850779,
    1.1941568156083424,
    1.2437606652577717,
    1.1851922571659088,
    1.1550872127215066,
    1.1718690097332,
    1.1956717173258462,
    1.1470341682434082,
    1.2053551872571309,
    1.1176851789156597,
    1.1541701257228851,
    1.2425909837086997,
    1.1638753314812977,
    1.1975771685441334,
    1.1938175360361734,
    1.1618033250172932,
    1.192844251791636,
    1.1695719063282013,
    1.2244021892547607,
    1.2433510422706604,
    1.2504828174908955,
    1.1552403668562572,
    1.1383943955103555,
    1.2413029670715332,
    1.2203759253025055,
    1.1796767910321555,
    1.1757918397585552,
    1.1714200774828594,
    1.1657407780488334,
    1.1676004628340402,
    1.162103146314621,
    1.160910209019979,
    1.2104936242103577,
    1.2372873028119404,
    1.1493775645891826,
    1.1432324250539145,
    1.2387601534525554,
    1.063289354244868,
    1.1628986994425456,
    1.2339847683906555,
    1.140519013007482,
    1.1791918873786926,
    1.1492264370123544,
    1.1768193940321605
  ],
  "physics_loss": [
    7056276480.0,
    954413714.6666667,
    3641161834.666667,
    3147374410.666667,
    681011643.9999999,
    562796922.6666666,
    875824917.3333334,
    283660090.6666667,
    214341748.66666666,
    171283126.0,
    30060200.25,
    82337168.66666667,
    67145376.0,
    48283444.666666664,
    29314391.25,
    24771819.166666668,
    8854166.437499998,
    7827911.958333334,
    18517727.187500004,
    4511730.125,
    12255200.25,
    23308677.500000004,
    12488921.416666668,
    4121968.8541666665,
    2824889.520833333,
    4183053.6354166665,
    6390548.796875,
    8723951.614583332,
    4999340.989583333,
    4388964.229166667,
    905843.1770833333,
    3193274.0833333335,
    4921305.385416666,
    1144488.65625,
    1551825.9583333333,
    1253344.484375,
    797849.359375,
    955751.4322916666,
    6373671.369791667,
    3964593.1197916665,
    3740716.859375,
    5642640.3125,
    3068258.5364583335,
    11881244.25,
    12603287.979166668,
    8388865.833333334,
    6264570.375000001,
    10295723.958333334,
    13363088.0,
    12828305.385416668,
    9206901.354166666,
    10624178.166666668,
    28973160.291666664,
    31378111.750000004,
    11223172.166666666,
    17789345.083333332,
    10790975.5,
    11211408.416666666
  ],
  "val_loss": [
    1791319860.0,
    4922890612.0,
    3801610368.0,
    1457053280.0,
    306707456.0,
    1006959484.0,
    55187524.0,
    104198688.0,
    82309440.625,
    53993249.0,
    44595856.0,
    22179249.75,
    19970515.75,
    1819463.0625,
    5229223.0,
    4325566.25,
    17038677.0,
    1317056.0625,
    1448983.5,
    7954663.375,
    1009884.28125,
    24970681.75,
    4405212.375,
    2320404.5625,
    9773362.84375,
    4230897.0,
    3174434.9375,
    1229871.1875,
    567044.125,
    680185.359375,
    398721.703125,
    1361242.40625,
    3913118.4375,
    14803063.2734375,
    2998536.40625,
    15165853.015625,
    772195.484375,
    162049.453125,
    4971900.75,
    278267.109375,
    1260855.1875,
    1137828.375,
    1797168.125,
    6294452.375,
    1509920.8125,
    17092704.0,
    2827908.9375,
    8679429.6875,
    228606.28515625,
    1597989.265625,
    1514788.34375,
    18940073.0,
    21314612.0,
    11745429.625,
    7031859.75,
    10089479.25,
    4434090.0,
    2599353.125
  ],
  "val_data_loss": [
    0.607215091586113,
    0.607215017080307,
    0.6072152107954025,
    0.6072152405977249,
    0.6072150617837906,
    0.607215017080307,
    0.607215091586113,
    0.6072152405977249,
    0.6072150617837906,
    0.6072150617837906,
    0.607215017080307,
    0.6072150617837906,
    0.607215091586113,
    0.6072150617837906,
    0.607215091586113,
    0.6072152107954025,
    0.6072150617837906,
    0.607215091586113,
    0.607215091586113,
    0.6072150617837906,
    0.6072150617837906,
    0.607215017080307,
    0.6072150617837906,
    0.6072152107954025,
    0.6072150617837906,
    0.607215017080307,
    0.607215017080307,
    0.607215017080307,
    0.6072151213884354,
    0.607215017080307,
    0.6072150468826294,
    0.607215091586113,
    0.6072150468826294,
    0.607215091586113,
    0.6072152107954025,
    0.607215091586113,
    0.607215091586113,
    0.6072150617837906,
    0.6072150617837906,
    0.6072150617837906,
    0.6072151213884354,
    0.6072150617837906,
    0.6072150617837906,
    0.607215017080307,
    0.607215166091919,
    0.6072150617837906,
    0.6072150617837906,
    0.6072150617837906,
    0.6072150617837906,
    0.6072150617837906,
    0.607215091586113,
    0.607215091586113,
    0.607215091586113,
    0.607215091586113,
    0.607215017080307,
    0.607215091586113,
    0.607215017080307,
    0.6072150617837906
  ],
  "val_physics_loss": [
    2559028448.0,
    7032701312.0,
    5430871808.0,
    2081504768.0,
    438153520.0,
    1438513568.0,
    78839320.0,
    148855268.0,
    117584918.5,
    77133215.0,
    63708366.0,
    31684642.75,
    28529309.0,
    2599232.8125,
    7470318.0,
    6179380.0,
    24340967.0,
    1881508.375,
    2069976.25,
    11363804.625,
    1442691.5625,
    35672401.75,
    6293160.5,
    3314863.5,
    13961947.6875,
    6044138.625,
    4534906.875,
    1756958.625,
    810062.765625,
    971693.15625,
    569602.1875,
    1944631.84375,
    5590169.09375,
    21147233.921875,
    4283623.3125,
    21665504.703125,
    1103136.125,
    231498.96875,
    7102715.625,
    397524.203125,
    1801221.4375,
    1625468.875,
    2567382.875,
    8992074.765625,
    2157029.5,
    24418149.0,
    4039869.5,
    12399185.4375,
    326580.1640625,
    2282841.59375,
    2163983.125,
    27057248.0,
    30449447.5,
    16779185.0,
    10045514.5,
    14413541.75,
    6334414.0,
    3713361.375
  ],