{
  "epochs": [
    1,
    2,
    3,
    4,
    5,
    6,
    7,
    8,
    9,
    10,
    11,
    12,
    13,
    14,
    15,
    16,
    17,
    18,
    19,
    20,
    21,
    22,
    23,
    24,
    25,
    26,
    27,
    28,
    29,
    30,
    31,
    32,
    33,
    34,
    35,
    36,
    37,
    38,
    39,
    40,
    41,
    42,
    43,
    44,
    45,
    46,
    47,
    48,
    49,
    50,
    51,
    52,
    53,
    54,
    55
  ],
  "loss": [
    9607442175.999998,
    1518954538.6666665,
    6803150986.666667,
    1098110469.3333335,
    1993715541.3333335,
    335371494.0,
    354851610.6666667,
    71862626.0,
    285587890.0,
    177001394.0,
    109650896.33333333,
    175407426.66666666,
    83182381.0,
    35642541.0,
    32344638.666666668,
    47949103.416666664,
    23466293.5,
    9487199.947916666,
    11904355.916666666,
    3930451.333333333,
    3997464.083333333,
    7562791.895833334,
    4830319.916666667,
    23481598.614583336,
    17157023.666666668,
    7037389.0,
    5510335.677083333,
    7329021.375000001,
    6008054.479166667,
    2723466.2291666665,
    2563825.083333333,
    2824447.09375,
    1560696.75,
    2223672.520833333,
    1185644.984375,
    1904898.78125,
    1571101.6041666667,
    11975667.885416666,
    5637518.666666667,
    14873792.645833336,
    8739052.260416668,
    3419253.59375,
    4647726.15625,
    7034619.447916666,
    11144485.953125,
    32142147.083333332,
    26961801.875,
    24210919.625,
    41213005.833333336,
    29165148.583333332,
    10850714.854166666,
    30519876.270833336,
    29406937.333333332,
    47315803.66666667,
    51817393.08333333
  ],
  "data_loss": [
    1.0044517318407695,
    0.9925828079382578,
    1.059199074904124,
    0.9840578436851501,
    1.0547915895779927,
    1.0530054370562234,
    1.0321196417013805,
    0.9740172922611237,
    1.0421695411205292,
    1.0502935647964478,
    1.0299006005128226,
    1.0531089305877686,
    1.0414791504542031,
    0.9002464488148689,
    1.0641027092933655,
    1.0455176035563152,
    1.0493754148483276,
    1.0537361701329548,
    1.0542264978090923,
    1.0357095599174497,
    1.0020219087600708,
    1.0432821015516918,
    0.9981023569901784,
    0.9244556675354639,
    1.0415256818135579,
    0.8663162691518663,
    1.0499629179636638,
    1.030447522799174,
    0.997415671745936,
    1.0594868858655293,
    1.042024532953898,
    1.0519952178001404,
    1.0650560657183328,
    1.0456125934918723,
    1.0092532734076183,
    1.008693625529607,
    1.0603246092796326,
    1.054014543692271,
    0.9542396614948909,
    0.9671143591403961,
    1.0641448299090068,
    1.0363190670808156,
    1.037728190422058,
    1.0474516451358795,
    1.0400586227575939,
    1.0335237284501393,
    1.042409578959147,
    1.0520785450935364,
    1.0576532085736594,
    1.038793961207072,
    0.9559148748715718,
    1.0715327858924866,
    1.0634068449338276,
    0.9550306499004363,
    1.0230308870474498
  ],
  "physics_loss": [
    13724917674.666666,
    2169935072.0,
    9718787018.666666,
    1568729296.0000002,
    2848165162.6666665,
    479102154.0,
    506930883.99999994,
    102660895.33333333,
    407982707.6666666,
    252859133.66666666,
    156644138.66666666,
    250582038.66666666,
    118831976.66666667,
    50917915.666666664,
    46206628.0,
    68498721.58333334,
    33523276.666666668,
    13553142.6875,
    17006222.166666668,
    5614929.958333333,
    5710662.666666666,
    10803987.75,
    6900456.916666667,
    33545141.70833334,
    24510034.08333333,
    10053412.499999998,
    7871907.854166666,
    10470030.458333332,
    8582934.791666666,
    3890665.604166667,
    3662607.020833333,
    4034924.09375,
    2229566.364583333,
    3176674.65625,
    1693778.1354166665,
    2721283.614583333,
    2244430.4583333335,
    17108096.541666664,
    8053597.9375,
    21248275.416666664,
    12484360.0625,
    4884647.625,
    6639608.489583333,
    10049456.291666668,
    15920693.630208332,
    45917353.37499999,
    38516860.25,
    34587027.625,
    58875725.166666664,
    41664497.833333336,
    15501021.625,
    43599824.14583333,
    42009911.416666664,
    67594005.66666666,
    74024845.625
  ],
  "val_loss": [
    7231948800.0,
    2588554368.0,
    2864688864.0,
    1727015504.0,
    341070004.0,
    387364526.0,
    58567783.0,
    15444394.0,
    155186914.0,
    328047506.0,
    43673987.5,
    25390793.5,
    85715079.0,
    8170861.21875,
    15962569.5,
    11644035.25,
    9975927.0,
    8283553.5,
    8150874.0,
    14878786.75,
    1457202.8125,
    3300798.125,
    6349638.0,
    3696058.25,
    18391009.5,
    17238493.875,
    13224173.25,
    673911.625,
    4293602.34375,
    846849.59375,
    14193900.0,
    3168650.25,
    2154809.09375,
    3708309.875,
    448427.890625,
    1002028.34375,
    4176530.875,
    601378.34375,
    3849124.9375,
    5544902.5,
    674077.21875,
    2881938.375,
    1116538.75,
    6118994.25,
    4461534.75,
    4094116.375,
    4196147.78125,
    16282318.25,
    19181159.25,
    2043617.6875,
    54184173.0,
    15187439.6875,
    53371232.0,
    966538.4375,
    3429325.8125
  ],
  "val_data_loss": [
    0.5058272927999496,
    0.5058272331953049,
    0.505827322602272,
    0.5058272331953049,
    0.5058272927999496,
    0.5058272331953049,
    0.5058272331953049,
    0.505827322602272,
    0.505827322602272,
    0.5058272927999496,
    0.5058272331953049,
    0.5058272331953049,
    0.5058272480964661,
    0.5058272927999496,
    0.5058273524045944,
    0.5058273375034332,
    0.5058272331953049,
    0.5058272927999496,
    0.505827322602272,
    0.5058272331953049,
    0.5058272331953049,
    0.5058272927999496,
    0.5058272331953049,
    0.5058272331953049,
    0.5058272927999496,
    0.5058272927999496,
    0.5058272927999496,
    0.5058272331953049,
    0.5058272927999496,
    0.5058272182941437,
    0.5058272927999496,
    0.5058272331953049,
    0.5058272629976273,
    0.505827322602272,
    0.5058272331953049,
    0.505827322602272,
    0.5058272629976273,
    0.5058272927999496,
    0.5058272927999496,
    0.505827322602272,
    0.5058272927999496,
    0.5058272927999496,
    0.5058272927999496,
    0.5058272927999496,
    0.5058272629976273,
    0.5058272331953049,
    0.5058272927999496,
    0.5058272629976273,
    0.5058272927999496,
    0.5058272927999496,
    0.5058272927999496,
    0.5058272927999496,
    0.5058272927999496,
    0.5058272331953049,
    0.5058272927999496
  ],
  "val_physics_loss": [
    10331355648.0,
    3697934912.0,
    4092412608.0,
    2467165056.0,
    487242888.0,
    553377886.0,
    83668264.0,
    22063419.5,
    221695592.0,
    468639296.0,
    62391409.0,
    36272563.0,
    122450118.0,
    11672658.875,
    22803671.0,
    16634336.5,
    14251324.5,
    11833647.75,
    11644106.0,
    21255410.0,
    2081718.125,
    4715425.78125,
    9070911.25,
    5280083.125,
    26272871.75,
    24626419.5,
    18891676.0,
    962730.703125,
    6133717.6875,
    1209784.875,
    20277000.5,
    4526643.125,
    3078298.53125,
    5297585.375,
    640611.09375,
    1431468.8125,
    5966472.625,
    859111.75,
    5498749.9375,
    7921289.625,
    962967.25,
    4117054.75,
    1595055.125,
    8741420.5,
    6373621.0,
    5848737.75,
    5994496.71875,
    23260455.4375,
    27401656.75,
    2919453.625,
    77405961.0,
    21696342.875,
    76244620.0,
    1380769.0,
    4899037.0625
  ],