{
  "epochs": [
    1,
    2,
    3,
    4,
    5,
    6,
    7,
    8,
    9,
    10,
    11,
    12,
    13,
    14,
    15,
    16,
    17,
    18,
    19,
    20,
    21,
    22,
    23,
    24,
    25,
    26,
    27,
    28,
    29,
    30,
    31,
    32,
    33,
    34,
    35,
    36,
    37,
    38,
    39,
    40,
    41,
    42,
    43,
    44,
    45,
    46,
    47,
    48,
    49,
    50,
    51,
    52,
    53,
    54,
    55,
    56,
    57,
    58,
    59,
    60,
    61,
    62,
    63,
    64,
    65,
    66,
    67,
    68,
    69,
    70,
    71,
    72
  ],
  "loss": [
    17543680554.666668,
    7956956010.666667,
    6603925701.333333,
    1351656688.0,
    2333166885.3333335,
    822980376.6666666,
    216287767.3333333,
    127454100.08333333,
    326484762.6666667,
    131684767.33333334,
    123737171.0,
    46224691.5,
    42151796.333333336,
    34700139.583333336,
    26193779.583333336,
    34021234.833333336,
    14014027.500000002,
    44503062.583333336,
    8218999.958333334,
    7967533.999999999,
    7531640.0,
    11767685.083333334,
    4661010.833333333,
    3931002.7708333335,
    5381594.364583333,
    1959276.6250000002,
    5613885.083333333,
    11282622.1875,
    26992617.041666668,
    4376443.5,
    9871172.229166666,
    4942271.4375,
    12989681.75,
    4685392.9375,
    5231137.395833333,
    3614164.875,
    7468603.645833333,
    2039495.2083333333,
    3126930.614583333,
    4742012.71875,
    2009122.0729166667,
    2306970.020833333,
    7877128.78125,
    2246769.4791666665,
    7647800.531250001,
    1638490.3645833335,
    6819993.479166666,
    6187942.1875,
    5956077.166666667,
    2206990.2083333335,
    1620726.3645833335,
    706804.515625,
    2917746.734375,
    1451749.8697916665,
    2195634.744791667,
    2057735.1875,
    980810.2421875,
    3827410.4374999995,
    7198631.658854167,
    1937113.71875,
    4107113.822916667,
    5348157.468749999,
    10627430.729166668,
    7597378.28125,
    2460737.09375,
    2987905.2864583335,
    2861248.2916666665,
    3209569.927083333,
    2510147.5104166665,
    1381700.2291666665,
    14244287.760416666,
    2811176.666666667
  ],
  "data_loss": [
    0.950122723976771,
    1.09828519821167,
    1.0363271236419678,
    1.0829533139864604,
    1.071096122264862,
    1.0978795687357583,
    1.0476954380671184,
    1.0257598658402762,
    1.0337096353371937,
    1.0545135537783303,
    1.0392396748065948,
    0.9959888855616251,
    1.032306045293808,
    1.0644421180089314,
    1.0229284763336182,
    1.0363856256008148,
    1.0387315551439922,
    1.0656914611657462,
    0.9972981313864391,
    1.0697739521662395,
    1.0595189332962036,
    1.0516031285127003,
    0.9990402162075043,
    1.0513820946216583,
    1.0253604551156363,
    1.0612800518671672,
    1.0985070268313089,
    1.0377433399359386,
    1.044594168663025,
    1.028052886327108,
    1.098637044429779,
    0.9915602107842764,
    1.0324533979098,
    1.0241223375002544,
    0.995363692442576,
    1.0007762412230172,
    1.0249001284440358,
    1.057880421479543,
    1.0708188116550446,
    0.9640708863735199,
    1.0391144951184592,
    1.1002396543820698,
    1.0135373373826344,
    0.9933766722679139,
    0.966535637776057,
    1.034861962000529,
    1.0683044890562694,
    0.9967225790023804,
    1.0883315205574036,
    1.0726190110047658,
    1.0324028035004933,
    1.0685778359572093,
    1.0165400604406993,
    0.9925063848495483,
    1.0422244668006897,
    1.016733984152476,
    1.024588257074356,
    1.098802089691162,
    0.9737241168816885,
    1.0278183023134868,
    1.039598306020101,
    1.0647566517194111,
    1.0293233692646027,
    1.03138996164004,
    1.0580881536006927,
    1.0385548969109852,
    1.020204981168111,
    1.0341094235579174,
    1.0281895498434703,
    1.0293844540913901,
    1.0884071985880532,
    1.0280080338319142
  ],
  "physics_loss": [
    25062401792.0,
    11367080320.0,
    9434179434.666666,
    1930938146.6666665,
    3333095538.6666665,
    1175686268.0,
    308982529.3333333,
    182077288.83333334,
    466406821.99999994,
    188121098.33333334,
    176767391.66666666,
    66035275.0,
    60216851.33333333,
    49571629.08333333,
    37419684.666666664,
    48601764.83333333,
    20020039.333333332,
    63575802.916666664,
    11741428.333333334,
    11382191.041666666,
    10759485.8125,
    16810978.749999996,
    6658586.5,
    5615717.979166666,
    7687991.677083334,
    2798966.1666666665,
    8019835.645833333,
    16118031.5,
    38560882.666666664,
    6252061.666666666,
    14101674.916666666,
    7060387.541666666,
    18556688.458333332,
    6693418.083333333,
    7473053.21875,
    5163092.375,
    10669433.541666666,
    2913564.2083333335,
    4467043.447916667,
    6774303.604166666,
    2870174.0000000005,
    3295671.0625,
    11253041.25,
    3209670.3333333335,
    10925429.1875,
    2340700.0625,
    9742847.625,
    8839916.979166668,
    8508681.5625,
    3152842.7500000005,
    2315322.927083333,
    1009720.2708333333,
    4168209.2395833335,
    2073928.0104166667,
    3136620.7291666665,
    2939621.2916666665,
    1401157.078125,
    5467728.916666666,
    10283759.776041666,
    2767304.9791666665,
    5867305.0,
    7640224.520833333,
    15182043.875000002,
    10853397.645833332,
    3515338.3958333335,
    4268435.65625,
    4087497.1354166665,
    4585099.697916667,
    3585924.510416667,
    1973857.0208333335,
    20348982.541666664,
    4015966.395833333
  ],
  "val_loss": [
    5477209088.0,
    4117915776.0,
    392520688.0,
    259124092.0,
    537685528.0,
    13313667.0,
    196120290.0,
    34894809.0,
    83184444.0,
    67068856.0,
    32144352.5,
    30463485.0,
    19722159.5,
    10591059.125,
    60920458.25,
    19378692.5,
    3083611.125,
    27990995.0,
    14164578.25,
    12237309.0,
    12027905.125,
    5339964.78125,
    2984831.75,
    4398541.75,
    1999376.1875,
    4434212.875,
    4531017.8125,
    1961665.4375,
    1964019.125,
    1666127.625,
    10163686.875,
    1692545.125,
    4195612.046875,
    28953329.625,
    2356108.65625,
    1189712.3125,
    1376469.546875,
    1609536.625,
    17261860.8125,
    972418.1875,
    570479.359375,
    1556929.4375,
    1649701.8125,
    895783.28125,
    2728107.15625,
    875903.84375,
    3835506.0625,
    5102229.09375,
    1747190.90625,
    3064256.53125,
    462434.296875,
    430749.265625,
    752987.046875,
    1582167.09375,
    874936.109375,
    813878.34375,
    13190901.1640625,
    17061290.8125,
    1017900.21875,
    11424849.5,
    737230.5,
    998868.25,
    3898164.9375,
    6613170.25,
    4543229.53125,
    2922009.46875,
    1067181.46875,
    3433561.390625,
    9659391.75,
    3339119.765625,
    8009279.0625,
    20980829.1875
  ],