{
  "epochs": [
    1,
    2,
    3,
    4,
    5,
    6,
    7,
    8,
    9,
    10,
    11,
    12,
    13,
    14,
    15,
    16,
    17,
    18,
    19,
    20,
    21,
    22,
    23,
    24,
    25,
    26,
    27,
    28,
    29,
    30,
    31,
    32,
    33,
    34,
    35,
    36,
    37,
    38,
    39,
    40,
    41,
    42,
    43,
    44,
    45,
    46,
    47,
    48,
    49,
    50
  ],
  "loss": [
    2.1275687714417777,
    2.8868121455113096,
    0.7442503621180853,
    1.4436361392339072,
    0.5787200580040613,
    0.7300549745559692,
    0.560898577173551,
    0.4164497554302215,
    0.41091384241978324,
    0.3550196290016174,
    0.38728106518586475,
    0.34571195642153424,
    0.3456950758894285,
    0.33676005403200787,
    0.3077555100123087,
    0.34025246401627857,
    0.3458712349335353,
    0.3326462308565776,
    0.3449607541163763,
    0.33639789621035254,
    0.33250453074773156,
    0.3444629907608032,
    0.3340178082386652,
    0.3283885195851326,
    0.3356935381889344,
    0.3498781720797221,
    0.3450787514448166,
    0.3368405600388845,
    0.3335406929254532,
    0.34311798711617786,
    0.321582148472468,
    0.3342811067899068,
    0.34507096807161963,
    0.343001256386439,
    0.31304498513539636,
    0.34292831023534137,
    0.3420664817094803,
    0.3182350918650627,
    0.3552085409561793,
    0.3677261571089427,
    0.3594692250092824,
    0.3796535183986028,
    0.35413449009259546,
    0.329557312031587,
    0.3529662589232127,
    0.331125353773435,
    0.3239036649465561,
    0.32329302529493964,
    0.33860714236895245,
    0.3440165718396505
  ],
  "data_loss": [
    1.1710458993911743,
    1.1364002029101052,
    1.077237327893575,
    1.1416594485441844,
    1.1477292080720265,
    1.111765831708908,
    1.139374663432439,
    1.1773364742596946,
    1.0624431669712067,
    1.085507571697235,
    1.1872774561246235,
    1.1304594178994498,
    1.1063899795214336,
    1.096410055955251,
    1.004898597796758,
    1.0826569199562073,
    1.1386220057805378,
    1.089122434457143,
    1.1362476448218026,
    1.1024620532989502,
    1.0951355596383414,
    1.1161117156346638,
    1.0872443815072377,
    1.0795351763566334,
    1.1140351494153342,
    1.161368727684021,
    1.1362627347310386,
    1.1022079785664876,
    1.1068913241227467,
    1.1353896359602609,
    1.066375494003296,
    1.1026506920655568,
    1.1402634580930073,
    1.1377083857854207,
    1.0326586067676544,
    1.1304353872934976,
    1.1203746994336445,
    1.039749582608541,
    1.1049347519874573,
    1.181147853533427,
    1.159418930610021,
    1.1691696445147197,
    1.1163928806781769,
    1.0552212297916412,
    1.0979147851467133,
    1.0852729479471843,
    1.0554738938808441,
    1.049710988998413,
    1.1039986511071522,
    1.1310439705848694
  ],
  "physics_loss": [
    2.5375071366628013,
    3.636988629897435,
    0.6015416396160921,
    1.5730547135074935,
    0.3348589682330688,
    0.5664645818372567,
    0.31298023896912736,
    0.09035542793571948,
    0.13168697090198597,
    0.04195335127102832,
    0.04442545593095322,
    0.009391604592868436,
    0.01968296702640752,
    0.011195747880265118,
    0.008979889700034013,
    0.02207910834113136,
    0.006120884635796149,
    0.00844213863213857,
    0.00583778585617741,
    0.00808466412127018,
    0.005662653381781033,
    0.01375636871671304,
    0.011206401512026787,
    0.006468508295559634,
    0.0021185309257513536,
    0.002096481524252643,
    0.005999893493329485,
    0.008825940875491748,
    0.0021046990101846554,
    0.0035729713272303343,
    0.002384980849456042,
    0.0049798380641732365,
    0.004274171020369977,
    0.002412479176806907,
    0.004639120103092864,
    0.005425258801551535,
    0.008505797139757002,
    0.009014577566025158,
    0.03389729274204001,
    0.01911685053103914,
    0.01663361839018762,
    0.04128944346060355,
    0.027452314796391875,
    0.018558475761286292,
    0.03370258650587251,
    0.007919231313280761,
    0.010373570257797839,
    0.011971035593887793,
    0.010582193499431014,
    0.006719102733768522
  ],
  "val_loss": [
    4.258729696273804,
    0.3253869190812111,
    0.30514493212103844,
    0.17319524474442005,
    0.24281661864370108,
    0.1627573948353529,
    0.1492643915116787,
    0.1467996910214424,
    0.2226870022714138,
    0.15119074378162622,
    0.14545923005789518,
    0.14574584364891052,
    0.15551012754440308,
    0.14886095002293587,
    0.14474965166300535,
    0.1444306201301515,
    0.14480837062001228,
    0.1442505493760109,
    0.15295875445008278,
    0.1437610127031803,
    0.1454791957512498,
    0.14806015975773335,
    0.14684793911874294,
    0.14438768522813916,
    0.14524614065885544,
    0.15270304307341576,
    0.14347346033900976,
    0.14419222436845303,
    0.14435227774083614,
    0.1433473862707615,
    0.14380610641092062,
    0.1441792524419725,
    0.14666806627064943,
    0.1433511753566563,
    0.1465910105034709,
    0.1456186193972826,
    0.14377207681536674,
    0.14906986244022846,
    0.15497762151062489,
    0.146471475251019,
    0.18497590813785791,
    0.14352550078183413,
    0.15190157387405634,
    0.14726464822888374,
    0.15172716975212097,
    0.1439979667775333,
    0.14505489077419043,
    0.14463483076542616,
    0.1441625547595322,
    0.1443991968408227
  ],
  "val_data_loss": [
    0.4758672844618559,
    0.4758672546595335,
    0.47586722299456596,
    0.47586722299456596,
    0.47586704418063164,
    0.4758672546595335,
    0.47586724907159805,
    0.47586722299456596,
    0.47586722299456596,
    0.47586722299456596,
    0.47586725279688835,
    0.4758672844618559,
    0.4758672546595335,
    0.4758672546595335,
    0.4758672844618559,
    0.47586728259921074,
    0.47586725279688835,
    0.47586725279688835,
    0.4758672248572111,
    0.4758672546595335,
    0.4758672546595335,
    0.4758672546595335,
    0.4758672546595335,
    0.4758672844618559,
    0.4758672844618559,
    0.4758672546595335,
    0.4758672546595335,
    0.4758672248572111,
    0.47586725279688835,
    0.47586722299456596,
    0.4758672546595335,
    0.47586722299456596,
    0.4758671894669533,
    0.4758672546595335,
    0.47586722299456596,
    0.47586722299456596,
    0.47586725279688835,
    0.47586725279688835,
    0.4758672844618559,
    0.4758672844618559,
    0.4758672248572111,
    0.4758672844618559,
    0.4758672248572111,
    0.47586725279688835,
    0.4758671894669533,
    0.47586725279688835,
    0.4758672248572111,
    0.4758672546595335,
    0.4758672546595335,
    0.47586725279688835
  ],
  "val_physics_loss": [
    5.879956603050232,
    0.26089536398649216,
    0.23197821527719498,
    0.043478675186634064,
    0.14293787744827569,
    0.02856743475422263,
    0.009291729889810085,
    0.0057707352098077536,
    0.11418118327856064,
    0.012043670751154423,
    0.0038557923398911953,
    0.004265236086212099,
    0.018214195035398006,
    0.00871537160128355,
    0.002842076064553112,
    0.0023863374663051218,
    0.002925995329860598,
    0.0021291087032295763,
    0.01456940989010036,
    0.001429753378033638,
    0.003884297620970756,
    0.007571388909127563,
    0.005839658202603459,
    0.0023250040831044316,
    0.003551361325662583,
    0.01420408021658659,
    0.0010189736494794488,
    0.0020457865321077406,
    0.0022744307352695614,
    0.0008388729183934629,
    0.0014941814297344536,
    0.002027244190685451,
    0.005582705605775118,
    0.0008442660036962479,
    0.005472627119161189,
    0.004083500476554036,
    0.0014455640921369195,
    0.009013833245262504,
    0.017453474458307028,
    0.00530184106901288,
    0.06030820042360574,
    0.0010933185112662613,
    0.013059148739557713,
    0.006434969895053655,
    0.012810004409402609,
    0.0017682624165900052,
    0.0032781651243567467,
    0.0026780659100040793,
    0.0020033882465213537,
    0.0023414479510392994
  ],