{
  "epochs": [
    1,
    2,
    3,
    4,
    5,
    6,
    7,
    8,
    9,
    10,
    11,
    12,
    13,
    14,
    15,
    16,
    17,
    18,
    19,
    20,
    21,
    22,
    23,
    24,
    25,
    26,
    27,
    28,
    29,
    30,
    31,
    32,
    33,
    34,
    35,
    36,
    37,
    38,
    39,
    40,
    41,
    42,
    43,
    44,
    45,
    46,
    47,
    48,
    49,
    50,
    51,
    52,
    53,
    54,
    55,
    56,
    57,
    58,
    59,
    60,
    61,
    62,
    63,
    64,
    65,
    66,
    67,
    68,
    69,
    70,
    71,
    72,
    73
  ],
  "loss": [
    0.83206178744634,
    3.0198915004730225,
    0.8897721171379088,
    0.8463562677303951,
    0.9867745488882064,
    0.4186789194742839,
    0.47302430371443427,
    0.5067776987950008,
    0.5015917072693507,
    0.40486822277307516,
    0.37994280457496643,
    0.3689501533905665,
    0.35036971668402356,
    0.3302253981431325,
    0.36362155278523767,
    0.34471961855888367,
    0.36660465101401013,
    0.3460641155640284,
    0.3425303349892298,
    0.341843123237292,
    0.35207353532314295,
    0.3462136735518774,
    0.35725760956605274,
    0.34702562292416894,
    0.35025932888189953,
    0.3253750453392665,
    0.33458803097407025,
    0.3332536468903224,
    0.34100784858067834,
    0.3513934810956319,
    0.335308775305748,
    0.3267521113157272,
    0.3433382411797842,
    0.3480002135038376,
    0.3462943434715271,
    0.3518747637669245,
    0.34013410409291583,
    0.3483780920505523,
    0.350819672147433,
    0.34507233401139575,
    0.32573345055182773,
    0.33086005598306656,
    0.3361150771379471,
    0.3454348345597585,
    0.35124098261197406,
    0.3464790433645249,
    0.32474704335133237,
    0.32581649720668787,
    0.3276162122686704,
    0.31755011032025016,
    0.34087848166624707,
    0.3465815136830012,
    0.3455497622489929,
    0.3531026889880498,
    0.3442489306131999,
    0.3304760952790578,
    0.33067744225263596,
    0.3560676922400792,
    0.3497689962387085,
    0.33671247959136963,
    0.333276703953743,
    0.32603763540585834,
    0.35521123309930164,
    0.3385664025942485,
    0.32378286619981134,
    0.344804788629214,
    0.33512078722318017,
    0.338636060555776,
    0.3385971585909525,
    0.3268475631872813,
    0.3482392032941183,
    0.3317169000705083,
    0.3305210992693901
  ],
  "data_loss": [
    1.157203694184621,
    1.1168333888053894,
    1.09000363945961,
    1.0572959383328755,
    1.1325230399767556,
    1.1627589464187622,
    1.1477432052294414,
    1.1277959148089092,
    1.06569504737854,
    0.971259911855062,
    1.1486770709355671,
    1.1216246783733368,
    1.1144186456998189,
    1.069041520357132,
    1.148328681786855,
    1.1138310929139457,
    1.1336700320243835,
    1.145150363445282,
    1.1283558011054993,
    1.128495693206787,
    1.167908489704132,
    1.1381051937739053,
    1.1571398377418518,
    1.146793524424235,
    1.1600231726964316,
    1.0791387856006622,
    1.109671433766683,
    1.1047116617361705,
    1.1295912464459739,
    1.1644585927327473,
    1.1047244568665822,
    1.0789999663829803,
    1.135744015375773,
    1.1562520464261372,
    1.1461816827456157,
    1.169407308101654,
    1.1300052801767984,
    1.1552129983901978,
    1.1641458074251811,
    1.1465636690457661,
    1.072178343931834,
    1.0935930112997692,
    1.1083597540855408,
    1.1437551975250244,
    1.1625392039616904,
    1.1474619110425313,
    1.0765713353951771,
    1.0798398156960805,
    1.0846649308999379,
    1.0520668427149455,
    1.129219651222229,
    1.1496294339497883,
    1.1440770824750264,
    1.172633667786916,
    1.1439524392286935,
    1.0966792901357016,
    1.0970875720183053,
    1.1819570859273276,
    1.1610595782597861,
    1.1192776362101238,
    1.1028027534484863,
    1.075975904862086,
    1.1602621277173362,
    1.1218408346176147,
    1.0713899234930673,
    1.1429117321968079,
    1.1106069386005402,
    1.1252515614032745,
    1.1226116915543876,
    1.0821332037448883,
    1.156215171019236,
    1.0975608925024667,
    1.096592585245768
  ],
  "physics_loss": [
    0.6927152723073959,
    3.8354879170656204,
    0.8039586395025252,
    0.7559535230199497,
    0.9243108543256919,
    0.0997874621922771,
    0.18385904918735227,
    0.24062703425685567,
    0.2598331423165897,
    0.16212892578914762,
    0.05048524534019332,
    0.0463753417134285,
    0.022920169518329203,
    0.013589906370422492,
    0.027318478600742917,
    0.015100394220401844,
    0.037862335719789066,
    0.003598555864300579,
    0.005747980942639212,
    0.004706286941654981,
    0.00242996989012075,
    0.006831583004289617,
    0.014450929515684644,
    0.0042679345642682165,
    0.003217682688652227,
    0.002333422288453827,
    0.0024094176284658415,
    0.00262875366024673,
    0.0030435081280302256,
    0.0029369980911724274,
    0.005559179194582005,
    0.004360151768196374,
    0.0037357601492355266,
    0.0016065510280895978,
    0.003485461900709197,
    0.0015036464028526098,
    0.0016178610773446658,
    0.0025916798816372952,
    0.002251310778471331,
    0.0015760238651031007,
    0.005828479314610983,
    0.003974480011189977,
    0.005153060075826942,
    0.003297525351323808,
    0.0035417225735727698,
    0.0032006611387866237,
    0.0025366153568029404,
    0.0026636257340821126,
    0.0031667457078583534,
    0.0027572094792655357,
    0.0030179614744459586,
    0.00241811767530938,
    0.0033237429646154246,
    0.0018751018020945291,
    0.0015188301719414692,
    0.0021032932660697647,
    0.002215945045463741,
    0.0021150867784551037,
    0.0020730195683427155,
    0.0013273919272857408,
    0.0034798180082968124,
    0.004635501866384099,
    0.010189402848482132,
    0.002877340263997515,
    0.0033798272003574916,
    0.0027589398669078946,
    0.0027695567502329745,
    0.0015151152135028194,
    0.002590923550693939,
    0.0031537077835916225,
    0.001963769434951246,
    0.003498023870633915,
    0.0022047297194755324
  ],
  "val_loss": [
    5.573154538869858,
    0.5395229011774063,
    0.9369847103953362,
    0.35098544508218765,
    0.3240460753440857,
    0.32963724434375763,
    0.2973349317908287,
    0.3788454532623291,
    0.2727021276950836,
    0.2646078020334244,
    0.2611863240599632,
    0.2624340206384659,
    0.26865070313215256,
    0.26215605437755585,
    0.2573006972670555,
    0.2830556333065033,
    0.25864434987306595,
    0.2578795552253723,
    0.2583187222480774,
    0.25729285180568695,
    0.25695645809173584,
    0.2572920322418213,
    0.2568058744072914,
    0.2583581358194351,
    0.25786809623241425,
    0.25900227576494217,
    0.2642799839377403,
    0.25725893676280975,
    0.2583952844142914,
    0.2581246346235275,
    0.25879619270563126,
    0.2566099166870117,
    0.2568274661898613,
    0.25717803090810776,
    0.257199764251709,
    0.2575543075799942,
    0.2572776526212692,
    0.2570954039692879,
    0.25955305248498917,
    0.25662732124328613,
    0.2571618929505348,
    0.2566974014043808,
    0.2581273466348648,
    0.2615841254591942,
    0.2569660544395447,
    0.25740332901477814,
    0.2597418799996376,
    0.25710006058216095,
    0.25661490857601166,
    0.25659965723752975,
    0.2570183575153351,
    0.256791815161705,
    0.25659310817718506,
    0.2576042041182518,
    0.25965598970651627,
    0.2566447928547859,
    0.2566142901778221,
    0.2566519156098366,
    0.25662583857774734,
    0.2623163163661957,
    0.2574268579483032,
    0.2577909827232361,
    0.25936124473810196,
    0.2584441751241684,
    0.25859159976243973,
    0.2593216970562935,
    0.2574309706687927,
    0.2566157951951027,
    0.2566223293542862,
    0.25733479857444763,
    0.25700971484184265,
    0.2567894831299782,
    0.25707072764635086
  ],