{
  "epochs": [
    1,
    2,
    3,
    4,
    5,
    6,
    7,
    8,
    9,
    10,
    11,
    12,
    13,
    14,
    15,
    16,
    17,
    18,
    19,
    20,
    21,
    22,
    23,
    24,
    25,
    26,
    27,
    28,
    29,
    30,
    31,
    32,
    33,
    34,
    35,
    36,
    37,
    38,
    39,
    40,
    41,
    42,
    43,
    44,
    45,
    46,
    47,
    48,
    49,
    50,
    51,
    52,
    53,
    54,
    55,
    56,
    57,
    58,
    59,
    60,
    61,
    62,
    63,
    64,
    65,
    66,
    67,
    68,
    69,
    70,
    71,
    72,
    73,
    74,
    75,
    76
  ],
  "loss": [
    2.9594259063402815,
    12.750385344028473,
    2.357721676429113,
    2.342694198091825,
    2.046096394459407,
    0.762027397751808,
    0.44230234126249945,
    0.4803780267635981,
    0.39488615592320764,
    0.3543391327063243,
    0.3570328652858734,
    0.4434142212073008,
    0.3817393531401952,
    0.4096219440301259,
    0.4161435663700104,
    0.37339391807715094,
    0.38761748870213825,
    0.37725372612476343,
    0.34684957812229794,
    0.36403676370779675,
    0.3577041501800219,
    0.3785900721947352,
    0.38366129497687024,
    0.3639299720525742,
    0.36752739548683167,
    0.369514266649882,
    0.370323712627093,
    0.3822111040353775,
    0.3574506690104802,
    0.35396092385053635,
    0.35948729018370307,
    0.35131239891052246,
    0.3602082480986913,
    0.34271564582983655,
    0.35798171162605286,
    0.36495286226272583,
    0.3673844039440155,
    0.36187963684399926,
    0.36292127768198645,
    0.3553555905818939,
    0.35041172802448267,
    0.3642610857884089,
    0.334036519130071,
    0.34678952395915985,
    0.3489354799191157,
    0.37323546906312305,
    0.3495270808537801,
    0.3392615889509519,
    0.35700810452302295,
    0.366920605301857,
    0.3488818208376567,
    0.37431660294532776,
    0.3729930867751439,
    0.37739582856496173,
    0.3688833812872569,
    0.3706689278284709,
    0.3623972088098526,
    0.3902475436528524,
    0.3541035254796346,
    0.36617355545361835,
    0.34154342611630756,
    0.37365859250227607,
    0.3672370066245397,
    0.36441900332768756,
    0.3583815221985181,
    0.3456613719463349,
    0.3691322108109792,
    0.36264071861902875,
    0.3636440634727478,
    0.3738579551378886,
    0.36448755363623303,
    0.34851645429929096,
    0.34774890542030334,
    0.35697603722413374,
    0.3688063075145086,
    0.35962875187397
  ],
  "data_loss": [
    1.1249894797801971,
    1.2245872219403584,
    1.2267773747444153,
    1.1771615743637085,
    1.2636670470237732,
    1.2063674926757815,
    1.1689990361531577,
    1.1871153116226196,
    1.108065277338028,
    1.0740401248137157,
    1.138226439555486,
    1.2287827630837758,
    1.194243609905243,
    1.2128167351086934,
    1.2318024635314941,
    1.1743002136548362,
    1.217498203118642,
    1.2015184362729392,
    1.1344067454338074,
    1.1612531244754791,
    1.1656588117281597,
    1.2101866404215496,
    1.2193416655063627,
    1.1592501004536948,
    1.189127763112386,
    1.1772380669911702,
    1.2096261084079742,
    1.2433828910191853,
    1.1804583370685577,
    1.1603728135426838,
    1.1835595965385437,
    1.151939849058787,
    1.1968257228533428,
    1.1389691630999246,
    1.1898337999979653,
    1.2133308251698813,
    1.2180217504501343,
    1.2023215095202129,
    1.2010504305362701,
    1.179213543732961,
    1.1639925340811412,
    1.2105201383431752,
    1.1110135614871979,
    1.1424878239631653,
    1.1415081918239594,
    1.2333127458890278,
    1.1516958077748618,
    1.1225281655788422,
    1.182243674993515,
    1.2159430185953777,
    1.1580195625623066,
    1.2392677863438926,
    1.2380460500717163,
    1.2526673475901287,
    1.2261303464571636,
    1.2293482224146526,
    1.20376056432724,
    1.2958426276842754,
    1.1770149270693462,
    1.2171660959720612,
    1.1312394042809806,
    1.2326303223768869,
    1.2030566036701202,
    1.2046903173128765,
    1.1754817763964336,
    1.1366299291451774,
    1.221878468990326,
    1.1954172650973,
    1.1993279854456582,
    1.2398022611935933,
    1.2028192281723022,
    1.153440316518148,
    1.1352636516094208,
    1.1851957341035206,
    1.218408723672231,
    1.1948214173316956
  ],
  "physics_loss": [
    3.74561308324337,
    17.69001385569572,
    2.8424122532208758,
    2.842208168158929,
    2.381423346077403,
    0.5715959214915832,
    0.1308608865365386,
    0.17749059634904066,
    0.0892379389454921,
    0.045895819552242756,
    0.022235603615020715,
    0.10682769026607275,
    0.033523226011311635,
    0.06539557781070471,
    0.06657544368257125,
    0.030148339457809925,
    0.0319542990376552,
    0.023997399141080678,
    0.009325063865010936,
    0.0223725790468355,
    0.011437843553721906,
    0.02219152046988408,
    0.02551253523173121,
    0.023078464864132304,
    0.015412924578413369,
    0.023346903753311686,
    0.010622672377697503,
    0.013137452381973466,
    0.004733072593808175,
    0.008355805204094697,
    0.006313437518353265,
    0.008186326129361987,
    0.001657878029315422,
    0.001464127708459273,
    0.0014736746088601649,
    0.001362285033489267,
    0.0028255188371986155,
    0.001690241265653943,
    0.003723046596860513,
    0.0022735794579299786,
    0.0017342188900026183,
    0.0015786183842768273,
    0.0010463367604340117,
    0.005775941904479017,
    0.00926144712138921,
    0.004630899871699512,
    0.005740461987443269,
    0.0035758974263444543,
    0.0033356990801015254,
    0.003053830373877039,
    0.002108492810900013,
    0.00362322178746884,
    0.0022560718546931944,
    0.002279436497095351,
    0.0014918059459887445,
    0.0026635030226316303,
    0.0018128855833007644,
    0.002135341928806156,
    0.0014271904753210645,
    0.0014624380758808306,
    0.003102270323627939,
    0.005527839297428727,
    0.009028588809693852,
    0.004302703523232291,
    0.008195677558736255,
    0.006674836651654915,
    0.0036695067925999565,
    0.0057364514213986695,
    0.005493795276076223,
    0.0027389442354130247,
    0.00520253018476069,
    0.003549055681408693,
    0.01024256266343097,
    0.0020247253705747426,
    0.004690970294177532,
    0.0016890160428980985
  ],