{
  "epochs": [
    1,
    2,
    3,
    4,
    5,
    6,
    7,
    8,
    9,
    10,
    11,
    12,
    13,
    14,
    15,
    16,
    17,
    18,
    19,
    20,
    21,
    22,
    23,
    24,
    25,
    26,
    27,
    28,
    29,
    30,
    31,
    32,
    33,
    34,
    35,
    36,
    37,
    38,
    39,
    40,
    41,
    42,
    43,
    44,
    45,
    46,
    47,
    48,
    49,
    50,
    51,
    52,
    53,
    54,
    55,
    56,
    57,
    58,
    59,
    60,
    61,
    62,
    63,
    64,
    65,
    66,
    67,
    68,
    69,
    70,
    71,
    72,
    73,
    74,
    75,
    76,
    77,
    78,
    79
  ],
  "loss": [
    3.9235561092694597,
    1.4733171860376992,
    0.7220511784156164,
    0.4787338922421137,
    0.4413261413574219,
    0.60957736770312,
    0.4270759969949723,
    0.41878597935040784,
    0.4144829511642456,
    0.3605050047238668,
    0.3550690015157064,
    0.31948325534661615,
    0.31938930849234265,
    0.33188727994759876,
    0.32099749644597375,
    0.3052152420083682,
    0.33977960546811425,
    0.32706448435783386,
    0.32165496548016864,
    0.31924605369567877,
    0.3220898111661275,
    0.3151378234227499,
    0.2753151779373487,
    0.3209642271200816,
    0.29457131524880725,
    0.32000546157360077,
    0.30900603036085766,
    0.2829602360725403,
    0.315480520327886,
    0.31645677983760834,
    0.31481785078843433,
    0.31944791972637177,
    0.31571542223294574,
    0.31735772887865704,
    0.31726005673408514,
    0.31781695286432904,
    0.32701836526393885,
    0.32207725942134857,
    0.2971998701492945,
    0.31843653321266174,
    0.3199475208918254,
    0.3143756190935771,
    0.3211244146029154,
    0.31896605590979255,
    0.3173777411381404,
    0.31884769101937616,
    0.3039192408323288,
    0.3141866773366928,
    0.2869938164949417,
    0.32460644841194153,
    0.320008506377538,
    0.3221994688113531,
    0.3184241304794947,
    0.3191124697526296,
    0.315799688299497,
    0.321193849047025,
    0.3183703472216924,
    0.32014837861061096,
    0.322994147737821,
    0.2971156984567642,
    0.321248268087705,
    0.3245176424582799,
    0.3227084130048752,
    0.32047551870346064,
    0.3228352467219035,
    0.3136170357465744,
    0.3504859358072281,
    0.34532421827316284,
    0.297681783636411,
    0.32470044990380603,
    0.28066382215668756,
    0.33143356442451477,
    0.3228026181459427,
    0.3245728015899658,
    0.29734812676906586,
    0.29391081134478253,
    0.32749782999356586,
    0.3202677518129349,
    0.31045948217312497
  ],
  "data_loss": [
    1.0605485936005912,
    1.0518139799435935,
    1.0655817786852517,
    1.0439611176649728,
    0.9427619775136312,
    1.0592106382052104,
    1.0357791384061177,
    1.052363117535909,
    1.0288234452406566,
    1.0563626289367676,
    1.0391858021418252,
    1.0347466965516408,
    1.0039714773495991,
    1.0582093993822732,
    1.045164922873179,
    1.0077502230803173,
    1.061973512172699,
    1.0529215931892395,
    1.0526707569758096,
    1.0384324093659718,
    1.0570217172304788,
    1.0446074505647025,
    0.9084848364194235,
    1.0612969597180686,
    0.9590748151143392,
    1.062287151813507,
    1.0267932613690696,
    0.9402852853139241,
    1.0488119820753732,
    1.051855593919754,
    1.0469940304756165,
    1.0525482594966888,
    1.0455583333969116,
    1.050953318675359,
    1.0519827206929524,
    1.0552347401777904,
    1.0579382379849753,
    1.053317109743754,
    0.9813651939233144,
    1.0514065424601238,
    1.05876894791921,
    1.0414207577705383,
    1.0687746604283652,
    1.0615370074907937,
    1.0507049659887948,
    1.060154656569163,
    1.0112059911092122,
    1.0407430231571198,
    0.9498567084471384,
    1.0665883819262187,
    1.0432658791542053,
    1.0623917778333027,
    1.049785921971003,
    1.0542133549849193,
    1.0458892087141674,
    1.0648243029912312,
    1.0534786383310955,
    1.0601192514101665,
    1.0610544284184773,
    0.9825648168722788,
    1.0622252027193704,
    1.0465730726718903,
    1.0473417739073436,
    1.04506849249204,
    1.0431437492370605,
    1.0328315297762551,
    1.0507894158363342,
    1.0409123202164967,
    0.9540212750434875,
    1.0362678170204163,
    0.8958897727231184,
    1.039226065079371,
    1.052655796209971,
    1.0609256426493328,
    0.9504776994387308,
    0.9684667587280272,
    1.040507862965266,
    1.040915995836258,
    1.0126074055830636
  ],
  "physics_loss": [
    5.150559435288112,
    1.653961420059204,
    0.5748237917820612,
    0.2364936557908853,
    0.22642505665620166,
    0.41687737653652823,
    0.16620321261386073,
    0.14725290269901356,
    0.15119415738930306,
    0.06228028330951929,
    0.061876057026286915,
    0.012941764667630194,
    0.025996941297004618,
    0.020606345885122817,
    0.010640000070755681,
    0.004128797037992626,
    0.03026792273158208,
    0.015982852627833687,
    0.008362464179905752,
    0.011023306365435321,
    0.007118973376539846,
    0.002507963237197449,
    0.003956729779019952,
    0.0036787620338145648,
    0.009784084055960799,
    0.0018847200262825936,
    0.0013829202798660845,
    0.0012494848439625155,
    0.0011955765075981617,
    0.0012858284656734518,
    0.0010280507364465543,
    0.005262035284734641,
    0.002925567658773313,
    0.002959614706924185,
    0.0023789057352890572,
    0.0017807448069409777,
    0.01376696233637631,
    0.008688732224982232,
    0.00398615439189598,
    0.0043065045805027085,
    0.003309743828140199,
    0.002784829999048574,
    0.0007028761271309728,
    0.0007213436571570734,
    0.003094639119808562,
    0.0011446774587966502,
    0.0007963332900544629,
    0.0028053739224560554,
    0.0029097019529823838,
    0.006614180737718319,
    0.01004103891318664,
    0.004974178475094959,
    0.00498334279594322,
    0.004069212251730884,
    0.0029041562229394913,
    0.002495070599252358,
    0.0033239152204866214,
    0.0030179843306541443,
    0.006682590629983072,
    0.0033517757450075205,
    0.0036867025094882893,
    0.015065305905106166,
    0.012151248287409544,
    0.009935651867029568,
    0.014131583962201452,
    0.0053822430393969025,
    0.05035586219552594,
    0.047215015472223364,
    0.01639341687162717,
    0.019742996024433523,
    0.016995546175166965,
    0.028093902588201065,
    0.010008372676869232,
    0.00899299542652443,
    0.017435433735954572,
    0.004815382417291403,
    0.021922094504892204,
    0.011418496011174284,
    0.009538918073909977
  ],