{
  "epochs": [
    1,
    2,
    3,
    4,
    5,
    6,
    7,
    8,
    9,
    10,
    11,
    12,
    13,
    14,
    15,
    16,
    17,
    18,
    19,
    20,
    21,
    22,
    23,
    24,
    25,
    26,
    27,
    28,
    29,
    30,
    31,
    32,
    33,
    34,
    35,
    36,
    37,
    38,
    39,
    40,
    41,
    42,
    43,
    44,
    45,
    46,
    47,
    48,
    49,
    50,
    51,
    52,
    53,
    54,
    55,
    56,
    57,
    58,
    59,
    60,
    61,
    62,
    63,
    64,
    65
  ],
  "loss": [
    2.364362706740697,
    2.4352650245030723,
    1.868989109992981,
    1.4401621669530869,
    0.6967437316974004,
    0.7238808770974478,
    0.4345653305451075,
    0.37847284972667694,
    0.41200973590215045,
    0.3863624483346939,
    0.3625282049179077,
    0.3170283262928327,
    0.3717546860376994,
    0.3538524160782497,
    0.35661505659421283,
    0.3311311354239782,
    0.3821982045968374,
    0.34232620894908905,
    0.3751425097386042,
    0.3688031782706579,
    0.3536392996708552,
    0.3691162268320719,
    0.3708440413077672,
    0.3629284848769506,
    0.35488339761892956,
    0.3298077285289764,
    0.3590171039104462,
    0.3593859573205312,
    0.33383534848690033,
    0.34812786181767785,
    0.3614780157804489,
    0.35200993220011395,
    0.35084201892217,
    0.3337877442439397,
    0.3502245545387268,
    0.3612171808878581,
    0.3594575673341751,
    0.36863553524017334,
    0.3435743749141693,
    0.3618089258670807,
    0.34836490452289587,
    0.3499732315540313,
    0.34627168873945874,
    0.3466836214065551,
    0.3260764280954997,
    0.341643234093984,
    0.33611064155896503,
    0.34410389264424646,
    0.33816052973270416,
    0.34745819866657257,
    0.3606191724538803,
    0.35931750138600665,
    0.3321824620167414,
    0.34864477813243866,
    0.34726928174495697,
    0.34617522855599725,
    0.3426277637481689,
    0.3511951218048731,
    0.356219674150149,
    0.35594767332077026,
    0.34723460425933206,
    0.36414408683776855,
    0.35414790113766986,
    0.35915757715702057,
    0.3529910147190094
  ],
  "data_loss": [
    1.1214804152647655,
    1.1964254180590312,
    1.0868828793366752,
    1.2124241987864177,
    1.1830210288365681,
    1.1791705687840779,
    1.1185929973920186,
    1.1243929862976074,
    1.1687237819035847,
    1.121052473783493,
    1.144000659386317,
    1.023677925268809,
    1.1760426859060922,
    1.1637016534805298,
    1.1455827057361603,
    1.084598143895467,
    1.213219980398814,
    1.12156476577123,
    1.21977969010671,
    1.2133906284968057,
    1.165076086918513,
    1.2199861804644268,
    1.2151242693265278,
    1.201026439666748,
    1.1771705448627472,
    1.0903573731581369,
    1.1920720934867859,
    1.1837216019630432,
    1.1086774567763011,
    1.1523669560750327,
    1.201005717118581,
    1.1637712021668751,
    1.1642973025639851,
    1.1001009345054626,
    1.143803745508194,
    1.192461043596268,
    1.1796606878439586,
    1.2208221753438313,
    1.1334135234355927,
    1.2026371161142986,
    1.1572307447592418,
    1.1637443602085114,
    1.1452602545420327,
    1.1522267162799835,
    1.082417607307434,
    1.133372962474823,
    1.1166242857774098,
    1.1425599853197734,
    1.1196047166983285,
    1.1538372933864594,
    1.1967995365460713,
    1.192598948876063,
    1.0977515578269958,
    1.140888919432958,
    1.1530150175094604,
    1.1201957861582437,
    1.1360465586185453,
    1.1639378766218822,
    1.1771344939867654,
    1.1796930134296417,
    1.1520346502463024,
    1.2010048627853394,
    1.1762110888957977,
    1.1896389921506245,
    1.1630164782206216
  ],
  "physics_loss": [
    2.897026538848877,
    2.966196308533351,
    2.2041775186856594,
    1.537764133264621,
    0.4883391459782918,
    0.5287567010770241,
    0.14141061467429003,
    0.0587927665716658,
    0.08770369625805566,
    0.07149526950282355,
    0.027611415910845,
    0.014178490654254954,
    0.027059803328787286,
    0.006774150455991427,
    0.018486040566737454,
    0.008216679930531729,
    0.026045989672032494,
    0.008366798720089717,
    0.013155129679944368,
    0.00683710000400121,
    0.005880659892378995,
    0.004457649736044307,
    0.009009643127986541,
    0.0037436296697705984,
    0.0024745973447958627,
    0.003857862311027323,
    0.0019935128511860967,
    0.0060992312598197405,
    0.0017601323779672384,
    0.0034539406769908965,
    0.0016804150848959884,
    0.004112226840031022,
    0.0022182993610234307,
    0.005367790969709556,
    0.010119164556575317,
    0.004969797776235889,
    0.007941926480270922,
    0.0034126599784940486,
    0.00507185030922604,
    0.001453972120846932,
    0.0017080912463522206,
    0.0012141610592758902,
    0.003847987439561014,
    0.0014508434493715563,
    0.001930193703932067,
    0.00233046409751599,
    0.0016047766742606955,
    0.0019084096517569074,
    0.003255855563717584,
    0.0018671375776951513,
    0.002256137173390016,
    0.002196866883120189,
    0.004081402109780659,
    0.00911155614691476,
    0.0019496490131132305,
    0.014452095221107204,
    0.002591117809060961,
    0.002876770857255906,
    0.004399028878348569,
    0.0029139326652511954,
    0.002320287467834229,
    0.005489442002726718,
    0.001835081318859011,
    0.003236947668483481,
    0.005837220436660573
  ],
  "val_loss": [
    4.438355326652527,
    0.8166687190532684,
    1.7884810268878937,
    0.3758023604750633,
    0.47781360149383545,
    0.35638710856437683,
    0.2802497148513794,
    0.2892475500702858,
    0.30501888692379,
    0.3060314506292343,
    0.302918940782547,
    0.2792573422193527,
    0.2781384289264679,
    0.31580139696598053,
    0.285266637802124,
    0.28409457951784134,
    0.2782188132405281,
    0.27968037873506546,
    0.27963878214359283,
    0.2805919200181961,
    0.280608668923378,
    0.2797768786549568,
    0.278903029859066,
    0.27822185307741165,
    0.27919328957796097,
    0.27879198640584946,
    0.28109367936849594,
    0.2791983038187027,
    0.27787599712610245,
    0.278252437710762,
    0.2799803540110588,
    0.27910536527633667,
    0.29145099967718124,
    0.2804379314184189,
    0.3002573400735855,
    0.27834537625312805,
    0.3149135783314705,
    0.29778432846069336,
    0.2808048278093338,
    0.2784323915839195,
    0.27790355682373047,
    0.2778595834970474,
    0.2778940498828888,
    0.27797435969114304,
    0.27776119112968445,
    0.2802586778998375,
    0.27786239236593246,
    0.2795043960213661,
    0.2789590284228325,
    0.2787119895219803,
    0.2788708731532097,
    0.27802010625600815,
    0.2779894471168518,
    0.2783697843551636,
    0.28962094336748123,
    0.2780916169285774,
    0.2778833657503128,
    0.27809686958789825,
    0.2874024137854576,
    0.2788854315876961,
    0.2798716872930527,
    0.27923791110515594,
    0.27836475521326065,
    0.27788903564214706,
    0.27808860689401627
  ],