{
  "epochs": [
    1,
    2,
    3,
    4,
    5,
    6,
    7,
    8,
    9,
    10,
    11,
    12,
    13,
    14,
    15,
    16,
    17,
    18,
    19,
    20,
    21,
    22,
    23,
    24,
    25,
    26,
    27,
    28,
    29,
    30,
    31,
    32,
    33,
    34,
    35,
    36,
    37,
    38,
    39,
    40,
    41,
    42,
    43,
    44,
    45,
    46,
    47,
    48,
    49,
    50,
    51,
    52,
    53,
    54,
    55,
    56,
    57,
    58,
    59,
    60,
    61,
    62
  ],
  "loss": [
    30777429333.333332,
    7615881712.0,
    4887977344.000001,
    1621186645.3333333,
    1851593413.3333333,
    1883017501.3333333,
    361084254.6666666,
    309783814.0,
    333225183.3333333,
    138998036.6666667,
    165717114.66666666,
    66437292.25,
    102585751.33333334,
    44044277.916666664,
    30086326.791666664,
    46116705.75000001,
    19343149.916666668,
    11491494.104166668,
    5393919.145833334,
    5109807.270833333,
    9638387.250000002,
    5254252.083333333,
    9614021.0625,
    20183004.333333332,
    3160410.0,
    13257267.927083334,
    7598417.999999999,
    18180608.864583332,
    15584872.333333332,
    9898363.791666666,
    19901353.4375,
    3191511.833333333,
    6416236.46875,
    16886203.875,
    9902841.499999998,
    1598448.4791666667,
    4744011.369791667,
    6227405.166666667,
    3311057.46875,
    14747776.479166666,
    3769318.916666667,
    9159866.895833332,
    4876254.276041667,
    3292560.515625,
    22057040.416666668,
    13602733.718750002,
    26567542.666666664,
    16466761.4375,
    48228016.83333333,
    10737945.749999998,
    36735226.3125,
    18194727.291666668,
    11344900.583333334,
    13779598.666666668,
    18764752.208333336,
    6237152.833333333,
    14667760.208333332,
    2409202.7916666665,
    10385380.375,
    11486499.0625,
    20330341.53125,
    8364225.250000001
  ],
  "data_loss": [
    1.0252314706643422,
    0.9991122384866079,
    1.0284118155638378,
    1.0132766167322793,
    1.025111864010493,
    1.0524881879488628,
    1.0298331280549369,
    1.0507650872071583,
    1.023382693529129,
    1.0703971286614737,
    1.0044657389322917,
    1.0620203812917075,
    1.034902056058248,
    1.0516745150089264,
    1.0018394887447357,
    1.0628824830055237,
    1.0440228879451752,
    0.9761733710765839,
    1.0621650218963623,
    1.0233802994092305,
    1.043589065472285,
    1.011501212914785,
    1.0652367075284321,
    1.0177428623040516,
    1.0312169392903645,
    1.069373776515325,
    1.02545432249705,
    1.0573781331380208,
    1.0278875827789307,
    1.0525514284769695,
    1.0710326234499614,
    1.0180283784866333,
    1.0229041576385498,
    1.0391855438550313,
    1.032078425089518,
    1.049069235722224,
    1.0518660446008046,
    1.0225908557573955,
    0.9132334490617116,
    1.06159641345342,
    1.0597542524337769,
    0.9890056749184926,
    1.013816992441813,
    1.028917541106542,
    0.980996052424113,
    0.9986417889595032,
    1.078954557577769,
    1.0088311831156414,
    1.0649363895257316,
    1.0469459891319275,
    1.0551922420660653,
    1.0911484559377034,
    1.0218282540639243,
    1.0152883231639862,
    1.0234457751115165,
    1.0582061608632405,
    1.026557723681132,
    1.06493549545606,
    1.0152949690818787,
    0.9796268343925476,
    1.0492495199044547,
    1.020751525958379
  ],
  "physics_loss": [
    43967756714.666664,
    10879831434.666666,
    6982824832.0,
    2315980992.0,
    2645133429.333333,
    2690025072.0,
    515834669.3333334,
    442548322.6666667,
    476035996.0,
    198568627.33333334,
    236738741.99999997,
    94910420.75,
    146551074.0,
    62920397.166666664,
    42980466.75,
    65881010.83333334,
    27633071.416666664,
    16416419.875000002,
    7705598.4375,
    7299724.375,
    13769124.833333336,
    7506074.166666667,
    13734315.229166666,
    28832862.5,
    4514871.041666667,
    18938954.125000004,
    10854882.666666666,
    25972298.208333336,
    22264103.625000004,
    14140519.166666668,
    28430505.395833336,
    4559302.458333334,
    9166052.0,
    24123147.958333336,
    14146916.624999998,
    2283497.4375,
    6777158.697916667,
    8896292.791666666,
    4730081.75,
    21068252.4375,
    5384740.854166667,
    13085524.166666668,
    6966077.208333334,
    4703657.411458333,
    31510057.625,
    19432477.041666664,
    37953631.87500001,
    23523944.770833336,
    68897166.5,
    15339922.416666668,
    52478894.208333336,
    25992467.916666664,
    16207000.374999998,
    19685140.833333332,
    26806789.25,
    8910218.333333334,
    20953943.249999996,
    3441717.8124999995,
    14836257.208333334,
    16409284.625,
    29043345.729166664,
    11948892.875000002
  ],
  "val_loss": [
    9224057600.0,
    3815771520.0,
    952237904.0,
    490264688.0,
    2476932864.0,
    543104912.0,
    318648352.5,
    96968106.0,
    15857165.5,
    33325115.0,
    50937472.0,
    125249100.0,
    5208829.5,
    28617936.5,
    41752092.75,
    20558608.5,
    21962134.0,
    11082989.25,
    3285902.625,
    138893388.0,
    6872961.609375,
    21273161.0,
    64017723.75,
    5317666.75,
    5454805.625,
    15206822.21875,
    13198895.125,
    10734775.90625,
    4405593.375,
    1133253.15625,
    7189101.25,
    17071928.75,
    4159272.34375,
    14056705.5,
    1862363.75,
    1495772.9375,
    1138107.515625,
    1163695.53125,
    1528132.828125,
    1973085.0625,
    1721433.5,
    810345.3359375,
    2768450.21875,
    3106519.0,
    73892342.0,
    3586774.953125,
    13285033.0,
    48208855.0,
    3380758.5,
    52038065.3125,
    24055437.0,
    2036481.8125,
    20880504.25,
    11019638.25,
    2296712.75,
    4436904.5,
    1463441.84375,
    961098.4375,
    31723613.296875,
    30005747.0,
    4070925.3125,
    7725832.25
  ],
  "val_data_loss": [
    0.06781500577926636,
    0.06781500577926636,
    0.06781500577926636,
    0.06781500577926636,
    0.06781500577926636,
    0.06781500577926636,
    0.06781503558158875,
    0.06781500577926636,
    0.06781503558158875,
    0.06781500577926636,
    0.06781500577926636,
    0.06781503558158875,
    0.06781503558158875,
    0.0678149163722992,
    0.06781494617462158,
    0.06781500577926636,
    0.06781500577926636,
    0.06781494617462158,
    0.06781500577926636,
    0.06781503558158875,
    0.06781500577926636,
    0.06781500577926636,
    0.06781503558158875,
    0.06781500577926636,
    0.06781500577926636,
    0.06781500577926636,
    0.06781497597694397,
    0.06781506538391113,
    0.0678149163722992,
    0.06781500577926636,
    0.06781500577926636,
    0.06781500577926636,
    0.06781503558158875,
    0.06781503558158875,
    0.06781500577926636,
    0.06781500577926636,
    0.06781494617462158,
    0.06781500577926636,
    0.06781500577926636,
    0.06781500577926636,
    0.06781497597694397,
    0.06781500577926636,
    0.06781500577926636,
    0.06781494617462158,
    0.06781500577926636,
    0.06781500577926636,
    0.06781500577926636,
    0.06781500577926636,
    0.06781500577926636,
    0.06781500577926636,
    0.06781500577926636,
    0.06781500577926636,
    0.06781497597694397,
    0.06781500577926636,
    0.06781503558158875,
    0.06781500577926636,
    0.06781500577926636,
    0.06781500577926636,
    0.06781500577926636,
    0.06781500577926636,
    0.06781500577926636,
    0.06781500577926636
  ],