{
  "epochs": [
    1,
    2,
    3,
    4,
    5,
    6,
    7,
    8,
    9,
    10,
    11,
    12,
    13,
    14,
    15,
    16,
    17,
    18,
    19,
    20,
    21,
    22,
    23,
    24,
    25,
    26,
    27,
    28,
    29,
    30,
    31,
    32,
    33,
    34,
    35,
    36,
    37,
    38,
    39,
    40,
    41,
    42,
    43,
    44,
    45,
    46,
    47,
    48,
    49,
    50,
    51,
    52,
    53,
    54,
    55,
    56,
    57,
    58,
    59,
    60,
    61,
    62,
    63,
    64,
    65,
    66,
    67,
    68,
    69,
    70,
    71
  ],
  "loss": [
    16339955157.333334,
    4137351423.9999995,
    3026078336.0,
    1312494940.0,
    1148039349.3333333,
    334628697.3333334,
    234038344.5,
    365999464.6666667,
    210127373.3333333,
    175814248.66666666,
    94871904.0,
    90618856.49999999,
    184469319.33333334,
    68903524.83333333,
    101414820.06249999,
    29290609.333333332,
    35891318.166666664,
    17908919.822916664,
    6360761.5,
    7587115.291666667,
    17404958.5625,
    12229626.333333332,
    8816318.864583334,
    17674943.5,
    11631837.375,
    8023427.354166666,
    4536089.4375,
    3968244.8177083335,
    2472669.609375,
    1339942.1848958335,
    5201569.71875,
    1515150.59375,
    2252411.3020833335,
    1286123.6822916667,
    1052416.5833333335,
    722079.75,
    1891404.9947916667,
    4088891.828125,
    2240198.276041667,
    5411594.291666666,
    3323506.9114583335,
    6155622.651041667,
    10406026.09375,
    7091500.072916666,
    7585534.958333333,
    6531324.03125,
    6122485.520833333,
    2218170.1822916665,
    2275045.5208333335,
    1956978.2239583335,
    1629669.15625,
    1044247.5729166666,
    754953.2317708333,
    619976.5833333334,
    1868454.4544270833,
    744345.7057291666,
    981166.4479166667,
    834595.9713541666,
    1119200.9244791665,
    3037413.1458333335,
    2312906.453125,
    10000576.932291666,
    12799105.291666666,
    6229312.166666666,
    23677733.411458332,
    9024291.71875,
    5401030.895833334,
    2125993.8541666665,
    6701142.645833333,
    6105736.875,
    18293301.440104168
  ],
  "data_loss": [
    1.052358200152715,
    1.0533932248751323,
    1.0358572403589885,
    1.0419890781243641,
    1.0656707088152566,
    0.9361550460259118,
    1.0260954399903615,
    0.985889861981074,
    1.0338663061459858,
    0.9565478414297104,
    1.0584894816080728,
    0.9727668364842732,
    1.0647238691647847,
    1.055815796057383,
    1.0306666990121207,
    1.0619962016741435,
    1.0199471513430278,
    1.0580768585205078,
    1.0380933185418448,
    1.0474333763122559,
    1.0180688897768657,
    1.0158773760000863,
    1.0372675855954487,
    1.0671395460764566,
    0.9597849150498708,
    1.0390978157520294,
    1.0665018558502197,
    1.0609634518623352,
    1.068316400051117,
    1.0369308789571128,
    1.0512155691782632,
    1.00692214568456,
    0.9289253701766331,
    0.9405142863591511,
    1.0555432041486104,
    1.0692341725031536,
    1.0524695912996926,
    0.9605663220087687,
    1.041628857453664,
    1.0489365259806314,
    0.9625403086344401,
    0.7565257847309114,
    1.0625585714975994,
    1.054123302300771,
    1.0284881989161172,
    0.9808673163255056,
    1.013334592183431,
    1.038422703742981,
    1.056040902932485,
    0.9549564123153685,
    1.0515594283739726,
    1.064687192440033,
    0.9427658319473267,
    1.0557207961877186,
    1.058411677678426,
    0.7944559206565222,
    1.0180835127830505,
    1.054838260014852,
    0.953515499830246,
    0.9643062849839528,
    1.025026520093282,
    1.0443052649497986,
    0.933713659644127,
    1.0482235352198281,
    1.056025465329488,
    1.0376177032788594,
    1.0429640710353851,
    1.0436046719551086,
    1.0675455729166667,
    1.0594466626644135,
    0.9424879650274911
  ],
  "physics_loss": [
    23342793173.333332,
    5910502016.0,
    4322969066.666667,
    1874992797.3333333,
    1640056202.6666667,
    478041013.3333334,
    334340498.0,
    522856370.6666666,
    300181966.6666667,
    251163213.3333333,
    135531295.3333333,
    129455508.66666666,
    263527603.83333334,
    98433609.83333333,
    144878313.10416666,
    41843728.666666664,
    51273311.666666664,
    25584171.479166668,
    9086801.666666668,
    10838735.583333332,
    24864226.541666668,
    17470894.625,
    12594740.979166668,
    25249919.0,
    16616910.249999998,
    11462039.0,
    6480127.541666667,
    5668920.750000001,
    3532384.65625,
    1914202.7500000002,
    7430813.479166666,
    2164500.5104166665,
    3217730.0625,
    1837319.15625,
    1503451.8020833335,
    1031542.0572916666,
    2702006.755208333,
    5841273.895833334,
    3200283.020833333,
    7730848.458333334,
    4747866.729166667,
    8793746.270833334,
    14865750.916666664,
    10130714.354166666,
    10836478.375000002,
    9330462.708333334,
    8746407.614583332,
    3168814.114583333,
    3250064.6875,
    2795682.8177083335,
    2328098.4322916665,
    1491781.8020833335,
    1078504.2552083333,
    885680.3958333334,
    2669220.2109375,
    1063350.7135416667,
    1401665.9583333335,
    1192279.4791666667,
    1598858.078125,
    4339161.354166666,
    3304151.614583333,
    14286538.291666666,
    18284436.385416664,
    8899017.1328125,
    33825334.09375,
    12891845.333333332,
    7715757.822916667,
    3037133.5625,
    9573060.875,
    8722480.75,
    26133287.885416668
  ],
  "val_loss": [
    8093565184.0,
    3735048960.0,
    2715507520.0,
    596508224.0,
    274456056.0,
    13457859.0,
    80708214.0,
    60681754.0,
    44598600.0,
    44336860.0,
    58909783.0,
    136806440.0,
    5403026.5,
    22997914.0,
    30718664.0,
    23871909.0,
    10272115.375,
    8391936.5,
    13075529.5,
    822972.8125,
    3113855.0,
    11059796.0,
    345830.765625,
    3246901.1875,
    1338491.6875,
    792856.34375,
    501582.3125,
    6981969.25,
    649308.671875,
    814290.5,
    213040.1171875,
    4477931.125,
    1930751.390625,
    632700.4140625,
    798299.5,
    1935482.046875,
    392014.140625,
    3688385.25,
    1374733.6875,
    468524.2109375,
    3274274.0625,
    1954356.015625,
    512424.6875,
    2359245.75,
    7809194.75,
    11468099.5,
    377261.1328125,
    1457593.875,
    262562.375,
    1307115.5,
    209568.890625,
    282216.5234375,
    242758.296875,
    429895.40625,
    342811.9609375,
    747335.734375,
    2640417.78125,
    760351.640625,
    1183793.0625,
    659310.65625,
    13850200.3125,
    29938390.0,
    633437.6953125,
    479393.75,
    7540601.4375,
    5275368.25,
    652026.34375,
    1379966.5,
    649625.765625,
    11545241.140625,
    1496740.625
  ],