{
  "epochs": [
    1,
    2,
    3,
    4,
    5,
    6,
    7,
    8,
    9,
    10,
    11,
    12,
    13,
    14,
    15,
    16,
    17,
    18,
    19,
    20,
    21,
    22,
    23,
    24,
    25,
    26,
    27,
    28,
    29,
    30,
    31,
    32,
    33,
    34,
    35,
    36,
    37,
    38,
    39,
    40,
    41,
    42,
    43,
    44
  ],
  "loss": [
    2.623502930005391,
    2.9975057492653527,
    1.1204464534918468,
    1.03714020550251,
    1.556404230495294,
    0.5068292121092478,
    0.6476858357588451,
    0.47765394796927774,
    0.36711159348487854,
    0.3723720610141754,
    0.383523886402448,
    0.3493556429942449,
    0.3107980017860731,
    0.31355113039414084,
    0.3011724998553594,
    0.30157529314359033,
    0.30360696713129676,
    0.3176077256600062,
    0.31800437470277154,
    0.3318328410387039,
    0.3126699378093084,
    0.3080115591486295,
    0.32171998421351117,
    0.30700961748758954,
    0.32318644722302753,
    0.31520532071590424,
    0.3221106082201004,
    0.31141910950342816,
    0.3232753078142802,
    0.31472982962926227,
    0.3242397954066594,
    0.30975375076135003,
    0.31943689783414203,
    0.311516672372818,
    0.30907993515332544,
    0.2943678746620814,
    0.3012851228316625,
    0.3138640026251475,
    0.3141974707444509,
    0.3028736064831416,
    0.32121312618255615,
    0.3028636922438939,
    0.3108959545691808,
    0.30968688676754635
  ],
  "data_loss": [
    1.0650709172089894,
    1.0328981975714366,
    1.0621170898278556,
    1.041919320821762,
    1.049511025349299,
    1.0543993612130484,
    1.032350907723109,
    1.052143156528473,
    1.0572594900925953,
    1.0688151617844899,
    1.0610019067923226,
    1.0665383537610371,
    1.0211847027142844,
    1.0296700795491536,
    0.9932399789492289,
    0.9973158240318298,
    1.0057470301787057,
    1.0554410417874653,
    1.054826964934667,
    1.0992681980133057,
    1.0377738773822784,
    1.0225959320863087,
    1.068357060352961,
    1.0187952518463135,
    1.0684997141361237,
    1.045326332251231,
    1.0690017640590668,
    1.034888505935669,
    1.0731315513451893,
    1.0458499987920125,
    1.07682474454244,
    1.0298287570476532,
    1.060224990049998,
    1.0334037343660991,
    1.0268550912539165,
    0.9738392531871795,
    1.0004117488861084,
    1.0348512629667919,
    1.0424065788586934,
    1.0061500370502472,
    1.0657809376716614,
    1.0055486957232158,
    1.0326441129048665,
    1.0296671191851297
  ],
  "physics_loss": [
    3.2914024094740553,
    3.839480278392633,
    1.1454447669287524,
    1.0350920024017494,
    1.7736440861287215,
    0.27215629319349927,
    0.48282937332987785,
    0.23144426775009683,
    0.07133390630284946,
    0.07389641553163528,
    0.09317615193625291,
    0.04199159859369199,
    0.006346540040491769,
    0.006642987039716294,
    0.00457213136057059,
    0.003400763399743786,
    0.0026897762339406954,
    0.001393430905106167,
    0.0022232554329093546,
    0.0029319530973831815,
    0.00191108570046102,
    0.0017611062309394279,
    0.0017326494368414085,
    0.0019586121197789907,
    0.0037664508369440837,
    0.0022962999355513602,
    0.0020143800259878235,
    0.0013607828101764123,
    0.0019083246394681432,
    0.001392604346619919,
    0.0017033738646811496,
    0.0011501711366387706,
    0.0019562648182424405,
    0.0021364932763390243,
    0.0014619927387684584,
    0.003165838696683447,
    0.0016594059707131237,
    0.004869441579406461,
    0.0021078354523827634,
    0.0014694109559059143,
    0.0021126170565063753,
    0.0017129520031933985,
    0.0015752978603510806,
    0.0011239094407452892
  ],
  "val_loss": [
    0.8493184447288513,
    0.7023078054189682,
    0.2919900715351105,
    0.12297981977462769,
    0.08905743435025215,
    0.06773515045642853,
    0.051700659096241,
    0.2935735285282135,
    0.08974631130695343,
    0.051477670669555664,
    0.026903726160526276,
    0.03259111940860748,
    0.024005524814128876,
    0.022613339126110077,
    0.022351287305355072,
    0.021257206797599792,
    0.021300941705703735,
    0.02130293846130371,
    0.02156289666891098,
    0.021607130765914917,
    0.02138940989971161,
    0.022328533232212067,
    0.02122770994901657,
    0.020881831645965576,
    0.022922426462173462,
    0.021364636719226837,
    0.02142912894487381,
    0.021241992712020874,
    0.020931631326675415,
    0.020977303385734558,
    0.02108653634786606,
    0.02140907198190689,
    0.021441735327243805,
    0.021325163543224335,
    0.021132297813892365,
    0.02189727872610092,
    0.023969270288944244,
    0.02210838347673416,
    0.02142251282930374,
    0.02107734978199005,
    0.02142328768968582,
    0.020924612879753113,
    0.020887859165668488,
    0.02097199857234955
  ],
  "val_data_loss": [
    0.06781500577926636,
    0.06781494617462158,
    0.06781500577926636,
    0.06781494617462158,
    0.0678149163722992,
    0.06781500577926636,
    0.06781494617462158,
    0.06781500577926636,
    0.06781500577926636,
    0.06781494617462158,
    0.06781497597694397,
    0.06781500577926636,
    0.0678149163722992,
    0.06781494617462158,
    0.06781500577926636,
    0.0678149163722992,
    0.06781494617462158,
    0.06781500577926636,
    0.06781497597694397,
    0.06781497597694397,
    0.06781500577926636,
    0.06781497597694397,
    0.06781500577926636,
    0.06781494617462158,
    0.06781503558158875,
    0.06781500577926636,
    0.06781497597694397,
    0.06781500577926636,
    0.06781500577926636,
    0.06781494617462158,
    0.06781500577926636,
    0.06781500577926636,
    0.06781500577926636,
    0.06781500577926636,
    0.06781500577926636,
    0.06781500577926636,
    0.06781500577926636,
    0.06781497597694397,
    0.0678149163722992,
    0.06781500577926636,
    0.06781503558158875,
    0.06781500577926636,
    0.06781500577926636,
    0.06781500577926636
  ],
  "val_physics_loss": [
    1.1842485070228577,
    0.9742333292961121,
    0.3880650997161865,
    0.14662191038951278,
    0.09816136583685875,
    0.06770092528313398,
    0.0447945361956954,
    0.39032719284296036,
    0.09914543014019728,
    0.044475989416241646,
    0.009370333049446344,
    0.01749517023563385,
    0.005230071023106575,
    0.003241221886128187,
    0.002866839640773833,
    0.001303908124100417,
    0.0013663702993653715,
    0.0013691933709196746,
    0.0017405786202289164,
    0.0018037628033198416,
    0.0014927255979273468,
    0.0028343369194772094,
    0.001261720375623554,
    0.0007676428940612823,
    0.0036827242583967745,
    0.0014573339140042663,
    0.0015494826366193593,
    0.0012821254786103964,
    0.0008387568814214319,
    0.0009040330478455871,
    0.0010600442183203995,
    0.0015208162367343903,
    0.0015674739552196115,
    0.0014009446313139051,
    0.0011254222481511533,
    0.002218249544966966,
    0.005178235005587339,
    0.0025198408402502537,
    0.001540047989692539,
    0.0010469152184668928,
    0.0015411001513712108,
    0.0008287267701234668,
    0.0007762231398373842,
    0.0008964167791418731
  ],