{
  "epochs": [
    1,
    2,
    3,
    4,
    5,
    6,
    7,
    8,
    9,
    10,
    11,
    12,
    13,
    14,
    15,
    16,
    17,
    18,
    19,
    20,
    21,
    22,
    23,
    24,
    25,
    26,
    27,
    28,
    29,
    30,
    31,
    32,
    33,
    34,
    35,
    36,
    37,
    38,
    39,
    40,
    41,
    42,
    43,
    44,
    45,
    46,
    47,
    48,
    49,
    50,
    51,
    52,
    53,
    54,
    55,
    56
  ],
  "loss": [
    8.201131105422974,
    4.919350564479827,
    2.7082900206247964,
    0.8953768412272135,
    0.9299134065707524,
    0.49067410826683044,
    0.4981883565584819,
    0.3851824303468068,
    0.35962347686290747,
    0.3433902859687805,
    0.35745893418788915,
    0.33908777932325995,
    0.3366540769735972,
    0.3340620497862498,
    0.3223094443480174,
    0.27084106020629406,
    0.3141716221968333,
    0.3516531487305959,
    0.3217459370692571,
    0.32182760039965314,
    0.3365386525789897,
    0.3257995744546255,
    0.3265522966782252,
    0.3249574999014536,
    0.3259821732838949,
    0.32244856655597687,
    0.2857965516547362,
    0.31327041983604437,
    0.32713336745897925,
    0.29817426204681396,
    0.2879970942934354,
    0.32561998069286346,
    0.32044811050097144,
    0.31862489879131317,
    0.3142399887243907,
    0.31701793769995373,
    0.30317965149879456,
    0.320999801158905,
    0.3173428078492483,
    0.30758907149235404,
    0.3263684610525767,
    0.32394701739152276,
    0.30931780984004337,
    0.32093970974286395,
    0.29365545759598416,
    0.3192734917004903,
    0.31927224000295,
    0.32277606924374896,
    0.3249080628156662,
    0.3210812211036682,
    0.2940911625822385,
    0.31399253010749817,
    0.31642665465672815,
    0.3251047929128011,
    0.26716772715250653,
    0.31708370645840966
  ],
  "data_loss": [
    1.0475363930066428,
    1.061061362425486,
    1.038811465104421,
    1.0588303605715434,
    1.0424029231071472,
    1.0530540843804679,
    1.0100361307462058,
    1.0351866483688354,
    1.0496070683002472,
    1.0645457307497659,
    1.061739424864451,
    1.0425020356973012,
    1.0277591149012246,
    1.0605795184771218,
    1.0525998969872794,
    0.8895922331139445,
    1.037715623776118,
    1.0341006716092427,
    1.0614331563313801,
    1.0464460055033367,
    1.0349501272042592,
    1.0595963795979817,
    1.048550009727478,
    1.0456289052963257,
    1.0464501082897186,
    1.042240063349406,
    0.9213640143473942,
    1.0400104622046153,
    1.0593621333440144,
    0.973892753322919,
    0.9478670954704286,
    1.060438056786855,
    1.0580716133117676,
    1.0468645294507346,
    1.0376663506031036,
    1.052509844303131,
    1.0026943882306416,
    1.0511360367139182,
    1.0338023801644642,
    1.0159991383552551,
    1.0556695461273193,
    1.0640100638071697,
    1.008189618587494,
    1.054125189781189,
    0.9629706094662348,
    1.0501651167869568,
    1.0533905327320099,
    1.049181620279948,
    1.0551457007726033,
    1.053930640220642,
    0.9720969200134277,
    1.0365735789140067,
    1.0488294760386148,
    1.0613062977790833,
    0.8661368687947592,
    1.0442765355110168
  ],
  "physics_loss": [
    11.26695724328359,
    6.572903076807659,
    3.423780750483274,
    0.82532533009847,
    0.8817035754521687,
    0.24965412293871247,
    0.2788250235219797,
    0.10660917063554129,
    0.06391621318956217,
    0.03432364761829376,
    0.05562442851563296,
    0.037624513264745474,
    0.04046619101427496,
    0.022697396304768823,
    0.009327818872407079,
    0.005661976058036089,
    0.0040813245965788765,
    0.05917562887771055,
    0.004737119287407646,
    0.011276836157776415,
    0.03721942779763292,
    0.0113152083940804,
    0.01712468452751637,
    0.016098299684623875,
    0.01721018630390366,
    0.013966487177337209,
    0.013410479955685634,
    0.0018103801800558965,
    0.013321023085154593,
    0.008580607362091541,
    0.0051956434423724804,
    0.01069793892869105,
    0.004323732534733912,
    0.006522175661909083,
    0.004200096203324695,
    0.0018070933292619884,
    0.003387614250338326,
    0.008084248809609562,
    0.010288692719768733,
    0.0039847324369475245,
    0.013810841609180594,
    0.00677713598512734,
    0.009801298670936376,
    0.006717337508841108,
    0.006806081587759158,
    0.006034205822894971,
    0.004650106265520057,
    0.011459385704559585,
    0.011949053984911492,
    0.007002878080432614,
    0.003517254275114586,
    0.004314926317116866,
    0.002539715050564458,
    0.009589846439970037,
    0.010466652146230142,
    0.005429617847160746
  ],
  "val_loss": [
    5.703244216740131,
    1.5313437581062317,
    2.920795187354088,
    0.49380701780319214,
    0.44245386123657227,
    0.3141239881515503,
    0.20507822185754776,
    0.3107050210237503,
    0.23109537363052368,
    0.21960583329200745,
    0.16334368288516998,
    0.15606868639588356,
    0.15443436801433563,
    0.15473514050245285,
    0.15856869891285896,
    0.1538163274526596,
    0.1618574745953083,
    0.15279534459114075,
    0.16268574073910713,
    0.21024055033922195,
    0.15368441492319107,
    0.15649985522031784,
    0.17085395380854607,
    0.16129251942038536,
    0.1536211557686329,
    0.15399087220430374,
    0.15865837037563324,
    0.15487322211265564,
    0.15263307467103004,
    0.1542670875787735,
    0.15506906807422638,
    0.15492023527622223,
    0.15620139986276627,
    0.1609995886683464,
    0.1532166376709938,
    0.15256794542074203,
    0.15476159378886223,
    0.15331079810857773,
    0.15280824899673462,
    0.15861645713448524,
    0.1537848822772503,
    0.15678901225328445,
    0.15494387596845627,
    0.15565138682723045,
    0.15469001978635788,
    0.15692704916000366,
    0.1565161943435669,
    0.15352435782551765,
    0.15335287898778915,
    0.1526160016655922,
    0.15411284193396568,
    0.15261758118867874,
    0.15261342748999596,
    0.15660442039370537,
    0.15300804749131203,
    0.1587911769747734
  ],
  "val_data_loss": [
    0.5058272927999496,
    0.5058272331953049,
    0.5058272927999496,
    0.5058274120092392,
    0.505827859044075,
    0.5058274567127228,
    0.505827322602272,
    0.5058273524045944,
    0.5058273375034332,
    0.5058272480964661,
    0.505827322602272,
    0.5058272927999496,
    0.5058272629976273,
    0.5058272629976273,
    0.5058272480964661,
    0.505827322602272,
    0.505827322602272,
    0.5058272927999496,
    0.5058272927999496,
    0.5058272927999496,
    0.5058272331953049,
    0.5058272927999496,
    0.5058272927999496,
    0.5058272927999496,
    0.5058272331953049,
    0.5058273524045944,
    0.5058272927999496,
    0.5058272927999496,
    0.5058272331953049,
    0.5058272927999496,
    0.5058272331953049,
    0.505827322602272,
    0.5058272927999496,
    0.5058272629976273,
    0.5058272629976273,
    0.5058272927999496,
    0.5058272331953049,
    0.5058272927999496,
    0.5058272331953049,
    0.5058272629976273,
    0.5058272331953049,
    0.5058272927999496,
    0.5058272927999496,
    0.5058272927999496,
    0.5058272331953049,
    0.5058272927999496,
    0.505827322602272,
    0.5058272927999496,
    0.5058272331953049,
    0.5058272927999496,
    0.5058272927999496,
    0.505827322602272,
    0.5058272927999496,
    0.5058272331953049,
    0.5058272331953049,
    0.5058272331953049
  ],