{
  "epochs": [
    1,
    2,
    3,
    4,
    5,
    6,
    7,
    8,
    9,
    10,
    11,
    12,
    13,
    14,
    15,
    16,
    17,
    18,
    19,
    20,
    21,
    22,
    23,
    24,
    25,
    26,
    27,
    28,
    29,
    30,
    31,
    32,
    33,
    34,
    35,
    36,
    37,
    38,
    39,
    40,
    41,
    42,
    43,
    44,
    45,
    46,
    47,
    48,
    49,
    50,
    51,
    52,
    53,
    54,
    55,
    56,
    57,
    58,
    59,
    60,
    61,
    62,
    63,
    64,
    65,
    66,
    67
  ],
  "loss": [
    3.637989560763041,
    3.20769952237606,
    1.467893401781718,
    0.9080353528261185,
    0.6236296246449152,
    0.3944754799207052,
    0.3730089813470841,
    0.347789317369461,
    0.43039949735005695,
    0.3456967944900195,
    0.403349036971728,
    0.2576425199707349,
    0.3193761507670085,
    0.33125615616639453,
    0.3336487064758937,
    0.32758981982866925,
    0.2990735073884328,
    0.3309028645356496,
    0.3267903427282969,
    0.3201448967059453,
    0.33729079365730286,
    0.31659461557865143,
    0.3094615042209626,
    0.3321316887935003,
    0.3406540205081304,
    0.2765769883990288,
    0.3495698720216751,
    0.3186396410067876,
    0.34938211739063263,
    0.31909020245075226,
    0.3248207320769628,
    0.33147757748762763,
    0.2644455035527547,
    0.32779785990715027,
    0.31221063435077673,
    0.3237857023874919,
    0.31726941963036853,
    0.3093130737543106,
    0.31623195856809616,
    0.3232868512471517,
    0.31888937453428906,
    0.31931282579898834,
    0.3220100601514181,
    0.28272984176874166,
    0.29467296103636426,
    0.31444548070430756,
    0.3258526225884755,
    0.3259949982166291,
    0.30778174102306366,
    0.31122055649757385,
    0.3252185136079788,
    0.3073163479566574,
    0.28719608858227735,
    0.29184431582689285,
    0.3208924680948258,
    0.31781532367070514,
    0.3024296214183172,
    0.32978832721710205,
    0.3253687073787053,
    0.318109060327212,
    0.2960935135682424,
    0.32292336225509644,
    0.31831390659014386,
    0.3199436217546463,
    0.3195094366868337,
    0.32108862201372784,
    0.3006842906276385
  ],
  "data_loss": [
    1.0560372869173686,
    1.0358579456806183,
    1.030106991529465,
    1.0484765768051147,
    0.9623747964700062,
    1.0291286011536915,
    1.053840478261312,
    1.0327638983726501,
    1.0551544030507407,
    0.7978571852048238,
    1.0451612671216328,
    0.75071182847023,
    0.9169738690058389,
    1.0518959164619446,
    1.0469780564308167,
    1.057909498612086,
    0.9652050634225209,
    1.054221361875534,
    1.0654579599698384,
    1.0582850376764932,
    1.050537685553233,
    0.9831328690052032,
    0.9977714916070303,
    1.0251316527525585,
    1.0469367702802022,
    0.876400406161944,
    1.0457042654355369,
    1.0265905062357583,
    1.054020990928014,
    0.9755706588427226,
    1.0597515503565471,
    1.0629955927530923,
    0.8638880153497059,
    1.0596671899159749,
    1.029076486825943,
    1.0550496180852253,
    1.0433986683686576,
    1.0239681899547577,
    1.0150281488895416,
    1.062233050664266,
    1.046560953060786,
    1.0517823100090027,
    1.059801141421,
    0.9344249069690703,
    0.9727406799793243,
    1.03690501054128,
    1.0575504104296367,
    1.0560277501742046,
    1.0100699365139008,
    1.010273277759552,
    1.038189172744751,
    1.0089685718218486,
    0.9234581440687178,
    0.9487569431463878,
    1.0454261302947998,
    1.0505035022894542,
    0.9666070838769278,
    1.0604698657989502,
    1.061745822429657,
    1.0472722053527832,
    0.9677062034606934,
    1.0589447220166526,
    1.036770651737849,
    1.0569066206614177,
    1.0550247728824615,
    1.0618347724278767,
    0.9949933191140494
  ],
  "physics_loss": [
    4.744540770848592,
    4.13848880554239,
    1.655516157547633,
    0.8478462429096302,
    0.4784531096617381,
    0.12248125175635019,
    0.08122403624777992,
    0.05422876449301839,
    0.16264739353209734,
    0.15191376705964404,
    0.12828662401686114,
    0.04632709361612797,
    0.06326282645265262,
    0.022410537038619317,
    0.02793611151476701,
    0.014595663795868557,
    0.013588544718610743,
    0.020909204419391852,
    0.01021847870045652,
    0.0037991101659523947,
    0.031613541378950075,
    0.03093535049508015,
    0.014471493118132155,
    0.03513168741483241,
    0.037961392469393715,
    0.01950979814864695,
    0.05122654031341275,
    0.015232112860151876,
    0.047394014856157206,
    0.03774142222634206,
    0.0098503587845092,
    0.017969853496955086,
    0.007541555620264262,
    0.014139564572057377,
    0.0049823923424507175,
    0.010386863995033005,
    0.006071165883137534,
    0.0030322983899774654,
    0.016747857987259824,
    0.006595607361911485,
    0.007030104849642764,
    0.005397318784768382,
    0.005813873722217976,
    0.0034319388020473225,
    0.004072491254191846,
    0.004819949953040729,
    0.012267839066529024,
    0.013123809592798352,
    0.006801064339621613,
    0.011626504031786075,
    0.019659638210820653,
    0.006608240752636144,
    0.014512341023267556,
    0.010310309473425152,
    0.01037803936439256,
    0.003806089225690812,
    0.017782115590913843,
    0.016639080015011132,
    0.00977849909880509,
    0.005610544700175525,
    0.008259492189002533,
    0.007485610762766251,
    0.010403856363457939,
    0.004102317034266889,
    0.004288571033005913,
    0.0036259808694012467,
    0.0031232603165941937
  ],
  "val_loss": [
    0.3125372529029846,
    1.1964676678180695,
    0.7786630392074585,
    0.6506005525588989,
    0.19669493287801743,
    0.17201806604862213,
    0.16389410942792892,
    0.19562044367194176,
    0.30364546552300453,
    0.15450019389390945,
    0.24652612209320068,
    0.17138858884572983,
    0.15872937813401222,
    0.16421451419591904,
    0.15451230481266975,
    0.18183325976133347,
    0.15992366895079613,
    0.16776376590132713,
    0.25882159918546677,
    0.18782495707273483,
    0.15339455381035805,
    0.18136876821517944,
    0.15580451115965843,
    0.17803623527288437,
    0.15416249260306358,
    0.15720856189727783,
    0.15761050209403038,
    0.20231597870588303,
    0.1593323014676571,
    0.1556389182806015,
    0.16869421303272247,
    0.15348035097122192,
    0.1526726745069027,
    0.15261905267834663,
    0.1541905216872692,
    0.15283752605319023,
    0.16032994538545609,
    0.15705794468522072,
    0.15787331014871597,
    0.1546792909502983,
    0.15436597913503647,
    0.158345527946949,
    0.15299037843942642,
    0.1581478789448738,
    0.15474964305758476,
    0.1682445928454399,
    0.15251600369811058,
    0.15290793403983116,
    0.16199999675154686,
    0.15422598272562027,
    0.15929414704442024,
    0.15448228269815445,
    0.154785368591547,
    0.1565859690308571,
    0.15570144727826118,
    0.15693067014217377,
    0.1671443097293377,
    0.15336079522967339,
    0.1561066322028637,
    0.1538706161081791,
    0.154302716255188,
    0.1536487191915512,
    0.15472539886832237,
    0.1543487273156643,
    0.1532406285405159,
    0.15397996827960014,
    0.15490753948688507
  ],